Policy_ID,Customer_Name,Age,Gender,State,Policy_Type,Annual_Premium,Risk_Score,Tenure_Months,Churned,Claim_Filed,Claim_Amount,Digital_User
POL100000,William Johnson,56,Male,IL,Auto,1562.8,66,104,0,0,0,1
POL100001,John Wilson,69,Male,PA,Life,3347.21,22,105,0,1,5794.76,0
POL100002,David Brown,46,Male,OH,Home,3386.93,56,18,1,0,0,1
POL100003,Emily Williams,32,Female,NY,Life,2362.73,96,35,1,1,14653.79,0
POL100004,Karen Johnson,60,Male,GA,Home,3285.98,71,113,1,1,10836.37,0
POL100005,William Wilson,25,Female,PA,Life,2782.56,63,52,0,0,0,1
POL100006,Robert Johnson,38,Male,IL,Auto,2140.58,38,15,0,1,8432.87,1
POL100007,Lisa Miller,56,Female,NY,Auto,1040.92,31,63,1,0,0,1
POL100008,John Smith,75,Male,MI,Life,1875.79,74,53,0,0,0,0
POL100009,Jane Brown,36,Male,CA,Home,2182.62,38,91,0,0,0,1
POL100010,Emily Rodriguez,40,Female,PA,Auto,3091.88,57,81,1,0,0,0
POL100011,Lisa Smith,28,Female,NY,Life,1944,14,104,0,0,0,1
POL100012,Robert Brown,28,Female,NC,Home,3193.02,44,66,0,0,0,1
POL100013,Karen Lopez,41,Female,OH,Home,2523.05,83,113,0,1,23310.48,1
POL100014,Karen Rodriguez,70,Female,FL,Auto,911,92,114,1,0,0,1
POL100015,James Brown,53,Female,TX,Home,3484.94,80,31,1,0,0,0
POL100016,Jessica Martinez,57,Female,CA,Home,2081.7,55,61,1,0,0,1
POL100017,David Smith,41,Female,NC,Home,1675.57,44,64,0,0,0,0
POL100018,Joseph Williams,20,Female,CA,Life,2477.34,54,101,0,1,14304.02,1
POL100019,Karen Miller,39,Female,TX,Home,826.68,22,105,1,1,3130.32,0
POL100020,Sarah Jones,70,Male,TX,Home,2409.62,19,105,0,0,0,0
POL100021,Michael Brown,19,Female,GA,Auto,1994.71,75,98,0,0,0,1
POL100022,Joseph Garcia,41,Male,OH,Auto,1720.02,79,34,0,0,0,0
POL100023,Jane Johnson,61,Male,IL,Life,3359.06,81,115,1,0,0,1
POL100024,James Johnson,47,Female,PA,Home,2067.62,34,55,0,1,13619.26,0
POL100025,Sarah Garcia,55,Female,GA,Auto,1157.35,53,59,0,0,0,1
POL100026,Lisa Jones,19,Female,MI,Life,1876.89,69,3,1,0,0,1
POL100027,Joseph Smith,38,Male,FL,Home,3258.16,56,17,0,0,0,1
POL100028,Karen Davis,50,Male,NC,Home,1028.29,49,78,0,1,3305.14,0
POL100029,Robert Johnson,29,Male,MI,Life,1141.87,16,78,0,0,0,0
POL100030,James Johnson,75,Male,GA,Auto,539.09,55,46,0,0,0,0
POL100031,Robert Jones,39,Male,NY,Life,542.57,32,38,1,1,1156.96,1
POL100032,Nancy Lopez,61,Male,CA,Auto,2988.17,92,35,1,0,0,0
POL100033,Lisa Garcia,42,Female,PA,Home,2696.37,55,1,1,1,4523.71,0
POL100034,Lisa Brown,66,Male,PA,Auto,1565.12,95,112,0,0,0,1
POL100035,Karen Johnson,44,Male,NY,Life,2594.93,22,29,0,0,0,0
POL100036,John Lopez,59,Female,TX,Auto,1685.62,30,4,0,0,0,1
POL100037,Emily Jones,45,Female,MI,Life,3358.69,10,61,0,0,0,0
POL100038,Jane Brown,33,Male,CA,Home,3401.16,28,97,0,1,32610.31,1
POL100039,Nancy Johnson,32,Female,OH,Life,1678.38,69,17,1,0,0,1
POL100040,James Jones,64,Male,NC,Life,3062.67,42,28,1,0,0,1
POL100041,Jessica Lopez,68,Male,CA,Home,2819.27,13,50,0,0,0,0
POL100042,Nancy Garcia,61,Female,PA,Home,1430,12,90,0,0,0,1
POL100043,Michael Garcia,72,Female,IL,Auto,1196.12,61,8,0,0,0,0
POL100044,Sarah Brown,69,Male,OH,Auto,1874.7,37,34,0,1,14358.69,1
POL100045,William Jones,74,Female,OH,Life,2844.05,79,59,1,0,0,0
POL100046,Karen Lopez,20,Female,NY,Life,3380.5,79,18,1,0,0,1
POL100047,William Johnson,54,Female,TX,Life,2790.74,64,95,0,0,0,0
POL100048,Lisa Lopez,68,Female,IL,Auto,3065.62,66,59,0,0,0,0
POL100049,Michael Rodriguez,24,Female,CA,Home,2309.19,96,27,1,0,0,1
POL100050,Karen Brown,38,Male,OH,Auto,3006.22,25,16,0,0,0,1
POL100051,Michael Davis,26,Male,CA,Home,2853.26,33,10,1,0,0,1
POL100052,James Jones,56,Female,FL,Life,1630.96,78,104,0,1,13536.25,0
POL100053,William Wilson,35,Male,MI,Life,2155.97,50,76,1,0,0,1
POL100054,Robert Brown,21,Female,IL,Life,2914.26,86,22,0,1,57339.82,0
POL100055,William Garcia,42,Female,IL,Home,638.17,56,16,1,0,0,1
POL100056,Nancy Smith,31,Female,MI,Auto,2924.24,85,12,1,1,55085.92,0
POL100057,Emily Smith,67,Female,NC,Auto,1033.66,78,75,1,1,8025.09,1
POL100058,Joseph Garcia,75,Female,NC,Auto,2044.05,40,84,1,1,15123.7,0
POL100059,James Jones,26,Female,FL,Auto,2924.83,39,51,0,0,0,1
POL100060,Jane Brown,43,Male,NY,Home,1261.46,27,1,1,1,5504.03,1
POL100061,Lisa Wilson,70,Male,PA,Auto,1237.42,53,27,0,0,0,0
POL100062,Sarah Brown,19,Male,MI,Auto,1708.29,36,67,0,0,0,0
POL100063,William Davis,37,Female,GA,Auto,3183.93,35,12,0,1,7590.96,0
POL100064,James Lopez,45,Male,FL,Home,501.33,69,30,0,0,0,1
POL100065,Jessica Williams,64,Female,OH,Home,3204.15,27,9,0,1,20431.72,0
POL100066,David Williams,24,Female,IL,Life,961.42,98,53,1,0,0,1
POL100067,Emily Wilson,61,Male,TX,Auto,3470.26,65,61,1,0,0,0
POL100068,Robert Rodriguez,25,Female,IL,Auto,3364.54,40,54,0,0,0,1
POL100069,David Wilson,64,Female,NC,Home,1984.03,68,37,1,0,0,1
POL100070,Lisa Miller,52,Female,NY,Home,2038.16,11,65,0,0,0,1
POL100071,Lisa Miller,31,Male,MI,Auto,1944.65,48,42,0,1,12442.17,1
POL100072,Sarah Brown,34,Female,OH,Home,2406.33,70,49,1,0,0,1
POL100073,Michael Rodriguez,53,Female,TX,Life,772.17,72,4,1,0,0,0
POL100074,Jessica Johnson,67,Female,IL,Auto,597.85,27,64,1,0,0,1
POL100075,Joseph Smith,57,Male,IL,Home,673.11,26,79,0,0,0,0
POL100076,Nancy Johnson,21,Male,NY,Auto,1833.1,48,51,0,1,17586.79,1
POL100077,Michael Lopez,19,Female,OH,Auto,1326.64,80,91,0,0,0,0
POL100078,Michael Lopez,23,Female,FL,Auto,2366.12,63,72,1,0,0,1
POL100079,James Martinez,71,Female,NY,Life,3477.33,85,60,0,1,18297.2,1
POL100080,Jane Miller,59,Female,OH,Auto,1658.97,44,87,0,0,0,1
POL100081,James Martinez,21,Female,TX,Auto,2221.52,20,79,0,0,0,1
POL100082,Jessica Rodriguez,71,Female,IL,Life,1746.81,70,91,0,0,0,1
POL100083,David Rodriguez,46,Female,IL,Auto,3041.82,53,31,1,0,0,1
POL100084,Nancy Smith,35,Male,GA,Auto,3206.71,77,103,0,0,0,1
POL100085,William Wilson,43,Male,MI,Home,3132.07,34,111,1,0,0,0
POL100086,Jane Lopez,61,Male,PA,Auto,3423.12,57,72,1,1,25234.78,0
POL100087,Robert Jones,51,Male,CA,Auto,582.56,41,94,1,0,0,1
POL100088,Joseph Lopez,27,Female,FL,Home,3019.45,93,58,1,0,0,1
POL100089,Sarah Johnson,53,Female,FL,Auto,2755.32,13,119,0,0,0,0
POL100090,David Miller,31,Male,NY,Life,1186.08,47,106,0,1,7575.79,1
POL100091,Michael Davis,48,Female,PA,Life,3368.96,72,82,1,0,0,1
POL100092,John Wilson,65,Female,FL,Home,944.53,56,4,1,0,0,0
POL100093,Karen Jones,32,Male,CA,Auto,2538.65,10,111,0,1,7622.2,1
POL100094,Robert Williams,25,Female,MI,Home,1174.67,12,107,0,0,0,1
POL100095,Robert Johnson,31,Female,IL,Home,1794.14,95,22,0,1,11720.3,0
POL100096,Nancy Lopez,40,Female,MI,Life,2657.48,71,3,1,0,0,1
POL100097,David Lopez,74,Female,GA,Life,2189.97,73,79,1,0,0,0
POL100098,Robert Martinez,57,Female,MI,Home,1782.51,26,99,0,0,0,1
POL100099,Emily Williams,38,Male,OH,Home,1479.02,87,47,1,0,0,1
POL100100,Sarah Williams,33,Male,MI,Auto,3018.98,71,38,1,0,0,1
POL100101,Robert Rodriguez,62,Male,PA,Auto,931.44,44,33,0,0,0,1
POL100102,John Martinez,35,Male,NC,Auto,1790.31,22,78,0,1,10904.76,1
POL100103,Sarah Davis,64,Female,OH,Home,3211.27,44,48,1,0,0,1
POL100104,John Johnson,70,Male,GA,Auto,3037.55,52,65,0,1,17308.57,0
POL100105,Sarah Jones,41,Male,NC,Life,1702.83,11,117,0,0,0,0
POL100106,Emily Smith,43,Female,NY,Life,2789.33,65,113,0,1,16356.9,1
POL100107,Emily Martinez,42,Male,PA,Home,2969.48,86,26,1,1,17186.74,1
POL100108,Jane Johnson,62,Female,PA,Home,3166.66,60,8,1,1,17225.24,0
POL100109,Karen Davis,58,Male,PA,Home,2133.52,63,50,1,0,0,0
POL100110,Nancy Johnson,46,Male,PA,Life,1113.38,25,80,0,0,0,1
POL100111,Joseph Rodriguez,32,Female,GA,Auto,1265.93,27,38,0,0,0,1
POL100112,Joseph Williams,62,Male,TX,Life,1387.08,16,10,0,0,0,1
POL100113,Michael Lopez,18,Female,GA,Auto,2281.41,54,42,0,0,0,1
POL100114,Jessica Rodriguez,42,Female,GA,Life,598.43,45,37,0,0,0,1
POL100115,Michael Jones,24,Female,FL,Home,2408.13,50,26,1,0,0,1
POL100116,Robert Martinez,26,Female,NC,Auto,1593.06,51,92,1,0,0,1
POL100117,James Brown,41,Male,TX,Auto,1385.73,16,12,0,0,0,0
POL100118,Robert Wilson,18,Female,OH,Home,3138.49,24,84,0,0,0,1
POL100119,Karen Brown,61,Male,IL,Home,1880.01,69,49,0,0,0,1
POL100120,Karen Jones,25,Female,OH,Life,785.16,49,14,0,0,0,0
POL100121,James Lopez,41,Female,NY,Auto,2980.24,92,46,1,1,39625.59,1
POL100122,William Garcia,28,Female,MI,Auto,642.92,46,35,0,0,0,1
POL100123,Jessica Rodriguez,68,Female,CA,Home,2680.25,75,29,0,1,15171.07,0
POL100124,Jessica Johnson,34,Male,GA,Home,2821.72,64,12,1,0,0,0
POL100125,Emily Brown,25,Female,NC,Home,1557.81,86,116,1,1,8807.6,0
POL100126,Jane Garcia,52,Male,PA,Auto,2974.36,89,82,0,0,0,0
POL100127,John Martinez,52,Male,CA,Auto,2046.98,65,44,1,0,0,1
POL100128,Robert Brown,50,Female,FL,Home,1889.88,53,66,0,1,4080.06,1
POL100129,Lisa Brown,22,Female,NC,Auto,636.21,66,2,1,1,1985.98,1
POL100130,John Johnson,59,Female,PA,Life,1370.09,15,59,0,0,0,0
POL100131,Karen Lopez,56,Male,IL,Home,3293.03,41,17,1,1,13923.81,1
POL100132,John Brown,75,Female,IL,Auto,1675.47,83,10,1,0,0,0
POL100133,Jane Smith,58,Female,PA,Home,2140.1,27,18,1,0,0,0
POL100134,Nancy Garcia,45,Female,GA,Home,2096.07,77,22,1,1,10615.44,1
POL100135,Jane Rodriguez,24,Male,GA,Life,2271.29,82,83,1,0,0,1
POL100136,Emily Jones,26,Female,NY,Auto,683.99,16,58,0,0,0,0
POL100137,William Davis,25,Male,TX,Auto,1586.53,17,53,1,0,0,1
POL100138,Emily Rodriguez,29,Male,MI,Home,2669.38,73,1,0,0,0,1
POL100139,Michael Wilson,51,Female,MI,Life,1101.68,16,88,0,0,0,1
POL100140,Lisa Martinez,50,Female,TX,Home,1110.74,50,61,1,0,0,1
POL100141,Jessica Brown,65,Male,MI,Life,530.27,49,100,1,1,3472.46,1
POL100142,Joseph Davis,72,Female,PA,Life,1812.45,12,89,0,0,0,0
POL100143,Joseph Miller,40,Female,MI,Auto,3148.2,26,100,0,0,0,1
POL100144,Emily Johnson,41,Male,OH,Auto,655.7,75,31,1,1,5795.36,0
POL100145,Jane Lopez,54,Male,OH,Auto,1073.36,88,31,1,0,0,1
POL100146,James Garcia,52,Male,NY,Auto,1430.25,61,66,1,1,4080.36,1
POL100147,James Miller,61,Female,IL,Auto,2695.17,31,19,0,1,4388.41,1
POL100148,Jessica Wilson,57,Female,NC,Life,2421.91,13,53,0,0,0,1
POL100149,John Lopez,39,Male,GA,Auto,1747.83,15,76,0,0,0,1
POL100150,William Lopez,44,Female,FL,Home,2777.21,47,74,0,0,0,1
POL100151,Jane Smith,52,Female,OH,Life,2328.89,35,95,0,0,0,0
POL100152,James Wilson,18,Male,NC,Life,3188.12,20,109,0,0,0,1
POL100153,Sarah Johnson,52,Female,TX,Auto,2954.08,99,22,1,0,0,0
POL100154,Emily Brown,54,Male,OH,Auto,1258.44,26,23,1,0,0,0
POL100155,Emily Rodriguez,64,Female,MI,Life,1314.32,97,116,0,0,0,0
POL100156,Jessica Williams,31,Female,CA,Auto,876.07,40,87,0,0,0,0
POL100157,James Williams,20,Female,CA,Home,1510.89,86,15,0,0,0,1
POL100158,David Davis,18,Female,OH,Life,3498.63,44,26,0,0,0,1
POL100159,Emily Johnson,22,Male,FL,Home,1717.25,25,3,0,0,0,1
POL100160,Jessica Rodriguez,43,Female,FL,Auto,1161.47,88,87,1,0,0,1
POL100161,Jane Smith,72,Female,CA,Life,2787.45,27,20,0,1,14825.1,0
POL100162,William Rodriguez,31,Female,MI,Life,2127.41,71,109,0,1,11004.83,1
POL100163,Nancy Smith,56,Female,IL,Home,948.8,36,40,1,0,0,1
POL100164,Jane Brown,44,Male,TX,Life,1642.07,44,39,0,0,0,0
POL100165,Michael Miller,26,Male,TX,Home,1743.41,54,72,1,0,0,1
POL100166,Jessica Davis,32,Male,OH,Life,2761.49,44,18,1,0,0,1
POL100167,Emily Miller,32,Female,NC,Life,562.01,37,41,0,0,0,1
POL100168,John Williams,43,Male,OH,Life,1307.06,18,70,1,0,0,0
POL100169,James Smith,59,Female,PA,Home,2052.79,85,27,1,0,0,1
POL100170,James Jones,30,Female,FL,Auto,1306.54,24,100,0,1,8089,1
POL100171,Joseph Davis,68,Female,OH,Home,2385.3,30,15,0,0,0,1
POL100172,David Miller,49,Male,MI,Auto,1945.6,61,37,1,0,0,0
POL100173,Karen Wilson,56,Male,IL,Life,1585.13,44,58,0,0,0,1
POL100174,Joseph Rodriguez,66,Female,PA,Auto,3347.63,60,5,0,0,0,0
POL100175,William Wilson,69,Female,PA,Auto,2396.48,92,103,1,1,41135.03,0
POL100176,Jessica Williams,49,Male,CA,Life,889.82,64,73,1,0,0,0
POL100177,Emily Jones,21,Male,PA,Auto,2180.28,96,7,1,0,0,1
POL100178,Emily Smith,47,Male,NC,Life,2842.2,86,41,1,0,0,1
POL100179,Lisa Wilson,54,Female,NC,Life,2625.47,53,84,0,1,21844.08,0
POL100180,Robert Smith,40,Female,NC,Home,1016.27,74,10,1,1,2388.61,0
POL100181,Karen Garcia,56,Female,OH,Home,3417.26,97,62,0,0,0,0
POL100182,John Smith,62,Female,FL,Auto,1846.44,89,26,1,0,0,0
POL100183,Lisa Davis,32,Male,OH,Home,977.08,34,68,0,1,9222.62,1
POL100184,Robert Rodriguez,60,Male,GA,Auto,1040.59,96,102,1,0,0,1
POL100185,Michael Smith,46,Female,GA,Life,794.7,56,24,0,0,0,0
POL100186,Robert Johnson,53,Female,IL,Home,2910.55,89,78,1,1,14194.88,1
POL100187,Nancy Williams,30,Female,GA,Life,866.09,65,41,1,0,0,1
POL100188,Jane Martinez,49,Male,TX,Auto,875.38,47,65,1,0,0,1
POL100189,Jane Lopez,24,Female,TX,Home,3051.41,20,17,0,1,21035.96,0
POL100190,Nancy Brown,68,Male,OH,Life,1533.81,76,109,0,1,11067.13,1
POL100191,James Johnson,39,Female,IL,Life,592.57,24,24,1,1,4313.29,1
POL100192,Lisa Brown,45,Male,NY,Life,655.69,10,27,0,0,0,0
POL100193,Lisa Martinez,19,Male,NC,Life,926.51,16,7,0,0,0,1
POL100194,John Martinez,59,Male,PA,Life,1140.18,10,73,1,0,0,0
POL100195,Jane Miller,62,Male,GA,Home,2495.44,58,107,0,0,0,0
POL100196,William Martinez,74,Male,TX,Home,971.98,82,99,1,1,3650.26,1
POL100197,Lisa Rodriguez,70,Male,CA,Life,856.62,38,12,1,0,0,0
POL100198,Sarah Jones,23,Female,OH,Auto,2794.16,35,85,1,1,12037.05,1
POL100199,Emily Lopez,45,Female,MI,Home,2513.17,96,3,0,1,30981.12,0
POL100200,Karen Garcia,45,Female,OH,Home,1805.97,54,79,0,0,0,0
POL100201,Emily Jones,61,Female,OH,Life,2147.93,80,85,1,0,0,1
POL100202,James Williams,61,Female,OH,Auto,1435.95,21,10,0,0,0,0
POL100203,William Lopez,37,Male,FL,Home,1947.5,41,33,1,0,0,0
POL100204,David Davis,47,Male,NY,Home,2020.02,29,46,1,0,0,1
POL100205,Sarah Johnson,28,Male,MI,Auto,1661.71,60,59,0,0,0,1
POL100206,John Davis,75,Female,FL,Home,3219.72,90,52,1,1,10291.81,0
POL100207,Lisa Martinez,72,Male,TX,Life,548.19,45,6,1,0,0,1
POL100208,Jane Johnson,45,Male,MI,Auto,2846.51,76,2,0,0,0,0
POL100209,Robert Brown,42,Female,MI,Auto,873.15,10,29,0,0,0,1
POL100210,Robert Jones,56,Female,NC,Home,2892.64,36,119,0,0,0,0
POL100211,Michael Garcia,50,Male,CA,Auto,2347.74,49,40,1,1,3926.92,1
POL100212,Jane Brown,18,Male,MI,Home,3029.83,93,97,1,1,38043.93,1
POL100213,Sarah Jones,74,Female,MI,Life,792.54,23,61,0,0,0,0
POL100214,Michael Davis,44,Male,OH,Auto,2176.94,78,68,0,0,0,1
POL100215,Nancy Rodriguez,74,Male,NY,Auto,2003.26,96,68,1,0,0,0
POL100216,Karen Jones,69,Male,PA,Life,2618.58,88,29,1,0,0,0
POL100217,Lisa Lopez,30,Female,MI,Auto,2102.87,15,101,0,1,11470.88,1
POL100218,Robert Smith,58,Female,FL,Auto,2122.2,42,62,1,0,0,0
POL100219,William Rodriguez,20,Male,TX,Auto,1788.79,64,60,1,0,0,1
POL100220,David Lopez,56,Female,MI,Life,1426.5,28,84,0,0,0,1
POL100221,Jane Williams,23,Female,GA,Home,1946.79,86,41,1,0,0,1
POL100222,David Johnson,25,Male,CA,Home,855.48,38,87,1,0,0,1
POL100223,Jane Wilson,44,Female,PA,Life,3384.54,70,109,0,0,0,0
POL100224,Robert Williams,26,Male,NY,Auto,2643.23,79,82,0,0,0,1
POL100225,David Jones,54,Male,MI,Auto,3357.4,88,113,0,1,23777.83,1
POL100226,Lisa Brown,50,Male,OH,Home,1180.18,89,89,1,0,0,0
POL100227,Karen Garcia,68,Male,NC,Life,3138.02,33,65,1,0,0,0
POL100228,Emily Lopez,59,Female,NC,Life,2926.37,32,118,1,0,0,0
POL100229,William Jones,61,Female,FL,Home,2531.46,19,64,1,0,0,1
POL100230,Robert Davis,41,Male,TX,Auto,2375.09,63,79,1,1,6524.27,1
POL100231,David Smith,32,Male,GA,Home,1449.65,50,63,0,0,0,1
POL100232,Jane Lopez,71,Male,PA,Life,2949.23,58,98,0,0,0,1
POL100233,James Jones,49,Female,FL,Home,2004.55,26,48,0,0,0,1
POL100234,John Smith,49,Female,TX,Auto,712.67,65,20,1,0,0,0
POL100235,Sarah Williams,41,Female,GA,Life,1438.59,54,118,0,1,12440.73,1
POL100236,William Jones,58,Male,FL,Home,3305.89,39,37,1,0,0,0
POL100237,Michael Wilson,69,Female,PA,Home,3052.04,53,64,0,1,8371.39,0
POL100238,Jessica Rodriguez,66,Male,TX,Life,3445.72,83,91,1,0,0,0
POL100239,Karen Miller,66,Male,IL,Auto,2383.98,64,86,1,1,21638.01,1
POL100240,Robert Smith,75,Male,CA,Life,1242.53,28,115,0,0,0,0
POL100241,Jane Johnson,69,Male,NY,Auto,988.45,38,5,0,0,0,0
POL100242,Karen Williams,29,Male,FL,Life,1060.74,11,34,0,1,5644.12,1
POL100243,Robert Smith,56,Female,MI,Life,559.39,45,39,0,0,0,0
POL100244,Nancy Garcia,19,Female,GA,Auto,1672.05,28,67,0,1,10322.14,1
POL100245,Lisa Rodriguez,20,Female,GA,Auto,1074.28,16,81,0,0,0,0
POL100246,Michael Miller,66,Female,FL,Life,1734.97,35,62,1,1,15824.56,0
POL100247,Michael Smith,54,Male,MI,Auto,3304.98,88,88,1,0,0,1
POL100248,David Garcia,66,Female,GA,Home,1791.62,47,24,1,1,7254.74,1
POL100249,Joseph Smith,73,Female,FL,Life,3133.95,12,3,0,0,0,1
POL100250,Sarah Brown,34,Male,TX,Home,2316.51,89,109,1,0,0,0
POL100251,William Brown,66,Female,GA,Home,1241.39,75,71,0,0,0,0
POL100252,William Johnson,19,Female,NC,Life,1567.56,80,89,1,1,4774.05,1
POL100253,Sarah Rodriguez,19,Female,CA,Auto,751.76,52,67,0,0,0,1
POL100254,Nancy Miller,45,Male,MI,Life,1500.39,71,79,1,0,0,0
POL100255,Lisa Wilson,71,Female,PA,Life,2532.62,80,93,1,0,0,1
POL100256,Michael Brown,40,Male,TX,Life,716.33,33,50,0,0,0,0
POL100257,Nancy Williams,54,Female,FL,Life,1116.2,48,29,1,0,0,1
POL100258,Joseph Williams,49,Female,GA,Home,1644.32,77,74,0,0,0,0
POL100259,James Smith,50,Female,CA,Auto,3446.15,53,32,1,0,0,1
POL100260,Michael Wilson,18,Female,NY,Home,2854.59,14,87,1,0,0,1
POL100261,Sarah Miller,36,Male,NY,Life,2700.46,64,39,0,0,0,0
POL100262,Joseph Lopez,19,Male,OH,Life,848.57,39,9,1,0,0,1
POL100263,Nancy Wilson,70,Male,NC,Life,2842.99,38,101,0,1,15036.26,0
POL100264,Joseph Brown,61,Male,GA,Home,2855.81,35,116,0,0,0,1
POL100265,David Williams,43,Female,OH,Life,2303.31,92,104,0,0,0,1
POL100266,Joseph Wilson,49,Female,CA,Auto,3471.09,35,14,1,1,12416.51,0
POL100267,Jane Miller,23,Female,OH,Auto,1475.76,46,68,0,0,0,1
POL100268,Nancy Smith,49,Female,IL,Auto,3323.82,62,64,1,0,0,1
POL100269,Nancy Davis,72,Male,NC,Auto,3244.19,39,20,1,0,0,0
POL100270,Emily Brown,21,Male,CA,Home,534.44,12,28,1,0,0,1
POL100271,Nancy Davis,72,Female,MI,Auto,1850.35,52,14,1,0,0,0
POL100272,Sarah Jones,28,Female,NC,Life,3431.31,16,44,0,1,20542.13,1
POL100273,Nancy Brown,73,Male,NY,Life,809.36,58,98,1,0,0,1
POL100274,Emily Smith,34,Female,GA,Life,2143.35,82,77,0,0,0,0
POL100275,William Brown,55,Female,GA,Auto,3436.87,50,95,0,1,13196.52,1
POL100276,James Garcia,41,Female,NY,Life,2166.49,86,97,0,0,0,1
POL100277,David Johnson,22,Male,IL,Life,1069.45,88,116,1,0,0,0
POL100278,Joseph Jones,69,Male,OH,Home,2246.55,63,39,0,0,0,1
POL100279,Sarah Lopez,51,Female,NY,Life,1113.32,78,28,0,1,9850.83,0
POL100280,Robert Miller,23,Male,PA,Life,2059.11,36,64,1,0,0,1
POL100281,William Rodriguez,39,Male,OH,Life,722.13,17,89,0,1,4811.02,1
POL100282,Sarah Smith,28,Female,NC,Life,2316.45,41,32,0,0,0,1
POL100283,Jane Jones,65,Female,GA,Home,2050.37,93,9,0,0,0,1
POL100284,Michael Martinez,33,Female,OH,Life,2720.48,73,28,1,0,0,0
POL100285,David Smith,50,Male,CA,Home,2392.1,19,95,0,0,0,0
POL100286,Jane Martinez,26,Female,CA,Life,2148.82,22,17,0,0,0,1
POL100287,James Garcia,23,Male,TX,Auto,2569.34,72,117,0,0,0,1
POL100288,Karen Garcia,33,Female,IL,Home,931.83,44,87,1,0,0,0
POL100289,James Martinez,46,Female,MI,Life,2286.08,70,77,1,0,0,0
POL100290,Robert Johnson,20,Female,CA,Home,1016.33,63,55,1,1,1526.57,1
POL100291,James Martinez,37,Female,TX,Life,3276.57,17,10,1,0,0,0
POL100292,Emily Jones,53,Female,PA,Life,705,38,80,1,0,0,0
POL100293,John Wilson,36,Male,OH,Life,1791.12,50,6,1,0,0,0
POL100294,James Smith,43,Male,PA,Life,2587.39,39,48,1,1,21595.72,0
POL100295,Robert Rodriguez,20,Female,TX,Life,1874.07,95,75,0,0,0,1
POL100296,William Wilson,36,Male,FL,Auto,776.29,30,116,1,0,0,1
POL100297,Karen Wilson,37,Female,GA,Life,2160.14,85,67,1,0,0,1
POL100298,William Brown,49,Female,FL,Auto,2424.9,20,92,0,0,0,0
POL100299,Sarah Miller,24,Female,IL,Home,2611.38,11,41,0,0,0,1
POL100300,Jane Lopez,69,Female,CA,Home,1619.78,59,79,0,0,0,0
POL100301,Sarah Martinez,58,Male,PA,Home,2190.98,50,60,1,0,0,0
POL100302,Sarah Lopez,50,Male,CA,Life,1852.06,75,77,0,1,7976.46,0
POL100303,Nancy Johnson,57,Male,GA,Life,2516.17,12,42,0,0,0,1
POL100304,Karen Jones,56,Female,GA,Life,2250.67,89,116,0,0,0,0
POL100305,Robert Jones,35,Male,FL,Home,2077.27,60,109,0,0,0,1
POL100306,William Miller,57,Male,IL,Auto,1248.57,77,81,0,1,5271.17,0
POL100307,Sarah Miller,18,Female,PA,Life,506.06,96,71,1,0,0,0
POL100308,Karen Jones,28,Male,IL,Life,1022.25,93,28,1,0,0,0
POL100309,Robert Williams,45,Female,GA,Home,851.2,34,102,1,0,0,0
POL100310,Emily Miller,74,Female,PA,Auto,1847.25,39,13,1,0,0,0
POL100311,William Miller,42,Male,GA,Home,2336.77,91,81,1,0,0,0
POL100312,William Wilson,67,Male,IL,Auto,1139.26,20,15,1,0,0,0
POL100313,Michael Martinez,40,Male,MI,Auto,3317.17,26,36,0,0,0,1
POL100314,Lisa Jones,48,Male,IL,Life,520.05,35,92,1,1,2473.38,0
POL100315,James Rodriguez,47,Male,MI,Home,2816.9,32,15,0,0,0,0
POL100316,Nancy Smith,59,Female,NY,Home,2375.61,65,110,1,0,0,0
POL100317,David Jones,52,Female,TX,Home,1620.66,61,117,1,0,0,0
POL100318,Emily Miller,24,Female,TX,Home,651.47,57,75,0,0,0,0
POL100319,Joseph Martinez,33,Female,NC,Auto,2382.46,29,56,0,0,0,1
POL100320,Lisa Lopez,43,Male,IL,Life,1656.84,11,95,0,0,0,0
POL100321,Sarah Davis,65,Female,NY,Life,3308.8,97,4,1,0,0,0
POL100322,Jessica Davis,74,Male,FL,Auto,2125.97,40,99,0,0,0,0
POL100323,William Brown,69,Female,PA,Auto,3318.95,36,98,1,0,0,1
POL100324,Robert Davis,66,Female,MI,Life,1161.45,11,52,0,0,0,1
POL100325,Joseph Wilson,19,Male,PA,Home,2677.18,87,91,0,0,0,1
POL100326,Michael Lopez,18,Male,IL,Home,2351.75,13,10,1,1,16126.49,1
POL100327,Jane Jones,65,Female,IL,Home,2718.22,22,94,0,0,0,0
POL100328,Robert Lopez,29,Female,TX,Auto,1144,44,45,0,0,0,1
POL100329,William Martinez,22,Male,MI,Life,2494.98,81,84,1,0,0,1
POL100330,Sarah Johnson,54,Female,IL,Auto,1994.12,75,29,0,0,0,0
POL100331,Nancy Brown,49,Female,GA,Life,2728.47,15,53,1,0,0,0
POL100332,William Jones,72,Male,GA,Life,1481.13,40,29,1,0,0,1
POL100333,Emily Brown,26,Male,IL,Life,3170.17,19,23,1,0,0,1
POL100334,Michael Smith,58,Male,TX,Home,752.9,30,57,1,1,3958.38,1
POL100335,John Brown,52,Male,TX,Home,2921.57,83,50,1,0,0,1
POL100336,Jessica Martinez,36,Male,TX,Life,3083.96,32,21,0,0,0,1
POL100337,Nancy Johnson,65,Female,MI,Life,2951.76,12,112,0,1,20200.08,1
POL100338,Jessica Miller,33,Male,IL,Home,2038.18,41,43,0,0,0,1
POL100339,William Martinez,20,Female,OH,Home,1815.15,29,10,1,0,0,1
POL100340,Emily Wilson,37,Male,IL,Life,3488.79,83,105,0,0,0,0
POL100341,Karen Miller,41,Male,FL,Auto,1187.52,38,76,0,0,0,0
POL100342,Jessica Miller,71,Female,NY,Life,2140.63,61,30,1,0,0,0
POL100343,Emily Williams,73,Female,FL,Life,2512.03,55,51,0,0,0,0
POL100344,William Wilson,50,Female,MI,Home,2602.6,43,33,1,0,0,1
POL100345,John Johnson,41,Male,IL,Life,1112.07,93,18,1,1,3055.56,0
POL100346,Joseph Miller,69,Male,TX,Home,2461.98,70,78,1,0,0,0
POL100347,Emily Williams,28,Female,MI,Life,2955.11,81,22,1,0,0,1
POL100348,Joseph Wilson,66,Male,NY,Auto,650.06,80,64,0,0,0,0
POL100349,Robert Davis,25,Male,IL,Auto,3234.56,79,21,1,0,0,1
POL100350,John Rodriguez,53,Male,PA,Home,588.51,20,1,0,1,5735.85,1
POL100351,Emily Johnson,55,Female,NC,Life,1567.91,91,113,1,1,12075.5,1
POL100352,Jessica Williams,57,Female,NC,Life,547.44,98,107,0,1,1985.43,0
POL100353,Joseph Davis,37,Female,OH,Auto,731.44,72,116,0,0,0,0
POL100354,William Rodriguez,52,Male,GA,Home,3233.5,30,15,1,0,0,0
POL100355,Robert Martinez,65,Male,MI,Life,1564.58,12,36,1,1,11977.55,0
POL100356,Sarah Davis,42,Male,TX,Auto,1774.31,91,47,1,0,0,1
POL100357,Lisa Wilson,52,Male,PA,Life,1146.03,97,54,1,0,0,0
POL100358,Robert Miller,42,Female,TX,Life,2291.29,19,86,0,0,0,1
POL100359,Nancy Rodriguez,46,Female,MI,Home,2284.41,36,32,1,0,0,0
POL100360,Jessica Williams,35,Female,NC,Life,1616.6,21,58,1,0,0,1
POL100361,Karen Davis,63,Female,PA,Life,1499.1,16,46,0,1,9575.83,1
POL100362,Jessica Jones,35,Male,NC,Auto,3154.89,26,54,0,1,7660.41,1
POL100363,Joseph Brown,19,Female,PA,Home,1649.85,74,33,0,0,0,1
POL100364,Nancy Lopez,71,Male,OH,Life,1980.5,73,105,1,0,0,0
POL100365,David Rodriguez,52,Male,GA,Auto,1349.91,35,39,1,0,0,1
POL100366,Jessica Lopez,33,Female,TX,Life,2860.31,24,23,1,0,0,1
POL100367,Emily Jones,58,Male,NC,Life,1692.34,42,43,0,0,0,1
POL100368,Jessica Johnson,53,Female,GA,Auto,2040.83,71,55,0,0,0,1
POL100369,Karen Jones,50,Male,TX,Home,1260.07,56,2,1,0,0,1
POL100370,Emily Jones,21,Female,GA,Auto,3462.98,44,66,1,0,0,1
POL100371,Sarah Garcia,50,Male,OH,Life,1374.49,74,38,0,0,0,1
POL100372,Robert Johnson,31,Male,NY,Home,2812.23,81,119,1,0,0,1
POL100373,Michael Williams,38,Female,CA,Auto,1782.49,85,115,0,0,0,1
POL100374,Emily Miller,65,Female,PA,Life,1118.65,92,29,1,0,0,0
POL100375,Karen Williams,37,Male,FL,Home,2899.16,34,116,0,1,8740.01,1
POL100376,Karen Brown,73,Female,IL,Home,1500.82,66,110,0,0,0,0
POL100377,Jane Miller,25,Male,FL,Home,3095.58,41,67,0,0,0,1
POL100378,James Garcia,24,Female,FL,Life,3245.77,72,103,0,1,6008.31,1
POL100379,Robert Davis,20,Female,TX,Life,3079.47,21,71,0,0,0,1
POL100380,James Smith,34,Male,IL,Home,605.02,72,36,1,0,0,1
POL100381,Emily Miller,50,Male,MI,Life,2862.12,86,29,1,0,0,0
POL100382,James Martinez,65,Female,CA,Home,1734.02,10,119,0,0,0,1
POL100383,Karen Smith,29,Male,FL,Life,3121.17,60,37,0,0,0,1
POL100384,Nancy Martinez,68,Female,PA,Auto,2413.86,79,113,1,0,0,0
POL100385,James Davis,39,Female,GA,Auto,3000.93,17,100,0,0,0,1
POL100386,John Garcia,72,Male,GA,Life,1998.3,77,87,1,0,0,0
POL100387,David Miller,39,Female,MI,Auto,2105.08,14,45,0,0,0,0
POL100388,Nancy Miller,63,Female,NY,Auto,933.16,98,16,1,0,0,1
POL100389,Robert Wilson,47,Female,NC,Home,2851.96,95,112,0,0,0,1
POL100390,Karen Rodriguez,55,Male,FL,Life,1758.17,48,31,1,0,0,0
POL100391,Joseph Martinez,55,Male,FL,Auto,2000.24,32,34,0,0,0,0
POL100392,Emily Davis,62,Male,PA,Life,2855.29,77,50,1,0,0,0
POL100393,Emily Jones,68,Male,NY,Home,2296.54,61,65,0,1,19241.61,1
POL100394,James Davis,71,Female,OH,Home,1103.3,13,82,1,1,6828.86,1
POL100395,John Miller,25,Male,CA,Home,2270.7,56,62,1,0,0,1
POL100396,Sarah Lopez,44,Female,PA,Home,1722.9,30,104,0,0,0,1
POL100397,William Miller,44,Female,NC,Auto,1908.58,65,43,1,1,8001.46,1
POL100398,Karen Williams,51,Male,CA,Life,584.93,75,56,1,0,0,0
POL100399,Nancy Davis,38,Male,IL,Home,1130.09,68,15,1,0,0,1
POL100400,Michael Martinez,47,Female,NC,Home,1343.11,16,48,0,0,0,1
POL100401,Robert Smith,50,Female,NC,Life,2638.88,58,49,0,0,0,1
POL100402,James Martinez,45,Female,NC,Home,534.48,25,81,1,1,1375.71,0
POL100403,Lisa Lopez,64,Female,CA,Auto,1726.33,26,44,1,0,0,1
POL100404,John Johnson,50,Female,NY,Auto,3272.08,93,10,1,1,18370.73,0
POL100405,William Miller,22,Male,GA,Home,835.64,96,20,1,0,0,1
POL100406,Michael Davis,65,Male,MI,Life,2049.27,84,70,0,0,0,0
POL100407,Michael Smith,36,Male,NC,Home,2859.57,43,8,0,1,17056.54,1
POL100408,David Miller,21,Female,FL,Auto,3327.59,42,45,0,1,24845.66,1
POL100409,Sarah Brown,52,Male,FL,Life,2740.33,35,34,0,1,26703.05,1
POL100410,Jessica Garcia,66,Female,IL,Auto,2661.7,75,96,0,1,13832.95,0
POL100411,Sarah Miller,34,Female,TX,Life,2979.46,72,51,0,0,0,1
POL100412,David Miller,61,Female,FL,Auto,1838.6,96,118,0,0,0,0
POL100413,David Johnson,45,Male,FL,Life,2917.53,50,106,0,0,0,1
POL100414,Jessica Smith,47,Male,GA,Life,523.89,95,4,1,1,2593.93,0
POL100415,Karen Rodriguez,46,Female,TX,Life,3273.68,67,108,1,1,15204.3,0
POL100416,John Garcia,63,Female,NY,Life,1829.92,88,114,1,1,15607.12,1
POL100417,Emily Lopez,70,Male,MI,Home,2160.14,19,39,1,0,0,0
POL100418,Jane Lopez,23,Female,IL,Home,1264.65,24,84,0,0,0,1
POL100419,John Smith,52,Male,NC,Auto,2727.59,51,24,1,1,7715.52,0
POL100420,Emily Brown,58,Female,IL,Auto,729.91,66,88,0,0,0,0
POL100421,Nancy Smith,54,Male,CA,Life,3117.91,96,55,1,0,0,0
POL100422,Lisa Williams,41,Male,FL,Life,2984.35,26,26,0,0,0,1
POL100423,Emily Williams,46,Female,CA,Auto,1148.18,69,25,0,0,0,1
POL100424,Jessica Lopez,66,Female,TX,Home,2927.97,18,36,1,0,0,1
POL100425,Jane Martinez,63,Female,NC,Home,2859.07,45,71,1,0,0,0
POL100426,Emily Davis,70,Female,IL,Auto,2396.65,82,74,1,0,0,0
POL100427,Karen Jones,48,Female,NY,Home,1620.56,89,58,1,0,0,1
POL100428,Joseph Garcia,52,Female,FL,Auto,1314.5,45,111,0,0,0,1
POL100429,Michael Martinez,50,Female,FL,Life,1195.35,57,12,1,1,5286.33,0
POL100430,Lisa Wilson,69,Female,FL,Life,1455.83,60,1,1,0,0,0
POL100431,Karen Johnson,38,Female,MI,Home,3210.68,79,116,0,0,0,1
POL100432,Joseph Williams,49,Male,MI,Auto,732.92,83,50,0,0,0,1
POL100433,David Johnson,40,Female,GA,Life,2986.61,89,25,1,1,22884.16,0
POL100434,Lisa Smith,50,Female,GA,Home,1546.67,77,80,0,0,0,1
POL100435,David Martinez,20,Male,CA,Life,2064.8,31,5,0,0,0,1
POL100436,William Miller,35,Female,NC,Home,2883.46,86,83,0,0,0,1
POL100437,James Wilson,42,Male,NY,Auto,3153.13,89,68,1,1,5150.34,1
POL100438,Emily Johnson,59,Male,PA,Home,1534.34,15,6,0,0,0,1
POL100439,Lisa Wilson,48,Male,CA,Home,1885.53,35,26,1,0,0,1
POL100440,Nancy Lopez,71,Male,FL,Auto,1743.55,84,113,1,0,0,0
POL100441,Emily Johnson,75,Male,GA,Life,539.75,97,103,0,0,0,0
POL100442,Karen Jones,20,Male,CA,Auto,1387.83,12,55,0,0,0,1
POL100443,Nancy Lopez,57,Male,GA,Home,1877.57,61,39,0,0,0,1
POL100444,Lisa Johnson,63,Female,CA,Life,1733.28,83,9,0,0,0,0
POL100445,Joseph Martinez,41,Female,GA,Auto,2665.79,69,45,0,0,0,1
POL100446,Joseph Smith,67,Male,FL,Life,1654.41,72,116,0,0,0,0
POL100447,Sarah Rodriguez,49,Female,CA,Auto,1968.13,74,14,1,0,0,0
POL100448,James Lopez,64,Female,NC,Home,1788.83,61,112,1,0,0,1
POL100449,Sarah Johnson,39,Male,MI,Life,2721.88,99,55,1,0,0,1
POL100450,Robert Lopez,40,Female,FL,Life,3088.92,85,9,1,1,12231.31,1
POL100451,Sarah Smith,19,Male,MI,Life,2095.67,23,15,1,0,0,1
POL100452,Nancy Miller,44,Female,GA,Home,2868.3,98,37,1,0,0,1
POL100453,Nancy Davis,59,Female,IL,Auto,1390.36,81,50,1,0,0,0
POL100454,Jane Miller,19,Female,MI,Auto,2124.11,77,117,0,0,0,1
POL100455,Sarah Lopez,43,Female,NY,Life,1535.69,37,84,0,0,0,1
POL100456,Nancy Davis,34,Female,MI,Auto,1742.6,80,72,1,0,0,1
POL100457,Karen Williams,57,Male,OH,Life,2697.24,19,96,0,0,0,0
POL100458,James Williams,50,Male,CA,Life,3144.99,66,111,0,0,0,1
POL100459,Karen Rodriguez,26,Male,GA,Home,864.49,75,21,1,0,0,1
POL100460,William Jones,60,Female,FL,Home,2403.92,99,57,1,0,0,0
POL100461,Lisa Rodriguez,71,Male,MI,Home,2246.43,59,105,0,0,0,0
POL100462,Joseph Davis,65,Male,MI,Auto,855.25,23,19,0,0,0,0
POL100463,Jessica Miller,56,Female,GA,Life,1135.68,25,93,1,0,0,1
POL100464,Nancy Wilson,46,Male,NY,Home,1433.01,63,58,0,0,0,0
POL100465,Lisa Jones,59,Male,IL,Life,1000.79,52,95,0,0,0,1
POL100466,Sarah Brown,72,Female,OH,Home,1231.19,51,118,1,0,0,0
POL100467,Nancy Johnson,43,Male,MI,Home,1302.8,90,6,0,0,0,1
POL100468,David Davis,52,Male,IL,Life,1507.02,31,4,1,0,0,0
POL100469,Emily Davis,67,Male,GA,Home,2748.17,77,43,1,0,0,0
POL100470,Lisa Martinez,42,Female,TX,Auto,2215.74,28,93,0,0,0,0
POL100471,William Miller,41,Male,PA,Life,3458.74,75,42,0,0,0,1
POL100472,Sarah Smith,30,Male,NC,Home,1744.21,48,3,1,0,0,0
POL100473,Jessica Garcia,75,Female,GA,Home,2761.6,82,1,1,0,0,0
POL100474,Michael Davis,24,Male,NC,Life,3114.41,28,108,0,0,0,1
POL100475,Emily Garcia,74,Female,IL,Home,2536.94,25,55,1,0,0,1
POL100476,Joseph Jones,53,Male,IL,Home,1735.59,63,15,1,0,0,1
POL100477,Sarah Jones,62,Female,IL,Auto,2760.78,34,47,0,1,19193.77,0
POL100478,Lisa Wilson,37,Male,NC,Auto,1111,27,85,1,0,0,0
POL100479,David Rodriguez,18,Female,FL,Auto,1482.66,32,46,0,0,0,1
POL100480,John Rodriguez,25,Female,PA,Home,2140.06,94,58,1,0,0,1
POL100481,Emily Johnson,63,Male,IL,Life,2226.23,20,95,1,1,6858.11,0
POL100482,Emily Wilson,33,Female,NC,Life,566.42,48,71,0,1,2307.05,1
POL100483,James Davis,31,Male,NC,Auto,3335.34,77,81,1,0,0,1
POL100484,Robert Brown,29,Male,IL,Life,2589.88,34,83,1,0,0,1
POL100485,Karen Davis,68,Male,GA,Life,1987.11,72,39,1,0,0,0
POL100486,William Wilson,40,Female,CA,Life,3299.38,39,3,1,0,0,0
POL100487,Jessica Davis,32,Female,TX,Auto,1817.29,54,30,0,0,0,0
POL100488,Joseph Smith,45,Female,GA,Auto,3441.31,99,35,1,0,0,1
POL100489,Jane Jones,51,Female,NY,Home,2036.85,70,57,1,0,0,1
POL100490,Emily Miller,19,Male,PA,Life,842.86,60,29,1,1,4746.47,1
POL100491,Karen Brown,49,Female,NC,Home,2794.4,18,50,0,0,0,1
POL100492,David Lopez,40,Male,GA,Auto,2536.69,85,62,1,0,0,1
POL100493,Lisa Garcia,39,Female,GA,Auto,2818.96,11,52,0,0,0,1
POL100494,Jessica Rodriguez,68,Female,TX,Auto,3354.33,14,118,1,0,0,1
POL100495,Robert Garcia,42,Male,TX,Life,2829.47,71,14,1,0,0,1
POL100496,James Wilson,75,Male,CA,Life,2334.01,78,35,1,0,0,1
POL100497,Robert Garcia,39,Male,OH,Home,3071.93,61,28,1,0,0,1
POL100498,Sarah Wilson,75,Female,IL,Life,2519.74,95,58,1,0,0,0
POL100499,Jessica Jones,75,Female,CA,Auto,1724.36,14,30,0,0,0,0
POL100500,David Jones,39,Male,GA,Home,3156.86,68,90,0,0,0,1
POL100501,Emily Johnson,66,Male,PA,Auto,1165.7,77,7,0,0,0,0
POL100502,Karen Brown,69,Female,NC,Auto,2643.92,18,39,0,0,0,0
POL100503,Sarah Johnson,59,Male,TX,Home,3144.69,31,95,1,1,15997.67,1
POL100504,Karen Rodriguez,23,Female,FL,Auto,2693.95,36,69,0,1,6468.8,1
POL100505,Joseph Wilson,32,Female,CA,Home,2591.83,19,35,1,0,0,1
POL100506,Michael Brown,71,Male,FL,Home,2757.91,89,114,1,0,0,1
POL100507,Emily Wilson,60,Male,FL,Auto,1895.17,70,111,1,0,0,0
POL100508,Jessica Jones,54,Female,IL,Home,3122.51,60,52,1,0,0,1
POL100509,Karen Martinez,50,Male,NC,Home,1110.31,19,14,0,0,0,0
POL100510,Joseph Rodriguez,25,Male,IL,Home,882.16,15,63,0,0,0,1
POL100511,Lisa Jones,70,Male,PA,Auto,1356.53,71,36,1,0,0,1
POL100512,Jane Brown,61,Male,NC,Home,2094.73,14,91,0,0,0,1
POL100513,David Brown,61,Female,GA,Home,2031.69,79,24,0,1,19250.26,0
POL100514,Sarah Williams,22,Female,CA,Auto,2961.8,72,40,1,0,0,1
POL100515,David Smith,56,Female,IL,Auto,1713.71,65,29,1,1,3215.76,1
POL100516,Karen Rodriguez,21,Male,MI,Auto,1953.03,68,53,1,1,15375.84,1
POL100517,Michael Jones,23,Male,FL,Life,540.1,72,109,1,1,1138.04,0
POL100518,John Smith,62,Female,MI,Auto,1729.22,98,22,0,0,0,1
POL100519,Robert Jones,49,Female,TX,Home,2443.32,68,72,0,0,0,1
POL100520,Karen Williams,69,Female,PA,Life,546.52,60,15,0,1,2990.57,0
POL100521,William Davis,47,Female,TX,Auto,1342.65,59,113,1,1,4015.86,1
POL100522,Jane Smith,64,Male,FL,Home,1123.87,13,69,0,0,0,1
POL100523,Lisa Jones,52,Female,OH,Home,625.96,57,116,1,1,1689.67,0
POL100524,Jessica Davis,72,Male,TX,Life,1937.78,41,64,0,0,0,0
POL100525,Jessica Garcia,57,Female,TX,Life,1045.17,60,4,1,0,0,0
POL100526,Michael Smith,69,Male,MI,Auto,2729.24,61,75,1,0,0,0
POL100527,David Davis,33,Female,TX,Auto,3043.78,83,18,1,0,0,0
POL100528,Jane Johnson,30,Female,PA,Home,2136.76,43,42,1,0,0,1
POL100529,James Davis,67,Female,NC,Home,3445.12,45,113,0,0,0,0
POL100530,Jane Martinez,59,Female,GA,Home,1851.44,79,30,1,0,0,0
POL100531,William Lopez,47,Female,MI,Auto,2040.1,52,15,1,0,0,1
POL100532,John Williams,36,Female,OH,Auto,3467.65,25,70,0,0,0,1
POL100533,Michael Martinez,34,Male,IL,Life,1194.65,68,55,1,1,3070.41,1
POL100534,David Johnson,73,Female,FL,Home,3327.64,62,53,1,0,0,1
POL100535,Emily Johnson,36,Female,IL,Auto,628.51,28,16,1,1,3361.7,0
POL100536,Robert Miller,45,Male,GA,Life,1839.16,98,111,0,1,10817.24,1
POL100537,Lisa Martinez,75,Female,IL,Life,710.01,50,104,0,0,0,0
POL100538,Joseph Martinez,72,Female,PA,Auto,2687.7,90,73,0,0,0,1
POL100539,Emily Rodriguez,43,Male,TX,Home,2325.23,56,107,0,0,0,0
POL100540,James Davis,54,Male,IL,Auto,2619.9,63,34,0,0,0,1
POL100541,Jessica Jones,43,Female,PA,Auto,1623.44,64,27,1,0,0,1
POL100542,Nancy Martinez,70,Female,PA,Home,1608.45,28,13,1,0,0,0
POL100543,James Jones,40,Male,PA,Auto,635.96,71,100,1,0,0,1
POL100544,Lisa Martinez,26,Male,GA,Home,1549.83,68,27,1,0,0,1
POL100545,John Martinez,29,Female,IL,Home,3287.87,74,73,0,0,0,1
POL100546,Karen Johnson,70,Male,OH,Life,1637.68,77,69,0,0,0,1
POL100547,Joseph Brown,18,Female,MI,Life,2994.1,37,115,0,1,7885.77,1
POL100548,William Brown,75,Female,OH,Auto,3026.98,27,86,0,1,29739.67,1
POL100549,David Lopez,75,Female,OH,Life,1619.72,35,31,1,1,5978.4,1
POL100550,Jane Williams,18,Male,NY,Life,2395.97,28,3,1,1,12938.6,1
POL100551,Emily Williams,64,Female,OH,Life,786.11,64,30,1,0,0,0
POL100552,Robert Johnson,51,Female,NY,Home,811.04,66,21,1,0,0,1
POL100553,Michael Smith,49,Male,OH,Life,645.97,15,99,0,0,0,0
POL100554,James Davis,71,Male,PA,Auto,2243.05,10,6,1,0,0,0
POL100555,Karen Martinez,65,Female,TX,Life,1778.21,17,92,0,0,0,1
POL100556,Jessica Jones,42,Male,GA,Life,2144.1,60,32,0,0,0,1
POL100557,John Brown,57,Female,IL,Auto,2063.22,94,42,1,0,0,0
POL100558,David Wilson,62,Female,NY,Home,1550.61,97,101,0,0,0,0
POL100559,David Wilson,70,Male,FL,Auto,2532.42,34,62,0,0,0,0
POL100560,Nancy Davis,18,Male,FL,Home,2775.51,56,89,0,0,0,1
POL100561,Jane Lopez,33,Male,IL,Home,543.88,64,32,0,1,1815.63,0
POL100562,Emily Jones,56,Male,IL,Auto,1121.73,73,99,1,0,0,0
POL100563,Joseph Lopez,22,Female,PA,Auto,2639.71,92,86,0,0,0,1
POL100564,Lisa Lopez,39,Female,NY,Life,1659.86,19,88,0,1,9458.45,0
POL100565,Joseph Brown,46,Male,PA,Life,2487.45,65,39,0,1,19715.88,0
POL100566,James Johnson,72,Female,OH,Life,1540.89,21,64,0,0,0,0
POL100567,Robert Brown,20,Female,OH,Home,1672.27,42,118,0,1,9915.5,1
POL100568,William Williams,29,Female,PA,Home,976.04,80,30,0,0,0,1
POL100569,David Williams,43,Female,NC,Auto,1274.69,26,63,1,1,5007,1
POL100570,Jane Smith,33,Male,NC,Auto,2316.24,70,114,0,0,0,1
POL100571,Michael Jones,68,Male,FL,Home,1799.49,19,96,1,0,0,0
POL100572,Lisa Wilson,54,Male,FL,Life,2822.91,40,31,1,0,0,0
POL100573,Nancy Martinez,39,Female,MI,Home,3057.75,69,87,0,1,11042.67,1
POL100574,David Davis,74,Male,NC,Home,2124.94,79,40,1,0,0,1
POL100575,Jane Davis,46,Male,GA,Auto,2774.8,26,33,0,0,0,0
POL100576,Karen Jones,31,Female,IL,Home,1420.71,59,63,1,0,0,1
POL100577,Karen Miller,45,Male,CA,Life,1744.91,46,25,1,0,0,0
POL100578,David Rodriguez,22,Male,CA,Life,2638.33,91,36,1,0,0,1
POL100579,Robert Davis,64,Female,FL,Home,1658.64,71,24,1,0,0,0
POL100580,Jessica Johnson,66,Female,TX,Home,2265.51,99,95,1,0,0,0
POL100581,Lisa Smith,47,Female,PA,Life,1056.12,89,58,0,0,0,1
POL100582,James Wilson,63,Female,GA,Home,2299.31,81,39,0,0,0,1
POL100583,Sarah Martinez,69,Female,MI,Home,3084.54,97,46,1,0,0,0
POL100584,David Smith,22,Female,GA,Home,3105.92,86,77,1,0,0,0
POL100585,Jane Brown,29,Female,NY,Auto,2673.03,38,10,1,0,0,1
POL100586,William Martinez,33,Male,OH,Auto,2737.26,41,87,1,0,0,1
POL100587,Lisa Smith,43,Male,GA,Home,2173.78,97,82,0,1,34567.2,1
POL100588,Joseph Lopez,43,Male,FL,Life,2254,89,32,1,0,0,0
POL100589,Nancy Jones,65,Male,IL,Home,900.95,20,97,0,0,0,0
POL100590,Lisa Smith,38,Female,MI,Life,1831.58,15,36,1,1,4588.15,1
POL100591,Joseph Williams,56,Male,MI,Home,1852.33,44,28,1,0,0,0
POL100592,Jessica Rodriguez,53,Female,OH,Life,3375.49,42,16,1,0,0,1
POL100593,William Davis,50,Male,NY,Life,1793.26,27,16,0,1,8329.18,1
POL100594,David Williams,47,Male,CA,Home,2148.03,46,18,1,1,5987.86,0
POL100595,Lisa Miller,54,Female,NY,Life,2099.75,22,8,1,1,7753.95,0
POL100596,William Davis,40,Male,PA,Life,2410.29,83,106,0,0,0,1
POL100597,Jane Davis,75,Male,IL,Home,2744.7,99,80,0,0,0,0
POL100598,Sarah Miller,27,Male,NC,Life,1175.13,90,119,0,0,0,0
POL100599,Sarah Garcia,71,Female,PA,Life,2086.17,73,75,0,0,0,1
POL100600,William Johnson,22,Female,GA,Home,2977.75,10,70,0,0,0,1
POL100601,Nancy Williams,53,Female,IL,Home,1889.34,72,1,0,0,0,1
POL100602,Sarah Miller,51,Female,CA,Home,1335.37,98,62,1,0,0,0
POL100603,Karen Davis,69,Female,GA,Life,2464.13,43,76,1,0,0,1
POL100604,David Lopez,48,Female,TX,Life,2971.3,19,38,0,0,0,1
POL100605,James Rodriguez,27,Female,CA,Home,689.42,93,92,0,0,0,1
POL100606,John Davis,75,Female,PA,Auto,2830.37,16,45,0,0,0,0
POL100607,Jane Garcia,36,Male,OH,Life,2964.94,65,58,1,0,0,1
POL100608,David Garcia,75,Male,TX,Auto,1884.57,89,81,0,1,5272.66,0
POL100609,Jane Miller,49,Male,TX,Home,3449.92,46,1,0,0,0,1
POL100610,Nancy Rodriguez,18,Male,MI,Life,2860.13,38,32,0,1,25848.61,1
POL100611,Nancy Smith,73,Male,IL,Auto,2820.99,21,8,1,0,0,0
POL100612,William Rodriguez,22,Male,MI,Auto,2743.52,26,118,0,1,21183.23,1
POL100613,Jessica Miller,62,Male,FL,Life,951.82,57,40,1,0,0,0
POL100614,John Brown,21,Male,NC,Home,1151.69,93,56,0,0,0,0
POL100615,Robert Garcia,33,Male,CA,Home,1891.97,35,63,1,0,0,1
POL100616,Lisa Davis,41,Male,GA,Auto,1292.01,92,107,0,0,0,1
POL100617,William Davis,33,Female,FL,Auto,1745.72,21,110,0,0,0,1
POL100618,Joseph Smith,72,Male,PA,Auto,3165.39,30,88,0,0,0,0
POL100619,Emily Jones,19,Male,MI,Auto,2972.98,51,74,1,0,0,1
POL100620,Robert Williams,66,Female,NC,Auto,2390.12,70,111,1,0,0,1
POL100621,David Davis,45,Male,IL,Auto,3074.36,67,103,1,1,19269.72,0
POL100622,Karen Davis,49,Male,NC,Home,2851.32,63,103,0,0,0,1
POL100623,Jane Smith,44,Female,NC,Home,1786.95,43,74,0,0,0,1
POL100624,William Martinez,37,Female,IL,Life,1103.2,16,36,0,1,3759.28,1
POL100625,Joseph Brown,41,Male,NY,Auto,2042.6,44,89,0,0,0,1
POL100626,Karen Williams,29,Female,TX,Life,2708.69,24,114,1,0,0,1
POL100627,David Rodriguez,67,Female,CA,Life,1809.26,74,57,1,0,0,0
POL100628,John Rodriguez,52,Male,PA,Auto,2500.32,99,74,1,0,0,0
POL100629,James Johnson,50,Male,PA,Auto,782.98,34,83,0,0,0,0
POL100630,Emily Johnson,50,Male,GA,Auto,2744.01,68,110,1,0,0,1
POL100631,Jessica Johnson,68,Male,FL,Auto,2938.14,88,45,0,1,17149.71,0
POL100632,William Williams,60,Female,TX,Life,2620.51,95,79,0,0,0,0
POL100633,Jessica Wilson,54,Female,PA,Auto,3401.79,15,80,1,0,0,1
POL100634,David Rodriguez,29,Female,GA,Home,2979.96,61,2,0,0,0,1
POL100635,Karen Jones,20,Male,FL,Home,3209.28,88,93,0,1,38043.33,1
POL100636,James Davis,18,Female,GA,Auto,3300.71,97,68,0,0,0,1
POL100637,Jessica Brown,50,Male,PA,Auto,2904.04,30,117,0,0,0,0
POL100638,Jessica Rodriguez,57,Male,PA,Auto,2522.78,80,50,1,1,16444.57,0
POL100639,Michael Miller,27,Female,FL,Home,517.16,41,29,1,0,0,0
POL100640,Emily Martinez,60,Female,IL,Home,1897.48,62,95,0,0,0,0
POL100641,Robert Wilson,61,Male,IL,Home,2213.49,68,81,0,0,0,0
POL100642,Michael Johnson,46,Female,MI,Auto,1412.09,78,10,1,0,0,0
POL100643,David Miller,30,Male,NY,Life,1454.31,71,27,1,0,0,1
POL100644,Sarah Rodriguez,29,Male,TX,Auto,3383.48,13,117,0,0,0,1
POL100645,David Smith,48,Female,CA,Life,3175.13,95,105,1,1,6384.31,1
POL100646,David Wilson,63,Female,OH,Life,3047.54,27,15,1,0,0,0
POL100647,David Martinez,19,Female,OH,Home,1718.04,90,60,1,0,0,1
POL100648,Lisa Lopez,68,Female,OH,Life,541.1,65,108,1,0,0,0
POL100649,Jessica Williams,67,Male,GA,Life,740.67,33,31,1,0,0,0
POL100650,Jessica Rodriguez,52,Female,NY,Auto,1436.59,75,21,1,0,0,0
POL100651,Jessica Garcia,40,Female,NC,Life,547.23,22,60,1,0,0,1
POL100652,Sarah Rodriguez,34,Female,NY,Auto,551.45,71,58,1,1,5387.48,0
POL100653,Joseph Rodriguez,43,Female,NC,Home,3249.81,63,41,0,0,0,0
POL100654,James Davis,25,Male,PA,Home,2618.48,24,46,0,0,0,1
POL100655,Sarah Brown,46,Male,NY,Home,1426.87,78,45,1,0,0,1
POL100656,Karen Brown,43,Male,MI,Life,897.93,12,26,0,0,0,0
POL100657,Lisa Miller,27,Female,OH,Life,2034.91,46,102,0,1,11102.94,1
POL100658,Emily Miller,43,Female,NY,Life,516.04,46,51,1,1,4838.14,0
POL100659,John Garcia,51,Male,NC,Home,3315.24,12,36,1,0,0,1
POL100660,Karen Davis,68,Female,PA,Home,1744.45,72,52,1,0,0,1
POL100661,Karen Miller,58,Female,NC,Life,1707,44,81,0,1,2702.81,0
POL100662,James Lopez,24,Female,GA,Life,1671.78,61,51,1,0,0,0
POL100663,Joseph Lopez,21,Male,IL,Life,707.98,96,3,1,0,0,1
POL100664,Michael Davis,75,Female,MI,Home,2414.97,37,14,0,0,0,0
POL100665,John Williams,70,Female,PA,Auto,2699.01,27,49,0,1,9727.9,1
POL100666,Robert Martinez,67,Female,CA,Home,2528.38,45,77,1,0,0,0
POL100667,Sarah Johnson,62,Female,CA,Life,915.31,42,105,0,0,0,1
POL100668,Nancy Davis,28,Male,MI,Auto,2236.52,73,91,0,1,5331.78,1
POL100669,Jane Rodriguez,46,Male,CA,Home,2208.45,35,1,1,0,0,0
POL100670,Jessica Smith,73,Female,NC,Home,3105.23,57,57,1,1,24971.44,0
POL100671,Karen Williams,53,Male,CA,Life,1637.38,49,17,1,1,6911.48,1
POL100672,James Lopez,42,Female,NC,Home,1614.46,26,112,0,0,0,1
POL100673,Michael Johnson,38,Female,TX,Life,2355.58,49,50,1,1,20362.07,0
POL100674,Jessica Jones,74,Female,NC,Home,2399.22,16,98,1,0,0,1
POL100675,Sarah Martinez,53,Male,CA,Life,1907.86,66,14,1,1,16360.43,1
POL100676,Karen Miller,27,Male,MI,Home,1829.18,17,118,0,0,0,1
POL100677,William Johnson,54,Female,GA,Auto,1982.44,65,119,1,0,0,1
POL100678,Nancy Garcia,26,Female,MI,Life,3083.14,40,59,0,0,0,0
POL100679,Nancy Lopez,41,Male,FL,Auto,1883.5,68,81,0,1,13516.48,0
POL100680,Nancy Rodriguez,52,Female,CA,Auto,3319.8,67,3,1,1,23766.93,0
POL100681,James Garcia,66,Female,OH,Home,2012.01,21,98,0,1,14992.21,0
POL100682,William Wilson,52,Female,IL,Life,3347.6,57,40,1,0,0,0
POL100683,Joseph Davis,65,Female,GA,Life,2998.5,40,89,1,0,0,0
POL100684,Nancy Rodriguez,53,Female,GA,Life,1587.29,92,66,1,0,0,0
POL100685,John Martinez,35,Male,TX,Auto,3090.92,72,34,0,1,22338.06,1
POL100686,Jane Brown,66,Male,PA,Home,830.19,83,90,1,0,0,0
POL100687,William Lopez,56,Female,CA,Home,3275.14,48,95,0,1,15683.73,0
POL100688,David Brown,49,Male,TX,Auto,2394.93,85,9,1,0,0,0
POL100689,Karen Johnson,41,Female,MI,Auto,663.17,29,94,0,0,0,1
POL100690,James Johnson,40,Male,PA,Life,2432.77,57,84,0,0,0,1
POL100691,Joseph Lopez,49,Male,GA,Auto,3422.74,80,21,1,0,0,1
POL100692,Karen Johnson,54,Male,NC,Auto,709.4,63,93,0,1,5181.48,1
POL100693,Jessica Williams,29,Male,OH,Life,2164.06,87,25,0,1,39506.9,0
POL100694,Karen Jones,66,Female,NY,Life,2743.38,84,102,1,0,0,1
POL100695,John Smith,72,Male,OH,Auto,2930.78,80,44,1,1,12681.12,0
POL100696,Sarah Smith,30,Female,MI,Life,1741.48,38,25,0,0,0,1
POL100697,David Garcia,40,Female,IL,Auto,1112.5,83,9,1,0,0,0
POL100698,Sarah Miller,42,Female,NY,Auto,627.03,82,103,0,0,0,1
POL100699,Michael Brown,52,Male,MI,Auto,2239.18,57,62,0,1,21342.87,1
POL100700,Robert Miller,58,Male,OH,Auto,1858.73,83,108,1,0,0,1
POL100701,Lisa Lopez,47,Male,NY,Auto,3346.23,92,26,1,0,0,0
POL100702,Joseph Williams,34,Male,NY,Life,681.81,65,57,1,0,0,0
POL100703,Michael Williams,66,Female,FL,Auto,2556.19,26,37,0,0,0,0
POL100704,Jane Martinez,37,Female,PA,Life,574.9,18,16,1,0,0,0
POL100705,Nancy Miller,65,Female,OH,Auto,1014.3,43,37,1,0,0,0
POL100706,Lisa Lopez,42,Male,TX,Life,1860.74,54,76,1,0,0,0
POL100707,Emily Davis,39,Male,IL,Home,1864.62,97,24,0,0,0,1
POL100708,Lisa Williams,30,Male,FL,Life,2557.1,18,26,0,1,4130.85,1
POL100709,Emily Davis,36,Male,MI,Auto,3230.64,16,20,0,1,14431.92,0
POL100710,William Jones,66,Female,PA,Auto,2417.1,25,9,1,1,6339.66,1
POL100711,Jessica Jones,53,Female,NC,Home,3360.61,28,87,1,0,0,0
POL100712,William Smith,29,Male,GA,Life,3144.85,15,103,0,0,0,1
POL100713,Joseph Davis,58,Male,FL,Auto,2253.5,20,29,0,0,0,1
POL100714,David Lopez,36,Male,MI,Auto,3001.38,85,31,1,0,0,1
POL100715,Robert Williams,29,Male,PA,Life,2427.73,70,19,1,0,0,1
POL100716,Jane Davis,26,Female,MI,Auto,735.67,51,20,1,0,0,1
POL100717,Sarah Martinez,24,Female,TX,Home,2721.69,22,87,0,0,0,0
POL100718,David Lopez,45,Female,FL,Home,784.73,21,107,0,1,2021.68,0
POL100719,James Wilson,31,Female,TX,Home,2282.25,94,27,1,0,0,1
POL100720,David Davis,48,Male,FL,Auto,2607.92,83,94,1,0,0,0
POL100721,Nancy Jones,69,Female,IL,Auto,699.58,29,85,0,0,0,0
POL100722,Emily Miller,36,Male,TX,Life,1192.38,59,44,1,0,0,0
POL100723,Nancy Davis,75,Male,CA,Life,3247.02,45,35,1,1,27376.11,0
POL100724,Jane Brown,64,Male,NY,Home,2348.94,97,113,1,0,0,1
POL100725,James Martinez,33,Female,NC,Home,1238.86,78,71,1,0,0,1
POL100726,Sarah Martinez,70,Female,MI,Auto,2572.04,46,22,1,0,0,1
POL100727,David Wilson,22,Male,NY,Life,2290.33,21,74,0,0,0,0
POL100728,David Smith,52,Male,TX,Auto,2004.73,49,87,0,0,0,1
POL100729,Nancy Lopez,29,Male,NC,Home,3428.56,63,15,1,1,31906.63,1
POL100730,James Jones,42,Male,PA,Home,2550.36,11,94,0,1,20685.83,1
POL100731,John Martinez,69,Male,CA,Life,1626.32,59,98,0,0,0,0
POL100732,Nancy Lopez,38,Male,PA,Life,2900.22,50,13,1,0,0,1
POL100733,Joseph Wilson,53,Male,PA,Auto,3153.75,54,4,1,0,0,0
POL100734,John Martinez,70,Male,FL,Life,875.66,18,82,0,0,0,0
POL100735,Karen Davis,40,Female,FL,Home,1101.66,71,56,1,0,0,0
POL100736,Nancy Jones,33,Male,FL,Auto,1148.68,95,23,0,0,0,0
POL100737,Joseph Brown,74,Female,IL,Auto,2573.64,56,97,0,0,0,1
POL100738,Lisa Garcia,56,Female,TX,Home,2309.12,14,98,1,0,0,0
POL100739,Emily Lopez,62,Female,OH,Home,2356.97,85,34,1,0,0,0
POL100740,Emily Martinez,70,Male,IL,Home,3322.32,10,100,0,0,0,0
POL100741,David Lopez,59,Male,FL,Home,2827.73,53,99,0,0,0,1
POL100742,Joseph Wilson,75,Female,FL,Home,883.81,31,17,1,0,0,0
POL100743,Joseph Lopez,56,Female,PA,Life,1542.52,47,28,1,0,0,0
POL100744,William Williams,31,Male,NY,Home,1806.18,28,14,1,0,0,1
POL100745,William Johnson,48,Male,TX,Life,1687.88,89,34,1,0,0,1
POL100746,William Lopez,75,Male,GA,Life,2507.93,40,112,1,0,0,1
POL100747,John Jones,22,Female,CA,Home,3175.68,76,75,1,0,0,0
POL100748,Joseph Davis,52,Female,OH,Home,1418.15,96,57,1,0,0,1
POL100749,John Martinez,40,Male,NY,Auto,2155.63,51,77,0,1,21127.83,1
POL100750,Sarah Wilson,46,Male,GA,Home,2868.23,91,97,0,0,0,1
POL100751,Michael Johnson,60,Female,FL,Auto,1748.65,35,55,1,1,5838.39,0
POL100752,David Garcia,28,Female,OH,Life,1004.35,22,66,0,0,0,1
POL100753,Karen Miller,35,Female,NY,Auto,1924.85,67,98,1,1,5190.93,1
POL100754,Michael Brown,64,Male,GA,Home,665.67,27,117,0,0,0,0
POL100755,Michael Rodriguez,29,Male,GA,Auto,3327.15,76,93,1,1,19716.63,1
POL100756,Sarah Rodriguez,26,Female,OH,Life,724.46,96,37,0,1,6191.83,1
POL100757,Robert Jones,27,Female,FL,Auto,1815.37,12,68,0,0,0,1
POL100758,Nancy Williams,75,Female,FL,Life,2089.64,64,76,1,0,0,1
POL100759,David Davis,61,Female,OH,Life,3455.91,98,26,1,0,0,1
POL100760,Joseph Jones,34,Male,MI,Life,998.07,67,61,1,0,0,1
POL100761,Karen Garcia,55,Male,CA,Home,843.29,72,92,0,0,0,0
POL100762,Joseph Johnson,24,Female,CA,Home,526.12,61,67,0,1,967.34,1
POL100763,Jessica Johnson,63,Male,TX,Life,966.71,98,84,0,1,9630.66,0
POL100764,Michael Brown,30,Male,NC,Life,1121.82,33,74,0,0,0,1
POL100765,Nancy Lopez,57,Female,MI,Auto,2391.74,81,52,1,0,0,1
POL100766,Karen Lopez,59,Female,NC,Life,1159.12,18,18,1,0,0,0
POL100767,James Rodriguez,26,Female,CA,Auto,561.56,46,53,1,1,3717.02,1
POL100768,Sarah Johnson,67,Female,TX,Home,2979.86,92,63,1,0,0,1
POL100769,Joseph Miller,44,Female,FL,Auto,1596.79,62,53,0,0,0,0
POL100770,John Jones,75,Male,CA,Life,1561.09,89,117,1,0,0,0
POL100771,Robert Johnson,19,Female,GA,Auto,1407.44,33,27,0,1,13822.48,1
POL100772,Jessica Garcia,22,Male,MI,Life,3426.12,30,31,0,0,0,0
POL100773,William Wilson,46,Male,PA,Home,1010.35,49,91,1,1,4650.84,1
POL100774,William Jones,54,Male,PA,Auto,3194.71,71,106,0,1,17229.72,1
POL100775,Lisa Miller,55,Male,OH,Life,2830.41,79,1,1,0,0,1
POL100776,Nancy Lopez,36,Female,FL,Home,729.44,78,6,1,0,0,1
POL100777,Sarah Johnson,25,Female,FL,Auto,3460.19,23,11,0,0,0,1
POL100778,William Brown,65,Female,CA,Auto,1314.1,51,34,0,0,0,0
POL100779,Jessica Smith,62,Male,NC,Home,795.75,59,103,0,0,0,0
POL100780,Lisa Rodriguez,18,Female,PA,Life,2987.94,70,84,1,0,0,1
POL100781,Sarah Martinez,39,Male,GA,Auto,2620.03,13,63,0,0,0,0
POL100782,Emily Lopez,69,Female,IL,Auto,2351.66,81,53,1,0,0,1
POL100783,Jane Lopez,34,Male,NC,Home,967.94,97,85,1,0,0,0
POL100784,Nancy Davis,24,Male,CA,Life,1935.49,84,85,1,1,15280.83,1
POL100785,Karen Jones,42,Male,GA,Life,2841.67,26,18,0,0,0,1
POL100786,William Miller,62,Female,NY,Auto,1410.87,94,21,1,0,0,0
POL100787,Jane Williams,21,Female,NY,Life,1435.07,66,19,1,1,11822.04,1
POL100788,John Smith,53,Female,OH,Life,509.42,99,4,1,0,0,1
POL100789,David Davis,23,Female,OH,Life,1022.73,57,77,0,0,0,1
POL100790,Jane Johnson,48,Female,OH,Auto,3126.22,53,82,0,0,0,1
POL100791,Emily Rodriguez,36,Female,CA,Auto,1825.24,54,116,1,0,0,1
POL100792,Michael Miller,61,Male,PA,Home,3452.7,89,29,1,1,12018.09,0
POL100793,Jessica Garcia,71,Female,PA,Auto,1687.12,99,25,1,0,0,0
POL100794,William Wilson,56,Male,IL,Auto,2645.56,42,56,1,0,0,1
POL100795,Karen Rodriguez,44,Female,CA,Auto,1345.76,40,77,1,1,12654.6,0
POL100796,James Martinez,27,Female,OH,Life,1591.43,56,63,1,0,0,1
POL100797,Karen Wilson,43,Male,IL,Life,1072.18,15,27,0,1,9513.56,1
POL100798,Michael Miller,36,Female,FL,Life,1541.19,81,60,1,0,0,1
POL100799,William Johnson,56,Female,CA,Auto,2141.71,80,83,1,1,3543.98,1
POL100800,Nancy Davis,20,Female,OH,Life,3475.32,43,49,0,1,9010.91,1
POL100801,Lisa Miller,62,Male,GA,Home,2492.61,62,65,0,1,14249.82,1
POL100802,David Smith,30,Female,NY,Auto,1097.74,23,38,0,0,0,1
POL100803,Karen Garcia,67,Male,IL,Auto,634.88,25,83,1,1,3439.86,0
POL100804,Emily Davis,45,Male,PA,Life,879.07,52,52,1,0,0,0
POL100805,Jessica Brown,75,Female,NY,Home,2187.67,82,1,1,1,32908.34,0
POL100806,Nancy Garcia,37,Female,TX,Home,2795.48,83,40,1,0,0,0
POL100807,Jane Lopez,45,Male,FL,Life,3321.26,90,81,0,0,0,1
POL100808,Sarah Rodriguez,25,Female,TX,Life,547.47,21,21,0,0,0,1
POL100809,William Garcia,58,Male,MI,Auto,2068.28,79,86,1,1,4679.58,1
POL100810,John Miller,56,Male,NY,Life,1912.6,28,15,1,0,0,0
POL100811,David Brown,18,Female,TX,Home,2468.17,50,50,0,0,0,1
POL100812,Jane Davis,20,Female,NC,Auto,2178.74,62,103,0,1,15210.37,1
POL100813,Jane Lopez,30,Male,TX,Life,2561.12,38,48,0,0,0,0
POL100814,Emily Lopez,45,Male,TX,Life,2474.25,79,103,1,0,0,1
POL100815,William Martinez,74,Male,GA,Auto,851.04,68,32,1,0,0,0
POL100816,John Smith,66,Female,NY,Auto,2899.15,98,49,1,1,39075.58,0
POL100817,Joseph Garcia,42,Male,NY,Auto,869.7,73,68,1,0,0,0
POL100818,Emily Williams,73,Female,MI,Home,2595.59,33,108,0,0,0,0
POL100819,Joseph Martinez,50,Female,FL,Life,1748.44,98,45,1,0,0,1
POL100820,Emily Johnson,55,Male,IL,Home,2041.55,25,32,1,0,0,1
POL100821,Nancy Rodriguez,70,Male,PA,Life,3209.89,61,4,1,0,0,0
POL100822,Emily Martinez,23,Female,MI,Auto,3169.65,89,117,0,0,0,1
POL100823,Emily Brown,75,Female,OH,Life,2953.57,15,65,0,0,0,0
POL100824,Sarah Williams,61,Female,TX,Life,2030.45,46,97,1,0,0,1
POL100825,Joseph Martinez,62,Male,OH,Auto,2708.72,94,71,1,0,0,0
POL100826,John Jones,49,Male,TX,Home,2038.69,13,73,0,0,0,0
POL100827,Nancy Williams,62,Male,TX,Life,3108.82,47,65,0,0,0,0
POL100828,Michael Rodriguez,64,Female,NC,Home,1708.33,50,80,1,0,0,0
POL100829,David Williams,38,Female,TX,Home,3410.71,90,18,1,0,0,0
POL100830,Jane Lopez,33,Male,TX,Home,3296.97,23,54,1,1,11492.47,1
POL100831,Nancy Smith,71,Female,PA,Auto,2724.81,80,47,1,1,16649.54,0
POL100832,Michael Smith,38,Female,CA,Home,1338.25,95,6,1,0,0,1
POL100833,Sarah Brown,28,Male,TX,Life,894.96,60,66,1,1,3032.81,0
POL100834,Lisa Garcia,54,Male,NY,Life,3064.11,74,9,0,0,0,1
POL100835,John Williams,53,Female,GA,Home,995.91,61,68,0,1,2737.6,1
POL100836,David Smith,52,Female,FL,Life,3062.78,39,109,0,1,19514.95,0
POL100837,Michael Wilson,36,Female,IL,Life,1972.3,66,23,1,0,0,1
POL100838,James Rodriguez,37,Male,OH,Home,1719.67,88,118,1,1,16867.44,0
POL100839,Jane Wilson,74,Female,PA,Auto,3209.57,91,107,0,1,11278.22,0
POL100840,Jane Davis,35,Male,IL,Auto,2311.55,39,109,0,1,10449.03,0
POL100841,Jessica Garcia,64,Male,MI,Home,2229.84,51,43,0,0,0,1
POL100842,Robert Martinez,58,Female,PA,Home,2176.3,20,51,0,0,0,0
POL100843,Jane Davis,66,Male,NY,Auto,1613.51,36,72,0,1,5939.12,0
POL100844,Robert Brown,31,Female,NY,Auto,2856.93,33,103,0,0,0,1
POL100845,Lisa Smith,32,Female,PA,Life,1258.4,48,25,1,0,0,1
POL100846,Karen Lopez,48,Male,NY,Home,3316.68,81,80,0,0,0,0
POL100847,Robert Jones,18,Male,GA,Home,3181.96,27,35,0,1,11979.79,1
POL100848,Jessica Lopez,70,Female,NY,Home,1512.44,86,17,0,1,7464.85,0
POL100849,John Smith,71,Female,TX,Life,2688.39,54,18,1,1,20070.91,0
POL100850,Jessica Miller,71,Male,OH,Home,2219.67,97,27,1,0,0,0
POL100851,James Lopez,20,Male,NY,Life,1512.95,96,15,1,0,0,1
POL100852,Jane Davis,33,Male,NC,Life,3465.56,21,81,0,0,0,1
POL100853,Karen Davis,40,Female,OH,Life,575.71,58,107,1,0,0,0
POL100854,Jane Johnson,74,Male,MI,Auto,1257.94,40,69,1,1,2301.83,0
POL100855,Sarah Martinez,28,Female,NC,Auto,2060.22,31,80,0,0,0,1
POL100856,Michael Johnson,29,Male,TX,Home,2065.86,53,15,1,0,0,0
POL100857,Michael Jones,27,Female,TX,Life,2266.8,73,42,1,0,0,1
POL100858,Lisa Lopez,49,Male,CA,Life,2755.03,86,110,0,0,0,0
POL100859,Lisa Rodriguez,33,Female,NY,Home,2370.43,34,34,1,0,0,1
POL100860,Karen Garcia,25,Female,PA,Auto,2300.84,60,48,0,0,0,1
POL100861,James Martinez,55,Female,FL,Auto,660.54,16,83,0,0,0,0
POL100862,Robert Jones,29,Female,CA,Life,1629.59,15,8,1,0,0,1
POL100863,Jessica Rodriguez,41,Female,OH,Auto,1196.17,33,111,0,0,0,1
POL100864,Lisa Miller,45,Female,CA,Home,1296.11,28,10,0,1,12488.74,0
POL100865,Jane Wilson,70,Female,CA,Auto,2163.01,92,5,1,1,4095.4,0
POL100866,Jane Lopez,25,Female,GA,Auto,1098.52,18,116,0,0,0,1
POL100867,William Rodriguez,75,Female,GA,Auto,1381.85,45,48,0,1,12423.73,0
POL100868,Karen Brown,45,Male,OH,Home,1211.25,49,117,1,0,0,0
POL100869,James Davis,53,Male,NC,Auto,3345.51,33,26,1,0,0,1
POL100870,Emily Miller,43,Male,GA,Life,3334,57,86,1,0,0,0
POL100871,Sarah Davis,25,Female,TX,Life,2329.82,72,108,0,0,0,1
POL100872,James Miller,75,Female,MI,Home,3273.57,78,23,0,0,0,0
POL100873,Karen Johnson,67,Male,NY,Life,2857.44,62,62,0,0,0,1
POL100874,Sarah Miller,45,Male,IL,Home,2269.84,63,13,0,0,0,1
POL100875,Sarah Lopez,45,Male,GA,Life,519.31,51,9,0,0,0,0
POL100876,David Garcia,54,Female,GA,Auto,2817.55,54,113,0,1,25645.94,0
POL100877,Michael Lopez,58,Female,IL,Auto,2607.47,99,20,1,0,0,1
POL100878,Jessica Johnson,53,Male,TX,Home,2345.76,23,92,0,1,13976.41,1
POL100879,Jane Johnson,44,Male,PA,Life,2781.27,38,108,0,0,0,0
POL100880,Jane Miller,71,Female,NC,Home,2038.77,15,57,0,0,0,0
POL100881,Jane Wilson,34,Male,PA,Auto,2612.25,16,101,0,0,0,1
POL100882,Karen Garcia,26,Female,MI,Life,3305.52,46,24,0,0,0,0
POL100883,Joseph Williams,50,Male,CA,Life,1627.42,62,108,1,0,0,1
POL100884,Robert Smith,70,Male,GA,Life,2624.37,27,33,1,0,0,0
POL100885,Lisa Rodriguez,37,Female,GA,Auto,1927.06,96,20,1,0,0,1
POL100886,Robert Garcia,30,Female,MI,Auto,2523.2,47,60,0,0,0,0
POL100887,William Johnson,45,Male,FL,Auto,2788.68,68,48,0,0,0,1
POL100888,James Garcia,65,Male,TX,Auto,636.36,10,64,0,1,1695.56,0
POL100889,Nancy Lopez,46,Male,FL,Life,2439.8,77,30,1,0,0,1
POL100890,Joseph Miller,30,Female,NC,Auto,1180.22,53,108,0,0,0,1
POL100891,Nancy Wilson,63,Female,TX,Auto,2510.1,56,73,0,0,0,0
POL100892,John Jones,52,Female,TX,Home,1904.99,44,109,0,0,0,1
POL100893,Lisa Jones,23,Female,FL,Home,2820.66,96,113,1,1,17780.71,0
POL100894,Sarah Johnson,35,Female,CA,Life,870.2,69,17,1,0,0,0
POL100895,Lisa Rodriguez,68,Female,CA,Life,2378.97,99,100,0,1,16280.18,0
POL100896,Emily Williams,22,Male,OH,Auto,1335.41,61,14,1,0,0,1
POL100897,William Davis,64,Male,IL,Life,3058.95,17,19,0,0,0,0
POL100898,Emily Johnson,42,Male,MI,Auto,3285.15,89,71,1,0,0,1
POL100899,Sarah Rodriguez,19,Female,CA,Auto,3489.19,50,59,0,0,0,1
POL100900,Sarah Johnson,27,Male,FL,Auto,2888.02,12,67,0,0,0,1
POL100901,Joseph Jones,73,Female,FL,Auto,2761.2,78,97,0,0,0,0
POL100902,Lisa Brown,47,Female,IL,Home,1146.5,93,44,0,0,0,0
POL100903,Joseph Miller,67,Male,TX,Life,1508.02,23,32,1,0,0,1
POL100904,Nancy Rodriguez,62,Male,IL,Home,1897.05,35,111,0,1,16676.87,1
POL100905,Joseph Martinez,22,Female,PA,Life,2820.14,79,11,0,0,0,1
POL100906,Lisa Lopez,72,Male,GA,Life,3244.9,67,106,0,0,0,0
POL100907,William Rodriguez,73,Male,MI,Home,1067.42,49,2,1,1,6599.44,1
POL100908,John Martinez,50,Female,NC,Life,3267.1,60,90,1,0,0,1
POL100909,William Wilson,71,Male,NC,Life,2586.87,14,68,0,1,12911.15,0
POL100910,David Smith,18,Male,MI,Life,2332.31,86,17,1,0,0,1
POL100911,Michael Jones,35,Female,IL,Life,1099.52,41,81,0,0,0,1
POL100912,Karen Jones,49,Female,TX,Home,666.58,89,92,0,1,5749.57,1
POL100913,Sarah Garcia,64,Female,PA,Home,2205.39,10,94,0,0,0,0
POL100914,John Williams,66,Female,OH,Life,2454.55,86,40,1,0,0,0
POL100915,Nancy Williams,28,Female,PA,Auto,1132.34,63,87,0,1,11140.06,1
POL100916,Lisa Lopez,38,Female,TX,Life,2169.37,20,46,0,1,15149.53,0
POL100917,James Johnson,43,Female,MI,Life,3069.48,62,88,1,0,0,1
POL100918,Michael Wilson,42,Male,NY,Life,3005.2,17,93,0,1,26843.32,1
POL100919,William Smith,39,Male,OH,Life,3282.07,34,4,0,0,0,0
POL100920,Jane Wilson,44,Female,NY,Home,1597.66,49,38,0,0,0,1
POL100921,Robert Brown,66,Female,FL,Life,1454.15,41,63,1,0,0,1
POL100922,James Miller,30,Female,TX,Life,2748.28,97,29,1,0,0,1
POL100923,Jessica Garcia,50,Male,NY,Home,1793.34,37,19,1,0,0,0
POL100924,Michael Garcia,51,Female,TX,Auto,762.65,87,91,1,0,0,1
POL100925,David Wilson,58,Male,NY,Auto,1348.4,12,29,0,0,0,0
POL100926,Sarah Martinez,52,Female,FL,Life,1755.75,93,100,0,0,0,1
POL100927,Lisa Johnson,18,Female,TX,Life,1377.55,88,35,1,0,0,1
POL100928,John Williams,38,Male,OH,Home,1496.62,71,116,0,0,0,1
POL100929,Michael Martinez,65,Female,PA,Auto,1381.33,36,70,0,0,0,0
POL100930,John Lopez,72,Female,NY,Auto,624.5,54,23,1,0,0,0
POL100931,Jane Jones,23,Male,MI,Auto,2411.28,34,103,0,0,0,0
POL100932,Jessica Lopez,45,Female,GA,Auto,2291.88,70,46,0,1,15101.77,0
POL100933,James Davis,34,Female,GA,Home,2460.15,53,44,1,0,0,1
POL100934,Lisa Davis,22,Male,PA,Home,1076.93,55,48,1,0,0,1
POL100935,James Jones,48,Male,FL,Auto,1386.96,23,52,0,0,0,0
POL100936,Emily Rodriguez,22,Male,MI,Home,2358.85,17,8,0,1,17368.68,1
POL100937,Jane Garcia,55,Female,OH,Life,2298.88,57,55,0,0,0,1
POL100938,James Johnson,20,Male,GA,Auto,2018.99,23,66,0,1,14838.41,1
POL100939,David Lopez,70,Male,FL,Life,1551.24,74,77,1,0,0,1
POL100940,William Martinez,40,Male,GA,Life,3238.79,89,40,0,0,0,1
POL100941,Jessica Rodriguez,54,Male,MI,Home,1519.31,91,85,1,1,22761.36,1
POL100942,William Jones,70,Male,IL,Auto,1866.86,16,31,1,0,0,1
POL100943,John Brown,54,Female,NC,Home,2534.34,88,116,0,0,0,0
POL100944,James Martinez,27,Male,GA,Auto,2129.06,97,48,1,1,9002.97,1
POL100945,John Smith,27,Male,CA,Home,1540.66,58,100,0,0,0,1
POL100946,Emily Jones,36,Male,IL,Auto,1806.93,64,61,0,0,0,1
POL100947,Emily Williams,34,Male,NC,Auto,2883.44,22,112,1,0,0,1
POL100948,Joseph Jones,38,Female,PA,Life,1334.39,82,52,0,1,8530.92,1
POL100949,David Garcia,31,Male,PA,Life,926.77,65,38,0,0,0,1
POL100950,Jane Smith,26,Male,TX,Auto,1439.49,65,91,0,0,0,1
POL100951,Jessica Wilson,63,Female,IL,Auto,3048.6,24,36,0,0,0,0
POL100952,James Williams,18,Male,PA,Auto,766.97,66,112,0,0,0,1
POL100953,Michael Miller,68,Female,GA,Life,3475.09,67,87,1,1,22762.37,0
POL100954,Robert Wilson,62,Female,NC,Life,2123.01,44,55,1,0,0,0
POL100955,Emily Rodriguez,30,Male,GA,Auto,3454.54,97,85,1,0,0,1
POL100956,Robert Lopez,21,Female,CA,Life,3316.99,25,13,0,0,0,1
POL100957,Joseph Garcia,18,Male,PA,Life,1858.44,17,37,0,0,0,1
POL100958,Jane Miller,66,Female,NC,Life,1095.47,96,47,1,1,4576.99,1
POL100959,Nancy Wilson,57,Female,IL,Home,994.65,54,90,1,0,0,0
POL100960,John Miller,49,Male,CA,Life,1219.97,49,104,0,0,0,0
POL100961,John Davis,51,Female,PA,Auto,2630.4,63,71,0,0,0,0
POL100962,Jane Garcia,45,Male,OH,Auto,1318.85,23,110,0,1,5900.2,1
POL100963,Lisa Miller,48,Female,NY,Home,1524.28,68,103,1,1,12162.38,1
POL100964,Lisa Miller,25,Female,NC,Auto,1846.34,62,22,1,0,0,1
POL100965,Karen Lopez,56,Female,TX,Home,3239.7,36,39,0,1,20906.28,1
POL100966,James Jones,43,Male,CA,Home,1068.18,56,87,0,0,0,0
POL100967,Jane Miller,75,Male,FL,Life,515.08,89,58,1,0,0,1
POL100968,John Garcia,51,Male,GA,Life,680.29,15,30,1,1,1883.24,0
POL100969,Michael Martinez,71,Male,CA,Life,3214.3,64,18,1,1,27706.99,0
POL100970,Jessica Wilson,71,Female,CA,Auto,2442.55,53,106,0,1,21998.76,0
POL100971,Sarah Johnson,20,Male,NC,Auto,1319.12,27,18,0,1,7205.3,1
POL100972,James Johnson,67,Male,IL,Life,1031.58,25,110,0,0,0,0
POL100973,Emily Miller,29,Female,TX,Auto,1382.8,21,74,1,0,0,0
POL100974,Lisa Miller,18,Male,PA,Auto,844.39,29,39,0,0,0,0
POL100975,Robert Johnson,71,Male,IL,Life,3324.6,54,94,0,0,0,0
POL100976,James Jones,61,Female,GA,Home,2852.62,73,26,1,0,0,0
POL100977,Karen Garcia,22,Female,OH,Home,1887.17,68,71,1,0,0,0
POL100978,Emily Garcia,47,Male,NC,Auto,3094.89,99,7,1,0,0,1
POL100979,Joseph Williams,47,Male,CA,Auto,1248.37,31,69,0,0,0,1
POL100980,Jane Rodriguez,74,Female,NC,Life,2651.36,56,65,0,0,0,1
POL100981,William Johnson,34,Male,TX,Life,3068.4,38,46,1,0,0,1
POL100982,Robert Rodriguez,65,Male,OH,Home,1570.31,95,18,1,0,0,0
POL100983,Emily Garcia,64,Male,NC,Auto,2772.39,54,13,0,0,0,0
POL100984,Sarah Wilson,40,Female,FL,Life,1385.22,86,25,1,0,0,1
POL100985,Nancy Lopez,32,Female,TX,Auto,1396.57,18,104,0,0,0,0
POL100986,Nancy Williams,54,Male,FL,Auto,821.17,33,8,1,0,0,0
POL100987,Emily Johnson,38,Female,NY,Home,1820.17,24,74,0,0,0,1
POL100988,Michael Jones,31,Male,FL,Auto,2689.14,45,32,0,0,0,0
POL100989,Emily Williams,19,Female,PA,Life,3320.66,22,17,0,0,0,1
POL100990,Lisa Williams,28,Female,NC,Auto,2311.39,53,102,1,0,0,1
POL100991,Joseph Lopez,68,Female,MI,Life,3089.41,80,79,0,1,10120.02,0
POL100992,Jane Williams,56,Female,TX,Auto,2967.48,81,79,1,0,0,1
POL100993,Joseph Lopez,55,Male,MI,Auto,1020.03,87,48,1,1,9746.03,0
POL100994,Jessica Davis,51,Male,NC,Auto,1957.45,85,63,1,0,0,0
POL100995,Joseph Martinez,55,Male,NC,Auto,850.77,45,40,0,0,0,0
POL100996,Joseph Martinez,67,Male,NY,Auto,2546.46,70,115,1,0,0,0
POL100997,Jessica Lopez,51,Male,NC,Life,3349.7,90,84,1,0,0,0
POL100998,Lisa Lopez,35,Female,PA,Life,911.27,49,15,1,0,0,1
POL100999,William Martinez,47,Female,NC,Home,2701.65,36,99,0,1,24312.94,0
POL101000,Sarah Lopez,32,Male,FL,Home,2396.71,10,6,1,0,0,1
POL101001,Sarah Williams,44,Female,NC,Home,2250.82,43,94,1,0,0,0
POL101002,Jessica Johnson,68,Male,TX,Life,1670.36,77,63,0,0,0,1
POL101003,Jessica Davis,51,Female,PA,Auto,1565.39,97,8,0,0,0,0
POL101004,William Jones,69,Female,TX,Auto,635.75,30,95,0,1,2274.23,0
POL101005,Joseph Jones,74,Female,CA,Auto,1153.73,42,112,1,1,2668.05,0
POL101006,Lisa Smith,55,Male,TX,Life,545.53,16,111,0,1,2861.61,1
POL101007,Sarah Rodriguez,50,Female,MI,Life,2244.25,74,32,1,0,0,1
POL101008,Jane Jones,41,Male,FL,Life,817.56,12,45,0,0,0,0
POL101009,Jessica Davis,32,Female,TX,Auto,3119.06,60,52,0,0,0,1
POL101010,John Smith,47,Male,NC,Auto,2069.43,88,79,1,0,0,0
POL101011,Sarah Jones,72,Male,MI,Auto,2599.07,63,82,1,0,0,0
POL101012,Jane Lopez,59,Female,OH,Home,1732.57,89,13,0,1,12560.05,0
POL101013,Nancy Johnson,68,Male,FL,Home,2181.74,83,24,1,0,0,1
POL101014,Lisa Martinez,34,Male,IL,Auto,3327.98,68,40,1,0,0,0
POL101015,Robert Miller,22,Male,NY,Auto,748.2,15,14,1,1,2237.72,1
POL101016,Jessica Martinez,46,Female,OH,Auto,1261.81,38,92,0,0,0,0
POL101017,Robert Wilson,21,Female,IL,Auto,2839.96,26,75,0,0,0,0
POL101018,John Davis,27,Female,OH,Auto,796.21,69,70,0,0,0,0
POL101019,Joseph Martinez,73,Male,NC,Life,726.98,31,62,0,0,0,1
POL101020,William Brown,34,Male,OH,Life,1584.62,33,89,0,1,9289.53,0
POL101021,Sarah Martinez,27,Male,GA,Auto,776.5,90,61,0,0,0,1
POL101022,Jessica Rodriguez,34,Female,GA,Home,2255.24,94,1,1,0,0,1
POL101023,Michael Smith,37,Male,PA,Auto,1178.83,60,89,0,0,0,1
POL101024,Jessica Johnson,41,Male,TX,Life,3187.09,59,66,1,0,0,0
POL101025,Joseph Garcia,22,Female,IL,Home,2850.5,20,32,1,0,0,1
POL101026,Karen Johnson,51,Female,NY,Life,2599.12,65,13,0,0,0,0
POL101027,Robert Lopez,23,Male,CA,Life,2350.83,80,33,1,0,0,1
POL101028,Michael Smith,70,Male,IL,Life,3090.4,51,32,1,1,15810.58,1
POL101029,Emily Wilson,19,Female,NC,Home,1169.19,48,56,1,0,0,1
POL101030,Jessica Davis,30,Female,IL,Auto,3119.33,78,24,1,0,0,1
POL101031,Robert Rodriguez,60,Male,FL,Auto,2868.48,57,91,0,0,0,1
POL101032,Lisa Williams,60,Male,MI,Life,2744.48,66,4,0,0,0,1
POL101033,Sarah Garcia,65,Male,MI,Life,2183.77,30,88,0,0,0,0
POL101034,David Miller,28,Female,CA,Life,1238.73,91,23,1,0,0,1
POL101035,James Garcia,68,Female,NY,Auto,1770.64,29,29,0,0,0,0
POL101036,William Martinez,64,Female,OH,Auto,2880.71,24,98,1,0,0,0
POL101037,John Lopez,74,Female,TX,Home,595.34,78,21,1,0,0,0
POL101038,William Garcia,40,Female,TX,Life,2846.15,86,30,1,1,25813.68,0
POL101039,Jane Garcia,72,Male,GA,Auto,1220.21,60,90,1,1,6285.69,0
POL101040,Jane Rodriguez,33,Female,TX,Home,932.93,85,20,1,0,0,1
POL101041,William Miller,48,Male,FL,Home,847.1,71,16,1,0,0,0
POL101042,David Jones,28,Male,OH,Home,581.75,94,67,1,1,3512.08,1
POL101043,Karen Lopez,71,Male,TX,Auto,2070.76,46,49,0,1,19920.57,0
POL101044,Lisa Williams,33,Female,OH,Life,1154.78,15,101,0,0,0,0
POL101045,Sarah Johnson,25,Male,OH,Auto,3468.3,80,58,0,0,0,0
POL101046,Lisa Lopez,21,Female,MI,Life,2223.31,35,104,0,0,0,1
POL101047,Michael Garcia,57,Male,FL,Auto,913.66,17,44,0,0,0,1
POL101048,David Lopez,21,Male,FL,Home,2566.29,82,25,1,1,10386.75,1
POL101049,Karen Lopez,73,Female,PA,Life,3193.23,13,23,0,1,12633.77,0
POL101050,James Williams,42,Female,CA,Life,2735.54,30,108,0,0,0,1
POL101051,Lisa Wilson,20,Male,FL,Home,729.32,40,59,1,1,6050.85,1
POL101052,Jane Jones,49,Female,IL,Life,3187.65,30,1,1,0,0,0
POL101053,Robert Miller,20,Female,TX,Auto,2881.79,34,97,1,0,0,1
POL101054,William Garcia,44,Female,OH,Auto,974.91,24,15,1,1,3762.26,0
POL101055,Nancy Williams,46,Female,CA,Home,655.36,44,81,1,0,0,1
POL101056,William Wilson,49,Female,MI,Auto,2171.93,58,98,1,0,0,1
POL101057,Nancy Wilson,67,Male,TX,Auto,968.11,52,81,1,0,0,0
POL101058,William Rodriguez,75,Female,FL,Auto,3003.77,50,52,1,0,0,1
POL101059,Jane Lopez,68,Female,GA,Home,1575,46,58,0,0,0,1
POL101060,William Miller,36,Male,TX,Auto,3238.68,66,41,0,1,27758.27,1
POL101061,Robert Garcia,38,Female,IL,Life,2197.06,51,44,1,0,0,0
POL101062,John Garcia,22,Female,PA,Life,1048.02,56,4,0,0,0,1
POL101063,David Williams,35,Male,NY,Home,918.8,70,77,0,1,2124.31,1
POL101064,Emily Garcia,45,Male,CA,Life,2229.42,23,68,0,0,0,1
POL101065,Joseph Davis,59,Male,NC,Life,2785.65,77,7,1,0,0,0
POL101066,Emily Brown,39,Female,IL,Auto,2844.52,62,46,1,0,0,1
POL101067,Michael Williams,38,Male,NC,Home,1327.27,93,9,1,0,0,1
POL101068,Jane Jones,23,Male,CA,Auto,1112.74,43,87,1,0,0,1
POL101069,Nancy Johnson,18,Male,MI,Life,550.27,85,33,0,0,0,1
POL101070,Robert Rodriguez,22,Female,GA,Life,2537.6,33,33,0,0,0,1
POL101071,Nancy Wilson,58,Female,FL,Home,729.7,29,84,0,0,0,0
POL101072,Robert Smith,29,Female,GA,Auto,1762.28,78,4,1,0,0,1
POL101073,William Garcia,43,Male,IL,Auto,2305.05,39,65,0,0,0,1
POL101074,Joseph Martinez,63,Male,CA,Life,3311.33,97,118,1,0,0,1
POL101075,Michael Martinez,51,Male,NC,Home,1435.41,16,106,0,0,0,0
POL101076,James Williams,66,Female,MI,Home,1249.32,45,34,0,0,0,0
POL101077,Michael Williams,31,Male,GA,Auto,2462.48,47,91,0,0,0,0
POL101078,Nancy Wilson,43,Female,TX,Auto,2357.72,89,85,0,1,5766.32,0
POL101079,Joseph Martinez,62,Female,CA,Life,1496.33,61,88,0,0,0,1
POL101080,Joseph Williams,44,Female,PA,Auto,3284.31,24,79,0,0,0,1
POL101081,Karen Davis,26,Female,IL,Life,3034.59,55,99,0,1,27800.63,0
POL101082,John Miller,43,Male,NY,Home,1171.95,32,64,1,0,0,1
POL101083,Sarah Lopez,74,Male,OH,Home,1217.43,21,25,0,1,7422.55,0
POL101084,Karen Brown,64,Male,IL,Life,2036.9,53,55,0,0,0,0
POL101085,Jessica Martinez,74,Female,CA,Home,2820.72,24,9,0,0,0,0
POL101086,David Wilson,39,Female,GA,Auto,632.12,58,17,0,0,0,1
POL101087,Joseph Davis,64,Male,OH,Life,2580.01,30,21,1,0,0,0
POL101088,Emily Rodriguez,73,Female,MI,Life,2444.71,24,60,1,0,0,0
POL101089,Emily Jones,47,Male,TX,Life,1194.44,23,13,0,0,0,1
POL101090,Joseph Davis,60,Male,GA,Auto,2544.06,51,3,1,0,0,1
POL101091,Nancy Brown,65,Male,IL,Auto,3320.55,89,68,0,1,25269.12,0
POL101092,Sarah Lopez,34,Female,FL,Life,640.36,24,4,1,0,0,0
POL101093,Lisa Davis,43,Female,NC,Life,1458.96,72,107,1,0,0,1
POL101094,Jessica Jones,53,Male,CA,Life,1814.53,77,92,1,0,0,1
POL101095,Joseph Miller,18,Male,CA,Life,3197.78,36,7,1,0,0,1
POL101096,Robert Rodriguez,25,Female,MI,Home,3386.78,96,26,1,0,0,1
POL101097,James Williams,66,Male,MI,Auto,1832.35,62,75,0,0,0,1
POL101098,Nancy Brown,52,Male,PA,Life,2750.09,61,24,0,0,0,1
POL101099,Joseph Martinez,69,Female,FL,Life,2094.98,72,107,0,0,0,1
POL101100,Michael Jones,32,Female,GA,Home,2113.35,82,10,1,0,0,1
POL101101,John Lopez,64,Male,OH,Auto,1334.3,62,101,0,0,0,1
POL101102,Jessica Garcia,73,Female,OH,Auto,1150.87,66,13,1,1,3930.17,0
POL101103,Robert Johnson,39,Female,NY,Auto,1364.02,61,44,1,0,0,1
POL101104,Karen Rodriguez,31,Male,CA,Home,2168.98,52,106,0,1,6318.96,1
POL101105,Nancy Johnson,43,Male,IL,Auto,587.47,16,39,1,1,5050.54,1
POL101106,David Johnson,45,Male,IL,Auto,3221.75,51,19,0,0,0,0
POL101107,Joseph Williams,40,Female,IL,Home,968.85,13,51,0,1,4406.62,1
POL101108,David Davis,31,Male,NC,Auto,1160.27,78,19,1,0,0,0
POL101109,Robert Williams,41,Female,PA,Home,2054.83,14,76,0,1,11029.87,1
POL101110,Nancy Miller,19,Female,OH,Home,2630.34,84,52,1,0,0,0
POL101111,Jane Brown,62,Male,IL,Life,787.19,89,86,0,0,0,0
POL101112,Nancy Davis,43,Male,PA,Home,1453.08,50,47,0,1,2525.11,1
POL101113,Sarah Smith,31,Male,CA,Life,3406.02,13,101,0,1,16280.73,0
POL101114,James Smith,73,Male,NY,Home,1287.03,11,30,1,0,0,0
POL101115,James Rodriguez,68,Male,CA,Home,1439.15,76,46,1,0,0,0
POL101116,Sarah Brown,24,Male,GA,Home,3009.5,30,76,1,1,24222.63,1
POL101117,James Johnson,20,Male,FL,Auto,650.64,79,93,1,0,0,1
POL101118,Sarah Brown,64,Female,MI,Auto,1893.84,52,21,1,1,16061.35,0
POL101119,John Garcia,40,Male,GA,Auto,1638.85,91,75,0,1,24384.17,1
POL101120,Jane Wilson,63,Female,FL,Home,1449.76,78,101,0,1,10704.34,1
POL101121,William Garcia,60,Male,MI,Auto,1357.1,18,48,0,0,0,1
POL101122,Joseph Williams,64,Male,OH,Life,774.12,93,62,0,0,0,0
POL101123,Michael Smith,62,Female,IL,Auto,1444.48,37,58,0,0,0,1
POL101124,David Davis,35,Female,CA,Auto,629.16,35,18,0,0,0,1
POL101125,Karen Williams,75,Male,GA,Auto,2842.89,91,108,1,0,0,0
POL101126,Joseph Wilson,55,Female,NC,Home,1694.68,92,59,1,0,0,0
POL101127,Jessica Davis,52,Male,MI,Auto,1831.71,12,91,0,0,0,1
POL101128,Lisa Smith,68,Female,MI,Home,3180.78,82,101,0,0,0,0
POL101129,Jane Smith,32,Female,OH,Auto,2474.16,58,48,0,0,0,1
POL101130,David Brown,42,Female,MI,Home,524.18,26,63,0,0,0,0
POL101131,Nancy Williams,72,Female,NC,Life,3329.52,72,12,1,0,0,0
POL101132,Robert Wilson,54,Male,OH,Auto,1211.43,64,87,0,0,0,0
POL101133,Lisa Rodriguez,45,Female,NY,Home,822.84,32,34,0,0,0,0
POL101134,James Johnson,27,Female,MI,Auto,2804.38,43,61,0,1,16273.91,1
POL101135,Joseph Jones,56,Female,CA,Life,2001.43,78,102,1,0,0,1
POL101136,Emily Jones,74,Male,MI,Home,1801.31,24,87,0,0,0,0
POL101137,Jane Smith,34,Male,CA,Home,1248.51,56,53,1,0,0,1
POL101138,Emily Miller,56,Male,MI,Auto,2142.41,12,25,1,0,0,1
POL101139,William Martinez,39,Female,CA,Auto,1323.15,92,62,1,0,0,0
POL101140,Jessica Johnson,43,Female,CA,Life,3204.75,37,4,1,1,19471.42,0
POL101141,Jane Davis,61,Female,FL,Life,1145.61,12,94,1,1,8949.93,0
POL101142,Lisa Rodriguez,42,Female,PA,Auto,3153.07,13,94,0,0,0,0
POL101143,John Lopez,34,Male,MI,Home,2178.22,97,13,0,0,0,1
POL101144,Robert Martinez,30,Female,MI,Life,2985.46,40,42,0,1,10753.82,1
POL101145,Emily Wilson,37,Male,OH,Life,2638.54,54,49,1,0,0,1
POL101146,Michael Jones,42,Female,OH,Auto,2590.09,68,78,0,0,0,0
POL101147,James Smith,21,Male,NY,Home,1473.04,54,56,0,1,5108.35,1
POL101148,Lisa Garcia,27,Male,PA,Home,1201.69,84,47,0,0,0,1
POL101149,Emily Martinez,20,Male,GA,Life,1132.66,46,8,1,1,10844.5,0
POL101150,James Williams,58,Female,GA,Auto,3071.57,74,55,1,0,0,0
POL101151,William Lopez,62,Male,MI,Home,2961.28,18,88,0,1,5138.9,0
POL101152,Jane Rodriguez,35,Male,NC,Auto,1821.72,26,18,1,0,0,1
POL101153,Sarah Johnson,64,Male,NY,Auto,897.21,74,35,1,1,2409.42,0
POL101154,Robert Rodriguez,53,Male,OH,Auto,1646.76,12,89,0,0,0,0
POL101155,Robert Rodriguez,64,Female,OH,Home,2358.03,35,81,0,1,14968.36,0
POL101156,Robert Smith,39,Female,NY,Life,1863.21,62,32,0,0,0,1
POL101157,James Davis,51,Male,FL,Life,2840.57,40,24,0,1,22075.76,1
POL101158,John Lopez,64,Male,MI,Auto,3492.87,35,7,0,0,0,1
POL101159,James Garcia,25,Male,TX,Home,1073.4,32,13,1,0,0,1
POL101160,David Wilson,57,Female,NY,Home,1878.95,39,91,0,0,0,1
POL101161,John Garcia,66,Female,PA,Home,1792.95,19,112,0,0,0,0
POL101162,Joseph Johnson,61,Male,CA,Auto,1413.48,81,69,0,1,17165.51,0
POL101163,Sarah Brown,36,Female,IL,Life,1094.29,98,100,0,1,9888.1,0
POL101164,Karen Lopez,59,Female,OH,Life,697.08,73,90,0,1,6840.3,0
POL101165,William Johnson,58,Male,NY,Life,3161.36,31,42,1,1,23655.66,0
POL101166,Joseph Martinez,54,Male,GA,Auto,1759.55,24,109,0,0,0,1
POL101167,Karen Garcia,23,Female,IL,Auto,1990.69,65,31,0,0,0,1
POL101168,Michael Smith,69,Male,PA,Life,3250.83,83,74,1,0,0,1
POL101169,Sarah Rodriguez,43,Female,PA,Life,2828.87,29,110,0,0,0,1
POL101170,Sarah Lopez,51,Male,PA,Home,891.5,56,26,0,0,0,1
POL101171,Michael Lopez,73,Female,FL,Auto,2196.26,96,86,0,0,0,0
POL101172,Jessica Wilson,62,Male,IL,Auto,1826.76,62,76,0,0,0,1
POL101173,Jessica Lopez,23,Male,GA,Auto,2891.63,62,32,1,1,24772.08,0
POL101174,Michael Williams,54,Female,NY,Auto,2672.7,10,91,1,0,0,1
POL101175,Jane Wilson,74,Male,PA,Auto,2571.22,11,97,0,1,4736.44,1
POL101176,Joseph Davis,50,Female,GA,Life,1521.63,67,117,0,0,0,0
POL101177,John Jones,70,Male,IL,Home,2914.89,28,52,0,0,0,0
POL101178,Emily Smith,39,Male,TX,Home,657.17,71,20,1,0,0,1
POL101179,Joseph Brown,38,Male,FL,Home,978.87,87,103,1,1,3431.25,1
POL101180,John Garcia,23,Male,NC,Life,1506.87,81,105,1,0,0,1
POL101181,David Rodriguez,23,Female,NC,Life,730.42,21,40,1,1,3418.7,1
POL101182,James Rodriguez,72,Female,PA,Home,1204.98,35,59,0,0,0,0
POL101183,Jessica Jones,65,Male,OH,Home,2990.45,36,77,0,0,0,0
POL101184,John Lopez,21,Male,PA,Home,3344.75,38,14,1,1,10208.55,1
POL101185,Emily Jones,47,Male,TX,Home,1413.81,24,44,1,0,0,0
POL101186,Sarah Smith,28,Female,GA,Life,1293.55,55,104,0,0,0,0
POL101187,Nancy Lopez,47,Male,CA,Auto,1339.68,10,117,0,0,0,1
POL101188,Sarah Jones,48,Female,PA,Home,1333.16,69,86,0,1,2825.82,1
POL101189,Jane Garcia,41,Female,PA,Home,607.79,66,82,0,0,0,0
POL101190,James Miller,72,Male,MI,Life,3280.75,12,48,1,1,11198.12,0
POL101191,Karen Davis,26,Male,NC,Life,1141.09,27,93,1,0,0,0
POL101192,James Garcia,72,Male,FL,Home,1760.01,61,43,1,1,10623.25,0
POL101193,Michael Davis,20,Male,PA,Home,529.06,69,16,1,0,0,0
POL101194,Karen Davis,68,Female,IL,Home,3073.87,43,110,0,0,0,1
POL101195,Sarah Rodriguez,48,Female,CA,Home,2693.47,98,35,1,0,0,1
POL101196,David Johnson,57,Female,CA,Auto,3340.27,69,53,1,0,0,1
POL101197,Karen Miller,54,Male,OH,Auto,2844.85,35,34,1,0,0,0
POL101198,Jane Miller,53,Female,PA,Home,1441.12,81,3,1,0,0,0
POL101199,Lisa Williams,41,Male,MI,Home,1243.62,28,68,0,0,0,1
POL101200,Robert Jones,48,Male,GA,Auto,2593.15,31,118,1,1,19225.19,1
POL101201,Sarah Johnson,23,Female,TX,Auto,1592.34,42,5,1,0,0,1
POL101202,Jane Garcia,19,Female,OH,Home,2198.65,47,10,1,0,0,1
POL101203,William Jones,37,Female,FL,Home,518.77,44,52,1,1,4191.24,1
POL101204,David Davis,45,Female,IL,Home,685.66,76,29,0,0,0,0
POL101205,Lisa Wilson,28,Male,GA,Auto,2106.1,92,96,1,0,0,1
POL101206,James Williams,21,Female,PA,Auto,2198.21,19,31,1,1,4099.57,1
POL101207,Karen Davis,32,Male,PA,Auto,2754.36,24,66,0,0,0,1
POL101208,Sarah Davis,23,Female,GA,Life,895.9,20,76,1,0,0,1
POL101209,John Wilson,71,Female,PA,Auto,2039.55,99,91,0,0,0,0
POL101210,Nancy Garcia,66,Male,TX,Auto,1083.34,33,69,1,0,0,1
POL101211,Lisa Miller,47,Male,TX,Life,779.59,86,37,1,0,0,1
POL101212,David Lopez,73,Male,PA,Auto,1731.49,13,27,0,0,0,0
POL101213,Joseph Smith,55,Male,NY,Auto,990.01,22,87,1,1,5086.56,0
POL101214,Jane Lopez,68,Male,CA,Auto,1165.35,82,33,1,1,2958.59,1
POL101215,William Miller,74,Male,FL,Auto,1452.66,66,68,0,1,7503.28,1
POL101216,Sarah Rodriguez,19,Male,MI,Life,1278.17,46,59,1,0,0,1
POL101217,Joseph Wilson,32,Female,IL,Home,762.77,57,64,0,0,0,1
POL101218,William Williams,28,Female,NC,Life,769.75,80,85,1,0,0,0
POL101219,John Williams,25,Female,NC,Auto,1079.75,10,88,1,0,0,1
POL101220,Nancy Martinez,43,Female,IL,Auto,651.68,69,44,0,1,3381.43,0
POL101221,William Davis,68,Female,NC,Home,2379.37,21,95,0,0,0,1
POL101222,John Williams,62,Male,NC,Home,1361.98,30,108,0,1,7810.68,0
POL101223,Jane Brown,61,Male,TX,Home,1339.24,20,112,1,0,0,1
POL101224,Joseph Lopez,22,Male,OH,Auto,1495.99,53,88,1,1,13597.14,1
POL101225,Sarah Garcia,23,Male,MI,Home,2488.39,67,49,1,0,0,1
POL101226,James Martinez,43,Male,CA,Auto,3111.9,53,53,0,0,0,1
POL101227,John Martinez,71,Male,FL,Home,2777.26,87,74,1,0,0,0
POL101228,Michael Lopez,21,Female,CA,Life,2682.59,43,49,0,1,22381.68,1
POL101229,Jessica Garcia,36,Female,CA,Auto,1953.17,34,113,0,0,0,0
POL101230,Sarah Davis,37,Female,MI,Life,2581.42,13,114,0,0,0,1
POL101231,Joseph Johnson,50,Female,OH,Auto,2158.29,73,66,0,0,0,0
POL101232,Lisa Williams,37,Male,IL,Life,1148.75,99,95,0,0,0,1
POL101233,Robert Garcia,66,Male,TX,Auto,1125.77,25,63,1,0,0,0
POL101234,James Garcia,29,Female,PA,Life,1389.18,19,25,0,0,0,0
POL101235,William Jones,64,Female,NC,Life,3232.41,75,4,1,1,22342.83,0
POL101236,Emily Johnson,18,Female,PA,Home,2142.24,44,51,1,0,0,1
POL101237,John Wilson,43,Female,OH,Home,2701.72,92,11,1,1,48771.25,1
POL101238,Michael Davis,31,Female,TX,Auto,1539.68,15,17,0,0,0,1
POL101239,Robert Miller,55,Male,OH,Auto,1723.15,28,108,0,0,0,0
POL101240,Robert Johnson,54,Male,CA,Life,876.7,68,66,1,0,0,0
POL101241,David Jones,28,Male,IL,Auto,1013.88,62,70,0,0,0,1
POL101242,Karen Davis,53,Male,MI,Life,2982.07,17,73,0,0,0,0
POL101243,Emily Martinez,30,Male,MI,Auto,2254.52,87,69,1,0,0,1
POL101244,David Wilson,60,Female,CA,Home,1512.6,19,84,0,0,0,1
POL101245,Jessica Brown,20,Female,PA,Life,2908.55,76,29,0,0,0,1
POL101246,Jane Williams,50,Male,FL,Auto,1239.56,47,85,0,1,9007.86,0
POL101247,Nancy Johnson,23,Male,GA,Home,3428.1,38,73,1,0,0,1
POL101248,Jessica Williams,67,Male,NY,Auto,1534.45,24,92,0,1,12981.86,1
POL101249,Karen Davis,73,Male,FL,Auto,1511.93,96,119,0,0,0,1
POL101250,Jane Lopez,27,Female,NC,Life,1435.74,32,72,0,0,0,1
POL101251,Nancy Garcia,22,Male,TX,Auto,866.33,91,95,0,0,0,1
POL101252,William Garcia,40,Female,IL,Home,833.41,55,20,1,0,0,0
POL101253,Karen Johnson,27,Female,NY,Home,2444.32,92,27,0,0,0,0
POL101254,Robert Rodriguez,61,Female,GA,Auto,3125.35,37,8,1,0,0,1
POL101255,David Jones,19,Female,FL,Auto,2871.56,35,118,0,1,18068.19,1
POL101256,Nancy Williams,30,Female,FL,Auto,923.32,19,85,0,0,0,1
POL101257,Karen Wilson,57,Female,FL,Home,2136.75,56,61,0,1,12744.34,1
POL101258,Karen Lopez,19,Female,FL,Life,816.77,13,28,0,0,0,1
POL101259,Michael Garcia,37,Male,GA,Auto,635.88,64,87,1,1,4867.55,1
POL101260,Robert Brown,18,Male,FL,Home,2469.16,75,70,0,0,0,1
POL101261,Jane Brown,54,Female,TX,Auto,2105.46,76,3,1,0,0,0
POL101262,Joseph Williams,26,Male,NY,Auto,746.07,16,69,0,0,0,0
POL101263,Emily Davis,34,Female,IL,Home,604.82,64,73,1,0,0,1
POL101264,John Garcia,26,Male,FL,Home,3469.27,89,7,1,0,0,1
POL101265,Robert Martinez,28,Male,NY,Life,590.06,40,60,0,0,0,1
POL101266,Sarah Davis,32,Male,MI,Home,1833.58,83,4,0,1,3057.24,1
POL101267,Joseph Rodriguez,41,Male,GA,Home,2013.86,28,103,0,0,0,1
POL101268,Michael Martinez,55,Female,GA,Home,851.84,37,5,1,1,6276.54,0
POL101269,Jane Johnson,72,Male,OH,Auto,1007.19,90,11,0,0,0,1
POL101270,David Miller,52,Male,NC,Home,1555.42,37,15,1,0,0,1
POL101271,Karen Wilson,47,Female,NC,Auto,2785.03,28,64,0,0,0,0
POL101272,Jessica Rodriguez,48,Female,MI,Auto,2021.25,96,98,1,0,0,1
POL101273,James Miller,66,Female,FL,Life,2413.71,29,13,1,0,0,0
POL101274,Nancy Martinez,22,Male,OH,Auto,3455.52,22,118,0,0,0,0
POL101275,Jane Williams,61,Female,TX,Auto,2804.02,86,112,1,1,26479.5,1
POL101276,Sarah Lopez,67,Male,NC,Auto,1803.08,52,7,1,0,0,1
POL101277,Jane Davis,31,Male,MI,Life,1839.33,20,104,0,0,0,1
POL101278,Jessica Lopez,70,Female,OH,Home,2356.32,57,6,1,0,0,0
POL101279,Robert Garcia,73,Male,MI,Auto,2496.1,24,56,0,0,0,0
POL101280,Michael Rodriguez,28,Male,OH,Home,2002.13,26,64,0,0,0,1
POL101281,William Martinez,26,Female,IL,Life,2434.58,63,103,0,0,0,0
POL101282,Michael Williams,51,Male,PA,Life,570.6,59,50,0,0,0,0
POL101283,James Rodriguez,29,Male,IL,Life,1788.87,37,30,1,0,0,0
POL101284,Nancy Smith,52,Male,OH,Home,1336.81,92,22,1,0,0,1
POL101285,Nancy Johnson,52,Female,PA,Home,887.52,13,25,1,0,0,0
POL101286,Robert Williams,18,Female,PA,Home,798.64,31,28,1,0,0,0
POL101287,David Williams,57,Male,FL,Life,2309.58,95,118,1,1,17480.07,0
POL101288,Michael Garcia,39,Female,PA,Home,2070.8,48,84,0,0,0,1
POL101289,Karen Brown,46,Male,NC,Life,1260.75,43,39,0,0,0,0
POL101290,Sarah Rodriguez,25,Male,PA,Home,1912.85,53,67,0,0,0,1
POL101291,David Johnson,28,Male,CA,Home,1976.7,51,5,1,0,0,1
POL101292,David Brown,58,Male,TX,Auto,1085.03,49,65,0,0,0,0
POL101293,William Rodriguez,54,Female,PA,Auto,2456.28,21,15,1,1,4452.61,1
POL101294,David Williams,31,Male,FL,Auto,2842.76,11,90,0,0,0,1
POL101295,William Jones,47,Male,NC,Life,2874.39,37,67,0,1,13544.21,1
POL101296,Lisa Rodriguez,52,Female,MI,Auto,2307.41,83,40,0,0,0,0
POL101297,Jane Rodriguez,38,Male,TX,Home,2034.92,95,105,0,1,34111.12,0
POL101298,William Williams,54,Female,CA,Auto,683.02,90,111,1,0,0,0
POL101299,Lisa Martinez,22,Male,NC,Life,1363.49,99,106,1,0,0,1
POL101300,Michael Williams,36,Male,GA,Auto,779.81,76,98,0,0,0,1
POL101301,William Martinez,31,Male,NC,Life,3391.47,80,116,0,0,0,1
POL101302,Karen Martinez,43,Male,PA,Home,905.24,81,69,1,0,0,1
POL101303,Sarah Martinez,21,Male,CA,Auto,955.33,93,95,0,0,0,1
POL101304,John Smith,42,Female,MI,Home,3168.73,85,115,1,0,0,0
POL101305,Jane Smith,62,Male,FL,Home,3331.78,90,77,0,0,0,1
POL101306,William Martinez,59,Male,PA,Home,2797.49,19,43,0,0,0,1
POL101307,David Lopez,42,Male,NC,Home,516.21,95,1,1,0,0,1
POL101308,Emily Martinez,35,Female,FL,Home,504.04,66,22,0,1,4863.06,0
POL101309,James Martinez,57,Male,GA,Auto,1634.3,95,62,1,0,0,0
POL101310,William Smith,25,Female,IL,Auto,930.19,46,79,1,0,0,1
POL101311,Jessica Lopez,56,Male,MI,Home,555.16,86,26,1,0,0,0
POL101312,Robert Jones,57,Female,NY,Life,1892.2,73,18,0,0,0,0
POL101313,William Jones,31,Female,GA,Auto,3329.19,88,48,1,0,0,1
POL101314,Jessica Brown,49,Male,MI,Life,1471.46,95,9,1,1,6836.97,0
POL101315,Joseph Lopez,68,Female,GA,Auto,2483.42,49,1,1,0,0,0
POL101316,James Jones,55,Female,GA,Auto,2456.71,69,107,0,0,0,1
POL101317,Jessica Johnson,50,Male,MI,Life,1253.24,57,9,1,0,0,1
POL101318,Karen Smith,40,Female,OH,Home,2451.28,28,23,1,0,0,0
POL101319,Michael Davis,32,Male,CA,Auto,1137,81,107,1,0,0,1
POL101320,James Davis,50,Male,TX,Auto,866.02,42,45,0,1,7491.2,1
POL101321,Jessica Brown,42,Male,NY,Auto,2604.15,53,2,1,0,0,1
POL101322,Sarah Martinez,34,Male,NC,Home,840.32,46,14,0,1,7430.43,0
POL101323,Michael Garcia,50,Male,GA,Home,3490.73,98,38,1,1,8894.15,0
POL101324,Nancy Wilson,64,Male,NC,Home,1050.36,45,40,1,0,0,0
POL101325,Sarah Wilson,72,Female,NY,Home,2282.43,90,63,1,0,0,0
POL101326,Nancy Garcia,19,Female,PA,Auto,1734.12,97,82,0,0,0,1
POL101327,James Williams,31,Female,GA,Home,879.16,30,16,1,0,0,1
POL101328,Joseph Garcia,70,Female,TX,Home,583.53,11,117,0,0,0,0
POL101329,Robert Rodriguez,57,Male,CA,Life,2368.2,40,93,0,1,20577.77,0
POL101330,Jane Garcia,57,Male,PA,Life,2920.27,39,108,0,0,0,1
POL101331,Emily Davis,68,Male,CA,Auto,3026.05,85,75,0,0,0,1
POL101332,Jane Jones,56,Female,IL,Auto,1948.14,53,6,1,0,0,1
POL101333,Jessica Brown,68,Male,MI,Auto,2832.37,21,3,1,0,0,0
POL101334,Michael Johnson,23,Female,IL,Auto,2518.54,60,14,1,0,0,1
POL101335,John Jones,23,Male,NY,Home,2672.76,58,66,1,0,0,0
POL101336,James Martinez,20,Male,MI,Life,1977.8,33,96,0,0,0,0
POL101337,James Brown,24,Female,GA,Home,2400.24,33,95,0,0,0,1
POL101338,Nancy Williams,68,Male,OH,Life,2916.58,69,75,1,0,0,1
POL101339,Nancy Garcia,25,Female,TX,Home,1693.65,20,86,0,0,0,0
POL101340,Lisa Wilson,59,Male,OH,Auto,2917.94,22,67,1,0,0,1
POL101341,Sarah Brown,69,Male,FL,Home,2276.05,81,114,0,0,0,1
POL101342,Joseph Williams,32,Female,GA,Auto,997.7,83,31,1,1,8492.67,0
POL101343,Jessica Rodriguez,64,Male,IL,Auto,574.05,81,33,1,0,0,1
POL101344,Jessica Davis,46,Male,NC,Life,1588.26,73,88,0,0,0,0
POL101345,David Davis,50,Female,IL,Life,2140.09,29,1,0,1,14001.58,0
POL101346,John Johnson,69,Female,PA,Home,3019.46,81,44,0,0,0,1
POL101347,James Rodriguez,47,Female,FL,Life,882.46,82,15,0,0,0,0
POL101348,Jessica Brown,56,Female,MI,Auto,2900.62,80,37,0,0,0,1
POL101349,Emily Martinez,44,Male,NC,Life,3089.03,87,27,1,1,37569.88,1
POL101350,Sarah Smith,53,Female,OH,Life,952.06,37,102,1,0,0,1
POL101351,John Jones,46,Female,TX,Auto,3054.78,11,48,1,0,0,1
POL101352,Jessica Martinez,55,Female,NC,Life,3474.36,52,27,1,1,24792.89,1
POL101353,Nancy Lopez,74,Female,MI,Life,2680.52,17,108,0,1,20891.84,1
POL101354,William Davis,50,Female,PA,Life,2854.31,22,12,1,0,0,0
POL101355,David Rodriguez,54,Female,NY,Life,3483.25,94,67,1,0,0,0
POL101356,John Johnson,44,Female,MI,Life,2316.44,44,30,1,0,0,1
POL101357,James Williams,72,Male,NY,Life,1423.66,32,96,1,0,0,1
POL101358,David Wilson,50,Male,PA,Home,3012.59,55,87,1,0,0,1
POL101359,Sarah Miller,21,Male,MI,Life,2343.46,24,66,1,0,0,0
POL101360,Sarah Smith,39,Male,CA,Auto,2243.59,11,7,0,1,11773.21,1
POL101361,James Smith,19,Female,CA,Home,1260.91,70,34,0,0,0,1
POL101362,Lisa Rodriguez,27,Male,MI,Auto,2769,85,32,1,0,0,1
POL101363,Emily Garcia,22,Female,CA,Life,745,73,117,1,0,0,1
POL101364,Robert Jones,27,Male,NC,Life,3272.86,61,39,0,0,0,1
POL101365,Jane Miller,50,Female,OH,Auto,1477.47,45,96,1,1,13372.05,0
POL101366,Robert Davis,71,Female,TX,Home,883.32,76,43,1,0,0,1
POL101367,Joseph Rodriguez,55,Female,FL,Auto,1827.1,78,43,0,0,0,1
POL101368,David Martinez,30,Male,FL,Auto,627.41,76,78,1,0,0,1
POL101369,William Martinez,48,Female,MI,Home,2553.88,56,3,1,0,0,1
POL101370,Jane Williams,64,Female,TX,Life,3208.12,92,46,1,0,0,1
POL101371,Jane Miller,53,Male,TX,Life,3011.79,11,32,1,0,0,0
POL101372,Sarah Garcia,62,Male,NY,Life,882.11,53,43,0,0,0,1
POL101373,Robert Garcia,41,Male,GA,Auto,878.81,73,100,1,0,0,0
POL101374,Joseph Williams,69,Female,CA,Life,2940.3,90,81,1,0,0,1
POL101375,Emily Martinez,73,Female,PA,Home,3272.76,87,112,1,0,0,0
POL101376,Robert Miller,32,Female,CA,Life,1882.01,37,3,1,1,15772.63,0
POL101377,Robert Smith,46,Male,CA,Life,1996.91,63,74,1,0,0,1
POL101378,John Smith,25,Male,OH,Home,1454.79,83,117,0,0,0,1
POL101379,Michael Wilson,22,Female,MI,Home,3182.8,76,63,0,0,0,1
POL101380,Sarah Davis,46,Female,OH,Life,2434.71,45,111,1,0,0,0
POL101381,Robert Davis,64,Female,OH,Life,1364.75,72,40,1,0,0,0
POL101382,Michael Martinez,21,Female,OH,Home,1396.35,34,18,0,0,0,1
POL101383,Robert Williams,29,Female,GA,Life,3173.6,95,67,1,0,0,1
POL101384,Sarah Martinez,62,Female,TX,Auto,540.9,57,103,1,0,0,1
POL101385,Sarah Williams,19,Female,PA,Life,1468.18,48,62,0,0,0,1
POL101386,James Martinez,44,Female,TX,Auto,2163.07,56,10,1,0,0,0
POL101387,Karen Jones,48,Female,CA,Auto,944.65,30,52,0,0,0,0
POL101388,Lisa Garcia,68,Female,IL,Home,776.3,39,73,0,1,6347.09,0
POL101389,Robert Rodriguez,68,Female,PA,Life,2945.83,40,46,0,0,0,0
POL101390,Robert Davis,53,Female,TX,Home,3183.21,35,55,0,0,0,1
POL101391,Karen Martinez,53,Male,OH,Life,2970.82,31,46,0,0,0,0
POL101392,David Davis,43,Male,IL,Auto,3196.36,30,75,0,0,0,1
POL101393,Nancy Smith,60,Female,GA,Home,2159.34,10,60,0,0,0,0
POL101394,Sarah Garcia,44,Male,CA,Home,2936.77,46,97,1,0,0,0
POL101395,William Johnson,22,Female,TX,Life,1652.13,86,100,0,0,0,1
POL101396,James Martinez,37,Male,IL,Life,2498.8,94,26,1,1,26962.54,1
POL101397,David Wilson,28,Female,OH,Life,3466.51,55,27,1,0,0,1
POL101398,Nancy Wilson,27,Male,FL,Home,1177.18,18,38,1,0,0,1
POL101399,William Smith,57,Female,FL,Auto,1669.7,26,22,1,0,0,1
POL101400,Lisa Davis,55,Male,PA,Home,1940.14,56,26,1,0,0,1
POL101401,David Lopez,23,Female,CA,Home,914.05,94,86,1,0,0,1
POL101402,Joseph Martinez,25,Male,PA,Auto,743.12,68,69,1,0,0,1
POL101403,Lisa Brown,40,Male,GA,Auto,2989.17,63,35,0,0,0,1
POL101404,Karen Smith,64,Male,CA,Auto,3430.38,95,66,0,0,0,1
POL101405,Lisa Davis,43,Male,NC,Home,1714.18,21,99,0,0,0,1
POL101406,Michael Rodriguez,63,Female,IL,Home,762.95,73,73,0,0,0,1
POL101407,William Wilson,60,Male,NY,Auto,697.44,15,115,0,1,1268.9,0
POL101408,Lisa Miller,29,Male,MI,Home,3173.95,62,51,1,0,0,1
POL101409,Michael Lopez,43,Female,NY,Home,1891.44,25,113,0,0,0,0
POL101410,Emily Smith,30,Male,NC,Life,1460.08,99,18,1,0,0,1
POL101411,Lisa Wilson,57,Female,NY,Home,1929.38,14,43,0,0,0,0
POL101412,Jane Brown,35,Female,PA,Auto,1454.91,82,12,1,0,0,0
POL101413,John Davis,42,Female,CA,Auto,1967.11,55,3,1,1,11181.41,1
POL101414,Sarah Miller,50,Female,TX,Auto,3078.67,23,82,0,0,0,0
POL101415,Michael Miller,64,Male,NY,Home,2276.9,53,102,1,0,0,0
POL101416,Karen Brown,57,Male,NC,Home,2583.96,72,7,0,0,0,0
POL101417,James Rodriguez,60,Female,NY,Auto,1594.01,61,97,0,0,0,0
POL101418,Joseph Martinez,29,Male,NY,Auto,2715.52,35,6,1,0,0,0
POL101419,Jessica Wilson,61,Female,PA,Life,2499.85,62,82,0,0,0,1
POL101420,Karen Smith,53,Female,OH,Life,858.69,38,45,0,0,0,0
POL101421,Karen Williams,65,Female,IL,Life,2217.93,28,86,0,0,0,0
POL101422,Robert Brown,21,Female,NY,Life,1270.23,56,115,0,1,11605.82,1
POL101423,Robert Garcia,22,Female,MI,Life,2912.29,17,39,1,0,0,1
POL101424,William Davis,73,Male,MI,Life,1777.81,32,51,1,0,0,0
POL101425,Robert Miller,54,Female,PA,Home,3484.05,44,9,1,0,0,1
POL101426,Sarah Williams,25,Male,CA,Life,777.5,62,99,0,0,0,1
POL101427,Jessica Rodriguez,59,Female,TX,Life,2841.04,67,23,1,1,8860.71,0
POL101428,Sarah Rodriguez,66,Male,FL,Auto,2521.11,14,12,1,0,0,1
POL101429,Sarah Lopez,45,Male,MI,Life,2802.5,25,116,0,0,0,0
POL101430,Joseph Wilson,48,Male,GA,Home,1422.59,26,88,0,0,0,0
POL101431,William Lopez,75,Female,TX,Auto,1976.16,41,62,0,0,0,0
POL101432,Joseph Wilson,26,Male,NC,Auto,2889.53,61,114,1,1,28467.75,1
POL101433,David Martinez,71,Female,FL,Life,1197.62,29,104,0,0,0,0
POL101434,Jessica Brown,68,Female,PA,Home,1178.1,75,73,0,1,9855.24,0
POL101435,Emily Jones,46,Female,CA,Auto,2153.15,93,77,1,0,0,0
POL101436,Robert Jones,31,Male,TX,Home,2070.69,91,40,0,1,15599.65,0
POL101437,Emily Jones,57,Female,MI,Life,1346.79,10,54,1,0,0,0
POL101438,Joseph Jones,58,Male,PA,Auto,1394.23,67,106,1,0,0,0
POL101439,Karen Brown,39,Female,MI,Auto,1333.54,92,81,1,1,9675.98,1
POL101440,Karen Wilson,28,Female,TX,Auto,2814.54,53,7,0,0,0,1
POL101441,Jessica Garcia,40,Male,GA,Home,2455.7,15,17,0,0,0,1
POL101442,Jessica Garcia,18,Female,TX,Auto,2997.25,59,119,0,0,0,1
POL101443,Robert Wilson,63,Female,NC,Life,3426.42,81,50,1,0,0,1
POL101444,David Jones,54,Male,TX,Home,1922.49,97,24,1,0,0,0
POL101445,Jane Martinez,38,Female,GA,Life,700.08,29,2,1,1,4543.32,1
POL101446,William Rodriguez,43,Male,NY,Auto,644.28,23,99,1,0,0,1
POL101447,James Miller,63,Male,MI,Auto,1387,14,92,1,0,0,0
POL101448,Nancy Garcia,53,Female,NY,Auto,3297.63,50,83,1,0,0,1
POL101449,Joseph Williams,71,Male,NC,Home,2069.64,49,33,1,0,0,0
POL101450,David Smith,40,Female,CA,Auto,1315.36,43,21,1,0,0,1
POL101451,David Wilson,74,Female,IL,Auto,1697.5,89,117,0,0,0,0
POL101452,Jane Garcia,18,Female,IL,Life,2295.79,54,74,1,0,0,0
POL101453,Jessica Lopez,71,Male,CA,Life,2458.85,80,53,1,0,0,1
POL101454,David Wilson,72,Female,PA,Life,961.76,89,46,1,0,0,0
POL101455,Jessica Brown,68,Female,TX,Auto,3431.1,80,45,0,0,0,1
POL101456,Emily Rodriguez,57,Female,MI,Life,2134.32,36,9,1,0,0,0
POL101457,David Rodriguez,32,Female,NC,Life,907.06,87,102,0,0,0,1
POL101458,Karen Jones,38,Female,TX,Life,3180.91,87,6,1,0,0,0
POL101459,Michael Johnson,64,Male,CA,Home,723.92,53,51,0,1,5520.4,1
POL101460,Lisa Wilson,26,Male,GA,Auto,3223.21,42,117,1,1,16393.88,1
POL101461,Lisa Brown,70,Male,FL,Life,3489.7,42,106,1,0,0,0
POL101462,Emily Smith,26,Male,MI,Auto,2601.3,53,119,0,0,0,0
POL101463,William Rodriguez,27,Female,TX,Auto,2811.34,29,35,0,0,0,1
POL101464,Emily Lopez,69,Female,MI,Home,1511.91,45,82,0,1,13130.86,0
POL101465,Emily Smith,74,Female,PA,Life,3324.73,16,53,0,0,0,0
POL101466,Jane Miller,70,Male,GA,Life,2089.14,41,19,0,0,0,1
POL101467,Sarah Wilson,43,Female,NC,Life,2697.17,76,69,1,0,0,0
POL101468,Jessica Johnson,58,Male,OH,Life,3272.32,48,25,1,0,0,1
POL101469,William Williams,52,Female,GA,Life,3425.54,33,11,1,0,0,0
POL101470,John Rodriguez,69,Male,CA,Life,2999.61,95,74,0,1,22253.93,0
POL101471,Michael Miller,42,Female,NC,Life,1409.05,79,17,1,1,11350.82,1
POL101472,William Davis,43,Male,CA,Life,3399.64,97,36,1,1,27999.92,0
POL101473,Jessica Lopez,28,Female,PA,Home,2384.36,96,90,1,0,0,1
POL101474,Emily Jones,55,Female,FL,Auto,3291.93,63,95,1,1,7514.14,0
POL101475,Sarah Jones,19,Female,PA,Auto,2528.32,47,96,1,0,0,1
POL101476,William Smith,24,Male,TX,Auto,1421.72,83,21,1,0,0,0
POL101477,Joseph Johnson,35,Male,FL,Home,1610.07,89,18,1,1,6353.16,1
POL101478,William Martinez,44,Male,GA,Auto,2151.42,84,60,0,0,0,1
POL101479,Emily Rodriguez,51,Male,FL,Life,2870.04,41,18,1,0,0,1
POL101480,Karen Wilson,44,Male,OH,Life,1453.95,54,1,1,1,12079.97,0
POL101481,Nancy Smith,34,Female,NY,Life,2239.19,70,14,1,0,0,1
POL101482,Michael Miller,60,Male,PA,Life,1536.87,79,8,1,0,0,0
POL101483,Nancy Williams,61,Male,NY,Life,2947.31,97,66,0,0,0,0
POL101484,John Miller,68,Male,GA,Home,1900.18,62,51,0,0,0,0
POL101485,Joseph Davis,71,Male,MI,Life,730.17,60,79,0,0,0,1
POL101486,Michael Wilson,41,Female,CA,Life,998.16,85,60,1,0,0,1
POL101487,Nancy Jones,42,Female,NC,Auto,683.31,65,34,1,0,0,0
POL101488,John Smith,24,Male,CA,Auto,1997.91,36,36,1,1,7401.79,0
POL101489,David Martinez,69,Male,PA,Life,819.01,47,62,0,0,0,1
POL101490,Lisa Johnson,23,Female,NC,Home,842.42,71,1,1,1,5430.87,0
POL101491,Sarah Jones,70,Male,MI,Home,3323.14,27,115,1,1,17518.07,1
POL101492,Jessica Lopez,41,Female,MI,Home,3117.97,73,85,0,0,0,1
POL101493,Robert Rodriguez,50,Male,NC,Life,1856.26,86,42,0,0,0,1
POL101494,Jessica Williams,66,Female,NC,Auto,3457.42,39,1,0,0,0,1
POL101495,Nancy Rodriguez,46,Male,OH,Auto,500.56,58,96,0,0,0,0
POL101496,Jessica Jones,60,Male,NC,Auto,2341.94,50,84,1,0,0,0
POL101497,Emily Johnson,39,Female,FL,Home,2349.28,22,54,0,0,0,1
POL101498,Sarah Williams,43,Female,IL,Home,1872.33,43,47,0,0,0,0
POL101499,Karen Davis,45,Female,PA,Life,1690.84,34,100,0,0,0,0
POL101500,William Jones,67,Male,TX,Life,1866.15,75,39,0,0,0,0
POL101501,Karen Williams,38,Male,GA,Life,1744.88,27,30,1,0,0,0
POL101502,John Wilson,66,Male,FL,Auto,2691.48,14,7,1,0,0,0
POL101503,Sarah Jones,24,Female,IL,Life,906.07,28,22,0,0,0,0
POL101504,Lisa Lopez,34,Female,OH,Home,1092.92,51,50,1,0,0,0
POL101505,Joseph Brown,37,Male,OH,Life,1041.55,27,45,0,0,0,1
POL101506,Michael Martinez,58,Female,OH,Home,1287.41,41,74,0,0,0,0
POL101507,Nancy Lopez,66,Male,OH,Home,2075.78,30,72,1,0,0,1
POL101508,James Miller,37,Male,CA,Auto,833.63,19,91,0,0,0,1
POL101509,Robert Garcia,71,Male,GA,Life,3104.51,46,10,0,0,0,1
POL101510,Jane Miller,39,Female,NY,Auto,1392.08,58,14,0,1,2348.9,1
POL101511,William Johnson,45,Female,GA,Auto,987.61,95,46,1,0,0,1
POL101512,Michael Williams,57,Female,CA,Auto,2526.86,22,116,0,1,4655.46,1
POL101513,Jessica Garcia,66,Male,PA,Home,614.26,64,118,0,0,0,0
POL101514,Emily Smith,24,Female,NC,Life,2359.91,26,75,0,0,0,0
POL101515,David Miller,18,Male,GA,Auto,2594.6,18,6,1,0,0,1
POL101516,Emily Davis,49,Female,MI,Home,1144.75,97,21,1,0,0,1
POL101517,Joseph Jones,30,Female,OH,Home,625.89,53,62,1,0,0,0
POL101518,Sarah Jones,47,Male,IL,Home,1590.94,87,97,1,0,0,1
POL101519,Lisa Wilson,40,Male,GA,Home,795.78,55,19,1,0,0,1
POL101520,Lisa Smith,68,Male,IL,Life,849.43,17,103,1,0,0,1
POL101521,David Lopez,73,Female,NY,Auto,1262.78,46,88,0,0,0,0
POL101522,Sarah Wilson,36,Male,NC,Auto,1386.4,28,82,0,0,0,1
POL101523,Emily Smith,49,Female,NY,Auto,2089.91,72,99,0,0,0,0
POL101524,William Johnson,47,Male,FL,Home,2535.18,55,116,0,1,21626.52,1
POL101525,Jessica Jones,46,Female,CA,Life,2278.31,80,62,1,0,0,0
POL101526,Michael Miller,66,Female,IL,Auto,945.08,35,107,1,0,0,0
POL101527,William Rodriguez,62,Female,MI,Home,1016.26,55,101,0,0,0,1
POL101528,Karen Jones,46,Female,MI,Life,3136.31,55,83,1,1,20904.32,1
POL101529,Karen Johnson,47,Male,NC,Home,2175.06,84,53,0,0,0,1
POL101530,William Jones,33,Male,TX,Auto,3109.81,23,24,0,0,0,0
POL101531,Sarah Martinez,57,Female,PA,Life,1614.64,94,56,1,0,0,1
POL101532,Emily Brown,36,Female,NY,Life,2343.2,72,62,0,1,13948.29,1
POL101533,Michael Davis,35,Female,NC,Auto,2070.99,81,34,0,0,0,0
POL101534,Michael Davis,18,Female,NY,Auto,1457.37,12,22,1,0,0,0
POL101535,Karen Martinez,31,Female,NY,Life,1909.75,37,68,0,0,0,0
POL101536,Sarah Miller,68,Male,IL,Home,2007.47,38,57,0,1,19125.15,0
POL101537,Karen Rodriguez,64,Female,OH,Life,1102.31,96,10,1,0,0,0
POL101538,Jessica Rodriguez,67,Male,FL,Life,1445.03,27,66,1,1,4293.87,0
POL101539,Joseph Lopez,19,Male,PA,Home,2874.23,44,8,1,1,10613.82,0
POL101540,Nancy Brown,71,Female,NC,Auto,3247.36,86,97,0,0,0,1
POL101541,Joseph Brown,45,Female,NY,Life,1579.38,85,38,1,0,0,0
POL101542,William Martinez,66,Female,OH,Life,1420.92,56,107,0,0,0,0
POL101543,Nancy Johnson,67,Male,NC,Home,1085.59,14,62,0,1,8611.21,1
POL101544,Robert Davis,47,Male,NC,Life,2535.47,84,28,1,0,0,1
POL101545,Robert Wilson,55,Female,TX,Life,1469.3,68,10,0,0,0,1
POL101546,Sarah Johnson,68,Male,NC,Auto,3463.25,84,45,1,0,0,1
POL101547,Lisa Johnson,21,Male,PA,Home,1477.05,68,65,0,1,11948.6,1
POL101548,John Rodriguez,18,Male,NY,Life,1682.41,56,98,1,0,0,1
POL101549,Robert Brown,25,Female,FL,Home,2310,22,67,0,0,0,1
POL101550,Lisa Rodriguez,46,Female,CA,Life,2905.05,87,9,1,0,0,1
POL101551,Michael Williams,72,Male,GA,Life,1908.56,98,5,1,0,0,0
POL101552,Sarah Rodriguez,56,Male,TX,Home,1767.97,42,106,0,0,0,0
POL101553,Jessica Johnson,20,Female,FL,Life,3486.91,71,10,0,0,0,1
POL101554,William Brown,49,Female,PA,Life,531.48,88,12,1,0,0,0
POL101555,Karen Martinez,27,Male,CA,Auto,3185.2,25,82,1,0,0,1
POL101556,Jessica Johnson,27,Female,FL,Home,947.42,53,58,0,0,0,0
POL101557,Robert Davis,36,Male,GA,Auto,2857.78,67,21,1,1,14122.08,1
POL101558,Joseph Smith,63,Male,FL,Life,2353.79,15,21,0,1,22557.12,1
POL101559,Jessica Williams,51,Female,MI,Home,1525.54,98,65,1,0,0,1
POL101560,Robert Miller,50,Female,MI,Auto,3121.62,24,3,0,0,0,0
POL101561,Jessica Martinez,40,Female,NY,Life,538.72,13,69,0,0,0,0
POL101562,John Rodriguez,72,Male,NY,Auto,1180.07,65,89,1,1,11181.36,0
POL101563,Jessica Lopez,45,Female,OH,Home,2200.68,73,64,1,0,0,0
POL101564,Joseph Jones,49,Male,FL,Auto,1554.63,77,49,1,0,0,1
POL101565,Karen Smith,67,Male,CA,Life,2331.13,43,72,1,0,0,0
POL101566,James Jones,24,Female,IL,Home,572.33,65,17,0,0,0,1
POL101567,Nancy Smith,46,Male,NY,Auto,849.38,41,73,0,1,1363.66,1
POL101568,Karen Brown,25,Male,FL,Home,881.29,18,32,1,0,0,0
POL101569,Lisa Johnson,18,Female,PA,Home,1067.85,72,70,1,0,0,1
POL101570,John Miller,74,Female,TX,Auto,1877.99,81,113,1,0,0,0
POL101571,Sarah Wilson,72,Female,OH,Home,2756.39,87,104,1,1,8172.11,0
POL101572,Jane Rodriguez,20,Female,FL,Life,3216.62,42,21,1,1,27250.77,1
POL101573,John Johnson,41,Male,PA,Life,3006.12,96,7,1,1,13074.64,0
POL101574,Jessica Smith,40,Female,OH,Auto,1090.66,30,7,0,0,0,1
POL101575,David Miller,25,Male,NY,Auto,1823.45,64,111,1,0,0,0
POL101576,Michael Williams,71,Male,TX,Home,1098.23,85,103,1,0,0,1
POL101577,Joseph Lopez,74,Female,TX,Home,1293.42,66,118,0,0,0,0
POL101578,Karen Lopez,64,Male,MI,Life,2010.64,11,27,0,1,4647.46,1
POL101579,James Garcia,54,Male,FL,Life,704.33,22,8,1,0,0,0
POL101580,James Davis,20,Female,MI,Life,1154.52,13,73,0,0,0,1
POL101581,Nancy Miller,68,Female,IL,Life,3306.13,93,28,0,0,0,0
POL101582,James Johnson,50,Female,OH,Auto,1898.35,59,79,0,0,0,0
POL101583,William Lopez,45,Female,MI,Home,1836.16,57,66,0,0,0,0
POL101584,Nancy Rodriguez,64,Male,IL,Life,543.7,87,71,1,0,0,1
POL101585,Michael Lopez,25,Male,FL,Home,1242.2,39,47,0,1,10151.87,0
POL101586,Nancy Garcia,51,Male,IL,Home,3098.88,38,82,0,0,0,0
POL101587,Jane Williams,52,Female,OH,Auto,993.89,17,86,1,0,0,1
POL101588,Robert Miller,49,Male,NY,Home,1745.37,21,114,0,0,0,1
POL101589,Robert Williams,41,Female,OH,Life,542.99,50,10,0,1,2912.58,1
POL101590,Karen Brown,31,Female,OH,Life,1935.01,35,118,0,0,0,1
POL101591,Nancy Smith,49,Male,OH,Life,563.06,59,114,0,0,0,1
POL101592,Joseph Smith,73,Male,IL,Life,2958.83,11,33,0,0,0,1
POL101593,David Davis,63,Male,FL,Home,2974.56,64,7,1,0,0,0
POL101594,William Wilson,60,Male,GA,Auto,2863.23,65,3,0,0,0,1
POL101595,Robert Miller,33,Male,IL,Home,1350.09,23,14,0,0,0,0
POL101596,Robert Miller,21,Female,MI,Life,3011.71,15,44,1,0,0,1
POL101597,Nancy Brown,69,Male,NY,Auto,2128.99,90,46,1,0,0,0
POL101598,Emily Davis,54,Female,OH,Life,1621.42,98,61,1,0,0,0
POL101599,Sarah Williams,71,Male,NY,Home,2375.99,70,36,1,0,0,1
POL101600,David Brown,38,Male,GA,Life,537.02,21,13,1,0,0,1
POL101601,Karen Johnson,31,Male,TX,Life,928.88,22,16,1,0,0,1
POL101602,John Lopez,48,Female,FL,Home,2726.88,28,80,1,1,15503.65,0
POL101603,James Martinez,72,Male,CA,Life,1232.48,53,118,0,0,0,0
POL101604,Joseph Smith,65,Female,CA,Home,2294.03,98,5,0,0,0,1
POL101605,Emily Brown,35,Female,CA,Home,1655.31,68,116,1,0,0,0
POL101606,Jane Johnson,24,Male,TX,Life,3064.42,46,89,1,0,0,1
POL101607,Lisa Smith,27,Male,GA,Auto,3357.25,34,38,0,0,0,1
POL101608,Jessica Martinez,24,Male,CA,Life,3150.69,25,102,0,0,0,1
POL101609,William Wilson,50,Male,TX,Home,1311.86,47,50,1,0,0,1
POL101610,Nancy Smith,40,Female,NC,Life,1082.49,52,38,0,1,3338.55,1
POL101611,Emily Wilson,38,Male,PA,Home,1923.3,96,103,1,0,0,0
POL101612,John Miller,36,Male,TX,Auto,522,23,56,0,0,0,1
POL101613,Jessica Brown,65,Female,IL,Home,577.43,15,63,1,0,0,1
POL101614,Robert Brown,36,Female,OH,Home,2159.87,98,48,1,0,0,1
POL101615,Joseph Smith,53,Female,IL,Life,2061.35,32,105,0,0,0,1
POL101616,Michael Rodriguez,46,Male,NC,Home,3483.75,69,90,1,0,0,0
POL101617,David Brown,35,Male,IL,Auto,1105.53,21,59,0,0,0,0
POL101618,Nancy Wilson,19,Male,IL,Auto,1274.31,22,77,0,0,0,1
POL101619,Lisa Garcia,18,Female,MI,Home,840.62,15,44,1,0,0,0
POL101620,Lisa Martinez,64,Male,IL,Auto,3252.63,72,115,1,0,0,1
POL101621,Joseph Lopez,22,Male,CA,Auto,2833.43,47,90,0,1,20167.24,1
POL101622,Nancy Garcia,37,Female,CA,Life,2967.02,59,55,0,1,18352.65,1
POL101623,Emily Jones,28,Male,OH,Home,3208.29,61,55,0,1,10448.5,1
POL101624,Michael Lopez,59,Male,FL,Auto,2074.7,49,1,1,0,0,0
POL101625,Robert Brown,19,Male,CA,Home,1853.58,17,8,0,0,0,1
POL101626,James Jones,20,Male,NC,Auto,1491.17,70,4,0,1,6550.44,1
POL101627,David Smith,40,Female,GA,Auto,2267.64,17,85,0,0,0,1
POL101628,Robert Martinez,72,Male,FL,Home,1862.84,43,86,1,0,0,1
POL101629,Karen Williams,29,Male,TX,Life,1854.7,88,115,0,1,12191.82,1
POL101630,William Lopez,37,Female,NC,Auto,3310.78,69,53,1,0,0,0
POL101631,James Rodriguez,22,Male,NY,Life,3452.09,66,58,0,0,0,1
POL101632,Jessica Smith,54,Male,GA,Home,2889.45,55,37,1,1,27049.34,0
POL101633,Sarah Lopez,55,Male,GA,Home,2770.27,31,49,0,0,0,1
POL101634,William Miller,47,Male,CA,Life,2541.67,96,67,0,1,23696.5,1
POL101635,Joseph Rodriguez,26,Male,CA,Life,998.22,49,19,1,1,3940.17,1
POL101636,Sarah Wilson,51,Male,FL,Auto,677.32,54,1,1,0,0,1
POL101637,James Miller,70,Male,NY,Auto,2572.18,64,29,1,0,0,1
POL101638,Michael Jones,61,Female,OH,Life,2686.36,60,87,0,1,20826.75,1
POL101639,James Williams,52,Male,TX,Life,640.92,95,33,0,1,5186.27,1
POL101640,Joseph Rodriguez,69,Female,CA,Auto,3284.16,14,119,0,0,0,1
POL101641,Jessica Brown,75,Female,CA,Home,773.42,22,52,1,1,6477.39,0
POL101642,Nancy Brown,39,Male,FL,Life,1357.7,37,41,0,0,0,0
POL101643,David Wilson,61,Male,OH,Home,2517.17,93,23,1,0,0,0
POL101644,Michael Davis,41,Female,MI,Life,1009.62,89,5,1,1,6412.58,0
POL101645,John Rodriguez,34,Female,PA,Life,666.25,71,71,1,0,0,1
POL101646,James Miller,27,Male,GA,Life,1493.44,96,57,1,0,0,0
POL101647,Robert Rodriguez,47,Male,TX,Auto,2797.91,33,6,0,0,0,0
POL101648,Michael Miller,73,Male,GA,Life,1741.04,16,49,1,0,0,1
POL101649,Emily Jones,63,Male,MI,Auto,2458.92,47,22,0,0,0,0
POL101650,Emily Garcia,40,Female,NY,Home,2238.86,46,113,1,1,3558.26,1
POL101651,William Johnson,49,Female,NC,Auto,566.66,77,77,0,0,0,0
POL101652,Jessica Garcia,34,Male,FL,Home,3465.62,51,76,0,0,0,1
POL101653,Jane Rodriguez,67,Male,FL,Home,624.28,95,4,1,0,0,0
POL101654,Karen Brown,68,Female,PA,Home,3403.41,14,72,0,1,27139.64,0
POL101655,John Jones,34,Female,NY,Auto,2149.59,73,64,1,0,0,1
POL101656,James Lopez,31,Male,MI,Life,3389.48,59,37,0,0,0,1
POL101657,Lisa Martinez,26,Female,NY,Home,844.26,96,31,0,1,2031.36,1
POL101658,John Johnson,57,Male,TX,Life,1971.23,24,37,1,0,0,0
POL101659,Emily Martinez,19,Female,PA,Life,1008.51,82,45,0,0,0,1
POL101660,Karen Lopez,62,Male,IL,Auto,652.92,62,90,0,0,0,0
POL101661,Robert Brown,42,Male,TX,Home,2352.59,34,107,0,0,0,0
POL101662,Jessica Brown,56,Female,PA,Auto,1123.35,98,8,1,1,2800.97,1
POL101663,Nancy Garcia,26,Female,GA,Life,2263.09,94,40,0,0,0,1
POL101664,David Smith,71,Male,FL,Auto,837.09,18,97,0,0,0,0
POL101665,Emily Brown,39,Male,NY,Auto,1495.96,47,109,1,0,0,1
POL101666,Karen Johnson,60,Male,OH,Home,2844.9,31,93,0,0,0,0
POL101667,Karen Davis,63,Female,OH,Auto,1811.15,96,5,1,0,0,0
POL101668,Emily Wilson,21,Female,TX,Auto,2383.24,58,28,1,0,0,1
POL101669,Lisa Wilson,43,Female,IL,Auto,2442.37,77,117,0,0,0,1
POL101670,Emily Miller,75,Male,NC,Life,3031.27,24,104,0,0,0,0
POL101671,Emily Rodriguez,46,Male,CA,Life,1474.77,74,81,0,0,0,1
POL101672,Sarah Jones,62,Female,FL,Auto,2561.89,63,119,0,0,0,0
POL101673,James Davis,51,Male,TX,Home,3384.85,39,87,0,0,0,0
POL101674,Robert Lopez,40,Female,FL,Life,2690.73,29,109,1,0,0,1
POL101675,Sarah Jones,54,Female,PA,Life,1969.61,42,9,0,1,13093.59,0
POL101676,David Garcia,28,Male,GA,Life,2392.15,95,2,1,1,23586.42,0
POL101677,Robert Davis,23,Female,NY,Auto,2719.05,86,63,0,1,9684.13,0
POL101678,Jessica Johnson,35,Male,GA,Auto,2336.83,16,96,0,0,0,1
POL101679,Joseph Wilson,38,Female,CA,Life,550.03,17,51,0,0,0,1
POL101680,Jessica Garcia,59,Female,FL,Home,1084.32,37,116,0,1,7578.74,0
POL101681,Emily Garcia,53,Male,MI,Auto,2931.4,54,113,0,1,11963.21,0
POL101682,Sarah Miller,58,Female,NC,Auto,1317.95,82,31,0,0,0,0
POL101683,John Martinez,55,Male,IL,Auto,2694.69,98,7,1,1,24627.24,0
POL101684,Nancy Brown,51,Female,NC,Home,1616.36,89,30,1,0,0,0
POL101685,Karen Williams,34,Female,TX,Life,2065.65,83,58,0,0,0,0
POL101686,John Jones,54,Male,TX,Home,703.92,20,3,0,0,0,1
POL101687,Robert Martinez,42,Male,NC,Auto,1043.68,40,51,0,0,0,0
POL101688,Lisa Wilson,55,Male,PA,Home,3371.59,21,115,0,1,22066.7,0
POL101689,James Jones,75,Male,NY,Auto,3170.41,87,56,1,1,10346.81,0
POL101690,Michael Brown,29,Male,CA,Auto,2456.83,60,73,1,0,0,0
POL101691,Sarah Brown,40,Female,CA,Auto,1878.93,53,10,1,0,0,1
POL101692,James Martinez,70,Male,OH,Home,2527.28,59,61,1,0,0,0
POL101693,Nancy Brown,59,Female,NC,Home,2355.83,26,110,0,0,0,0
POL101694,Jessica Rodriguez,39,Male,NC,Life,2205.66,44,50,0,0,0,1
POL101695,William Lopez,38,Male,NY,Life,677.53,10,47,0,0,0,1
POL101696,Sarah Jones,44,Male,MI,Auto,2398.41,38,90,0,0,0,0
POL101697,Joseph Davis,74,Male,TX,Home,2806.76,60,1,1,0,0,0
POL101698,Karen Lopez,48,Female,PA,Home,3482.24,73,94,1,0,0,0
POL101699,Karen Davis,23,Female,PA,Life,533.24,13,57,0,0,0,0
POL101700,Jessica Williams,44,Female,NY,Auto,2690.52,96,38,0,0,0,1
POL101701,Karen Garcia,57,Male,TX,Auto,2215.37,37,62,0,0,0,1
POL101702,Michael Williams,51,Male,CA,Home,1802.16,25,79,1,0,0,0
POL101703,Karen Rodriguez,29,Female,FL,Home,882.71,72,89,1,0,0,1
POL101704,Jessica Williams,62,Male,NY,Home,1727.26,85,70,0,0,0,1
POL101705,Robert Lopez,74,Male,OH,Home,1563.13,62,82,1,0,0,1
POL101706,John Rodriguez,70,Male,NY,Auto,1408.49,94,65,1,0,0,0
POL101707,John Johnson,24,Female,MI,Home,2692.64,26,62,0,0,0,1
POL101708,Nancy Lopez,27,Female,NY,Auto,2602.18,49,56,1,0,0,1
POL101709,John Smith,62,Male,OH,Life,2267.06,22,67,1,0,0,0
POL101710,James Williams,34,Female,MI,Auto,3315.99,61,17,1,0,0,1
POL101711,Nancy Lopez,43,Female,CA,Home,1549.56,67,112,0,0,0,1
POL101712,Emily Johnson,38,Male,FL,Home,1231.41,46,8,0,0,0,1
POL101713,Karen Williams,45,Female,NY,Life,2467.71,88,60,1,0,0,1
POL101714,John Brown,75,Female,MI,Auto,1096.44,85,113,0,0,0,0
POL101715,Robert Davis,63,Male,NC,Auto,1445.03,70,40,1,0,0,1
POL101716,Sarah Smith,19,Male,CA,Life,1173.81,88,81,0,1,4376.1,1
POL101717,Lisa Lopez,71,Female,NY,Home,707.46,43,89,0,1,3661.87,0
POL101718,William Martinez,60,Female,GA,Home,2982.5,79,62,0,0,0,0
POL101719,Jessica Lopez,18,Male,MI,Auto,1263.62,26,41,1,0,0,1
POL101720,Jessica Smith,68,Male,OH,Life,1919.08,29,12,0,0,0,1
POL101721,John Rodriguez,70,Male,IL,Home,629.95,82,93,0,0,0,0
POL101722,Robert Miller,53,Male,MI,Home,2598.02,68,89,1,0,0,1
POL101723,John Smith,68,Male,OH,Auto,1491.68,78,115,0,0,0,0
POL101724,Robert Wilson,43,Female,GA,Home,2734.21,96,100,0,0,0,0
POL101725,David Rodriguez,46,Female,FL,Life,1737.21,42,117,0,1,4407.95,0
POL101726,David Smith,38,Male,GA,Home,1087.27,87,54,0,1,4717.09,1
POL101727,Robert Wilson,28,Female,MI,Life,2039.53,26,89,0,1,14848.84,0
POL101728,William Miller,57,Male,IL,Auto,891.51,66,93,0,0,0,1
POL101729,Joseph Williams,28,Male,PA,Life,1821.62,92,11,1,0,0,1
POL101730,Jane Johnson,53,Female,GA,Auto,1451.92,10,60,0,0,0,0
POL101731,Robert Williams,66,Male,GA,Life,3235.88,22,68,1,1,16052.89,0
POL101732,Emily Brown,56,Male,TX,Home,682.79,36,78,0,1,5238.99,0
POL101733,Lisa Rodriguez,57,Male,GA,Life,2582.05,79,46,1,0,0,0
POL101734,David Garcia,52,Male,NC,Life,1048.25,68,38,1,0,0,0
POL101735,David Miller,71,Male,PA,Life,1457.14,15,61,0,0,0,1
POL101736,Jane Garcia,51,Male,FL,Life,1746.54,32,17,0,1,4253.69,1
POL101737,James Davis,72,Male,TX,Life,3224.05,19,66,1,0,0,0
POL101738,Lisa Brown,64,Male,IL,Auto,1227.73,60,72,0,0,0,0
POL101739,Karen Brown,41,Male,TX,Life,773.93,28,36,1,0,0,0
POL101740,David Lopez,71,Male,OH,Life,1456.07,60,74,0,0,0,0
POL101741,Nancy Johnson,39,Male,IL,Life,814.03,96,7,1,1,5440.86,1
POL101742,William Lopez,22,Female,TX,Auto,885.79,77,100,0,0,0,0
POL101743,Joseph Smith,73,Female,PA,Home,2221.55,93,16,1,1,11703.36,1
POL101744,Jane Miller,50,Female,NY,Home,682.71,92,14,1,0,0,1
POL101745,James Miller,75,Male,OH,Life,592.79,51,80,0,0,0,0
POL101746,Robert Davis,53,Male,IL,Auto,2643.24,66,25,1,1,5267.95,1
POL101747,John Lopez,64,Male,TX,Auto,1584.94,77,105,1,0,0,0
POL101748,John Wilson,37,Female,NY,Home,876.13,47,4,1,1,5371.39,0
POL101749,Michael Johnson,36,Male,GA,Auto,1260.84,71,29,1,0,0,1
POL101750,Jessica Miller,52,Male,OH,Home,2426.26,16,56,0,0,0,0
POL101751,William Garcia,69,Female,NC,Home,1326.61,80,6,1,0,0,0
POL101752,Lisa Johnson,60,Female,FL,Home,1983.56,59,1,1,0,0,1
POL101753,Robert Smith,34,Female,OH,Life,865.09,61,39,1,0,0,0
POL101754,Emily Brown,62,Male,TX,Auto,2264.28,35,1,0,1,4990.1,0
POL101755,Nancy Wilson,60,Female,PA,Auto,1448.23,35,115,0,1,12361.54,1
POL101756,Lisa Davis,51,Female,FL,Home,2380.91,28,104,1,0,0,0
POL101757,David Smith,26,Male,OH,Life,2925.18,18,63,1,0,0,1
POL101758,Jane Lopez,43,Female,OH,Auto,2334.94,70,57,1,1,16044.86,1
POL101759,David Rodriguez,19,Female,OH,Home,1387.24,29,67,0,1,8648.36,0
POL101760,Lisa Lopez,70,Female,GA,Life,1267.23,59,65,1,1,3338.5,1
POL101761,John Williams,26,Male,GA,Home,1482.26,89,65,1,1,5845.12,1
POL101762,Nancy Garcia,26,Female,GA,Home,993.86,90,103,1,1,11309.02,1
POL101763,John Brown,57,Female,OH,Life,1043.52,31,21,0,0,0,1
POL101764,Lisa Williams,34,Female,GA,Home,2872.07,22,109,0,0,0,1
POL101765,Joseph Wilson,18,Female,PA,Life,1654.2,21,30,1,0,0,1
POL101766,Nancy Miller,42,Male,PA,Life,1807.99,19,96,1,0,0,1
POL101767,Jane Jones,60,Female,PA,Life,2282.15,74,33,1,0,0,0
POL101768,Michael Martinez,57,Male,OH,Life,2268.96,39,48,0,1,15617.05,1
POL101769,Emily Martinez,59,Female,TX,Auto,702.13,17,22,1,1,2146.74,0
POL101770,Nancy Miller,42,Female,NC,Life,2994.62,30,94,1,0,0,1
POL101771,William Rodriguez,56,Male,FL,Life,1031.98,31,54,1,0,0,0
POL101772,Sarah Miller,52,Female,FL,Home,2669.21,27,110,0,0,0,1
POL101773,Joseph Wilson,20,Male,FL,Life,2818.01,75,4,1,0,0,1
POL101774,Michael Wilson,67,Male,FL,Life,2644.7,57,87,0,0,0,0
POL101775,Karen Johnson,54,Female,MI,Life,2236.93,53,55,0,0,0,0
POL101776,Robert Wilson,61,Female,FL,Home,543.83,18,44,1,0,0,0
POL101777,Sarah Smith,61,Female,MI,Home,1581.13,76,89,1,0,0,0
POL101778,Jane Miller,68,Female,PA,Life,2314.52,63,12,0,0,0,1
POL101779,Emily Johnson,47,Female,GA,Home,1662.35,35,81,1,1,2618.81,1
POL101780,Sarah Martinez,55,Female,NC,Life,3090.44,94,117,1,0,0,1
POL101781,Joseph Martinez,51,Female,OH,Home,1426.41,35,79,0,0,0,1
POL101782,Lisa Miller,29,Female,PA,Life,1380.6,43,74,1,0,0,1
POL101783,Joseph Garcia,36,Male,IL,Auto,1297.99,17,99,0,1,5750.69,0
POL101784,John Lopez,54,Female,FL,Home,1498.34,19,119,0,0,0,1
POL101785,David Davis,61,Male,OH,Home,2172.21,57,116,0,0,0,0
POL101786,Jessica Brown,66,Female,TX,Life,2621.05,64,52,1,0,0,1
POL101787,Sarah Rodriguez,34,Male,GA,Home,2487.7,63,93,0,1,13942.08,0
POL101788,James Miller,27,Male,CA,Home,2923.15,87,76,0,0,0,1
POL101789,Michael Lopez,74,Male,NC,Life,3157.74,49,65,1,0,0,0
POL101790,Lisa Lopez,72,Male,GA,Auto,2948.24,24,65,0,0,0,0
POL101791,James Johnson,66,Male,IL,Auto,556.84,90,10,0,0,0,0
POL101792,Joseph Martinez,64,Female,MI,Auto,2707.75,27,18,1,1,8306.52,0
POL101793,David Brown,29,Female,OH,Life,1125.2,32,47,1,0,0,1
POL101794,Karen Johnson,33,Female,NY,Auto,898.78,71,66,0,0,0,1
POL101795,Jane Jones,41,Female,FL,Life,2415.47,55,49,1,0,0,1
POL101796,Michael Miller,36,Female,FL,Life,1459.23,96,72,0,0,0,1
POL101797,Karen Lopez,25,Female,PA,Life,671.35,48,22,1,0,0,1
POL101798,Michael Wilson,48,Female,NC,Auto,912.89,24,86,1,1,5188.33,1
POL101799,James Garcia,38,Female,TX,Auto,502.79,62,26,1,0,0,1
POL101800,Sarah Johnson,34,Female,OH,Life,3209.67,97,90,0,0,0,1
POL101801,Jane Smith,40,Male,NC,Home,573.85,73,9,0,0,0,1
POL101802,David Davis,54,Female,OH,Home,1128.37,72,21,0,0,0,1
POL101803,Sarah Jones,71,Male,TX,Auto,1748.79,89,95,1,0,0,0
POL101804,Jane Williams,33,Male,GA,Life,1569.71,25,116,1,0,0,1
POL101805,Jane Williams,23,Female,NY,Home,3235.18,79,63,1,1,14160.8,1
POL101806,James Davis,25,Male,FL,Life,620.87,75,107,1,0,0,1
POL101807,Robert Rodriguez,42,Male,OH,Auto,2036.64,22,6,1,0,0,1
POL101808,Robert Miller,35,Female,MI,Home,2541.44,56,14,1,0,0,1
POL101809,Jane Smith,42,Female,TX,Auto,3295.09,18,33,1,0,0,0
POL101810,Jane Garcia,29,Female,IL,Auto,2361.11,72,71,1,0,0,1
POL101811,Robert Johnson,32,Female,MI,Home,2911.27,43,24,1,1,15628.46,1
POL101812,Lisa Martinez,43,Female,TX,Auto,751.17,90,73,1,0,0,0
POL101813,Joseph Garcia,58,Male,OH,Home,1657.82,38,75,1,0,0,1
POL101814,Nancy Miller,62,Female,MI,Life,1621.84,46,87,0,1,7222.69,1
POL101815,John Jones,43,Female,FL,Life,3158.86,52,112,1,0,0,1
POL101816,James Miller,64,Male,TX,Auto,954.11,95,51,1,0,0,1
POL101817,Joseph Johnson,49,Male,OH,Auto,955.66,73,2,1,0,0,1
POL101818,Karen Rodriguez,27,Female,PA,Life,1485.67,33,15,0,1,10164.92,0
POL101819,Emily Martinez,33,Male,GA,Life,663.4,80,35,1,0,0,0
POL101820,Robert Williams,24,Female,FL,Life,1047.37,43,36,0,0,0,1
POL101821,William Miller,34,Male,TX,Home,3395.63,57,116,0,0,0,1
POL101822,Michael Williams,40,Male,GA,Auto,1784.55,21,118,0,0,0,0
POL101823,David Jones,43,Female,PA,Home,2396.06,32,92,0,0,0,1
POL101824,David Davis,38,Female,MI,Home,2678.33,88,39,1,0,0,1
POL101825,Michael Johnson,39,Male,MI,Auto,1600.88,22,108,0,0,0,0
POL101826,Michael Miller,75,Female,NC,Home,941.68,96,4,1,0,0,1
POL101827,David Miller,24,Male,NY,Life,1119.74,54,64,0,0,0,1
POL101828,David Davis,31,Male,CA,Life,1439.8,74,74,1,0,0,1
POL101829,Joseph Johnson,32,Male,CA,Auto,2408.21,56,6,1,1,4490.41,1
POL101830,Sarah Jones,70,Male,CA,Auto,1694.84,67,57,0,1,5004.35,0
POL101831,Emily Wilson,24,Male,NY,Life,520.44,14,30,0,0,0,1
POL101832,William Davis,26,Female,NY,Life,2070.22,86,118,1,0,0,1
POL101833,Lisa Martinez,68,Female,NY,Home,3264.54,14,110,0,0,0,0
POL101834,Emily Davis,65,Male,PA,Home,2936.23,69,99,0,1,15204.92,1
POL101835,Jane Williams,25,Male,CA,Home,2975.63,30,113,0,1,13475.21,1
POL101836,David Smith,67,Female,PA,Life,2885.17,33,107,0,0,0,0
POL101837,James Garcia,40,Male,PA,Auto,1471.19,27,74,0,1,7104.19,1
POL101838,Nancy Martinez,46,Female,FL,Home,2795.58,30,117,1,0,0,1
POL101839,James Garcia,35,Female,TX,Home,929.48,63,96,1,0,0,1
POL101840,Jessica Garcia,48,Female,FL,Auto,2473.15,19,106,0,0,0,0
POL101841,James Lopez,47,Female,IL,Auto,2424.71,33,106,1,0,0,0
POL101842,Lisa Williams,69,Female,CA,Auto,576.71,94,67,0,0,0,0
POL101843,David Garcia,56,Female,PA,Life,2863.91,98,90,1,1,47724,1
POL101844,Lisa Wilson,52,Male,MI,Life,3209.74,69,15,1,1,28996.21,0
POL101845,Emily Davis,35,Male,PA,Life,1302.25,66,17,1,0,0,1
POL101846,Sarah Williams,59,Female,MI,Life,2937.17,32,91,0,1,10614.01,0
POL101847,James Garcia,56,Male,GA,Home,747.22,31,18,0,1,6433.06,1
POL101848,David Wilson,34,Female,GA,Auto,2299.9,77,115,0,1,12418.8,0
POL101849,Karen Lopez,31,Male,PA,Home,1956.94,43,19,0,1,7490.14,1
POL101850,Jessica Martinez,48,Female,TX,Life,2137.77,79,76,0,0,0,0
POL101851,Joseph Brown,41,Female,IL,Life,3278.62,37,88,0,0,0,1
POL101852,Sarah Miller,52,Male,IL,Home,3113.95,48,69,0,0,0,1
POL101853,David Miller,61,Male,CA,Auto,2855.25,51,24,1,0,0,1
POL101854,Sarah Johnson,62,Female,NC,Auto,1321.1,32,91,1,0,0,0
POL101855,Lisa Brown,51,Male,TX,Home,3235.46,79,48,0,0,0,1
POL101856,Lisa Rodriguez,20,Male,TX,Home,792.52,89,30,0,0,0,1
POL101857,Michael Lopez,54,Male,TX,Home,3059.99,11,15,1,1,30221.61,0
POL101858,Joseph Rodriguez,60,Female,OH,Life,1484.48,33,47,0,0,0,0
POL101859,John Wilson,57,Female,CA,Home,661.32,26,102,0,1,5628.37,1
POL101860,Jessica Wilson,43,Female,NC,Life,2508.07,74,44,1,0,0,0
POL101861,Emily Davis,72,Female,MI,Life,1193.84,79,98,1,1,11880.08,0
POL101862,Joseph Jones,40,Male,OH,Life,1230.71,78,27,1,0,0,1
POL101863,Nancy Wilson,61,Male,TX,Home,1418.14,69,84,0,0,0,0
POL101864,Jane Miller,56,Female,NC,Home,691.05,59,64,0,0,0,0
POL101865,William Davis,32,Male,NC,Home,1031.38,21,41,0,0,0,1
POL101866,Michael Lopez,73,Male,GA,Home,515.42,56,96,1,0,0,0
POL101867,David Brown,66,Male,IL,Auto,1836.23,76,68,1,0,0,0
POL101868,David Lopez,21,Female,FL,Home,752.77,74,5,1,0,0,0
POL101869,Michael Wilson,46,Male,CA,Home,2547.96,36,53,0,1,7464.56,1
POL101870,James Miller,39,Male,TX,Home,1206.87,57,8,1,0,0,1
POL101871,Jane Davis,42,Female,GA,Auto,3330.72,97,22,1,0,0,0
POL101872,Lisa Davis,30,Male,CA,Auto,3113.75,71,106,0,0,0,1
POL101873,Lisa Miller,35,Male,NY,Home,1368.32,53,7,0,0,0,1
POL101874,Robert Rodriguez,50,Male,TX,Home,2849.65,28,22,0,0,0,0
POL101875,Nancy Wilson,33,Male,OH,Home,2909.73,68,46,1,1,7922.21,1
POL101876,James Rodriguez,62,Male,GA,Home,3459.69,17,30,1,0,0,0
POL101877,John Garcia,59,Male,OH,Home,2293.52,64,101,0,1,13253.59,1
POL101878,Karen Rodriguez,61,Female,GA,Home,745.9,56,16,1,0,0,1
POL101879,Lisa Lopez,19,Female,TX,Home,2440.51,11,79,0,1,16909.01,1
POL101880,Jane Johnson,72,Female,NY,Life,2374.94,48,5,0,1,7015.6,0
POL101881,Joseph Brown,52,Male,MI,Auto,2415.05,54,67,0,0,0,0
POL101882,William Lopez,59,Male,PA,Life,1421.44,41,23,1,0,0,1
POL101883,Sarah Williams,51,Male,GA,Home,3079.04,74,61,0,0,0,1
POL101884,William Martinez,47,Female,MI,Home,3378.42,47,74,0,0,0,1
POL101885,John Martinez,72,Male,MI,Home,1153.14,86,5,1,0,0,1
POL101886,William Lopez,30,Female,TX,Auto,764.46,20,23,1,0,0,1
POL101887,William Miller,30,Male,GA,Auto,1083.61,19,79,0,0,0,0
POL101888,Joseph Garcia,35,Female,NY,Life,2961.66,68,82,0,0,0,1
POL101889,Joseph Miller,49,Male,GA,Life,2529.93,99,25,1,1,22297.94,1
POL101890,Jane Smith,49,Female,MI,Auto,2408.14,64,8,1,0,0,1
POL101891,Jane Jones,52,Male,PA,Home,1705.38,29,95,1,0,0,0
POL101892,Emily Rodriguez,56,Male,PA,Auto,2233.48,90,21,0,1,13450.27,1
POL101893,Karen Rodriguez,63,Female,CA,Auto,1423.62,26,2,1,0,0,0
POL101894,Robert Martinez,69,Female,PA,Home,1931.6,77,22,1,0,0,0
POL101895,Karen Martinez,46,Male,CA,Home,2879.19,14,72,1,0,0,0
POL101896,Emily Davis,66,Male,TX,Home,3443.72,69,87,0,0,0,0
POL101897,Sarah Miller,46,Male,TX,Home,3297.47,32,96,0,0,0,0
POL101898,Jessica Lopez,70,Female,MI,Auto,3301.6,55,72,0,0,0,1
POL101899,Lisa Wilson,61,Male,IL,Life,1706.67,61,68,1,1,8521.41,0
POL101900,Robert Williams,74,Male,OH,Auto,1906.37,19,64,0,0,0,1
POL101901,Sarah Smith,33,Male,TX,Home,2616.91,55,94,1,0,0,0
POL101902,Jessica Johnson,73,Male,CA,Home,3266.58,37,19,1,0,0,1
POL101903,David Miller,61,Male,FL,Life,925.98,52,87,0,0,0,0
POL101904,Jane Johnson,64,Female,PA,Home,1412.73,35,82,0,1,9348.68,0
POL101905,Nancy Wilson,74,Female,IL,Auto,917.74,64,53,1,0,0,0
POL101906,Michael Garcia,27,Female,CA,Auto,2336.03,57,93,1,0,0,1
POL101907,David Garcia,47,Female,PA,Home,1418.9,38,87,1,0,0,1
POL101908,Jessica Brown,42,Female,MI,Life,1478.32,36,97,0,0,0,1
POL101909,Robert Davis,56,Female,GA,Home,712.75,27,52,1,0,0,1
POL101910,Sarah Davis,37,Female,NY,Life,1549.39,69,47,1,0,0,0
POL101911,Jane Davis,22,Female,MI,Life,3087.49,83,82,0,0,0,1
POL101912,Karen Wilson,18,Female,MI,Home,1199.22,78,54,1,0,0,1
POL101913,Jessica Garcia,47,Female,OH,Auto,2585.56,83,44,1,0,0,1
POL101914,Jane Jones,66,Male,TX,Auto,2388.89,30,97,1,0,0,0
POL101915,John Wilson,20,Female,PA,Auto,3090.45,33,7,1,1,21315.16,1
POL101916,Jane Smith,62,Female,IL,Life,896.86,12,115,1,1,1671.44,0
POL101917,Nancy Garcia,31,Female,FL,Life,3432.77,71,92,0,0,0,1
POL101918,William Johnson,73,Male,NC,Home,2247.89,11,1,1,1,22476.85,1
POL101919,William Williams,47,Female,IL,Auto,3486.42,75,63,1,0,0,1
POL101920,Karen Brown,67,Female,NC,Auto,3234.54,51,103,0,0,0,0
POL101921,Robert Williams,21,Male,NY,Auto,1164.55,43,98,1,1,5349.15,0
POL101922,Robert Williams,35,Male,GA,Auto,668.49,51,39,1,0,0,0
POL101923,Sarah Rodriguez,54,Female,PA,Auto,1266.92,29,19,1,0,0,1
POL101924,James Davis,42,Female,TX,Home,2082.69,77,31,0,0,0,1
POL101925,Emily Miller,65,Male,NY,Auto,1014.79,54,77,0,0,0,1
POL101926,William Williams,18,Male,FL,Home,1002.38,84,24,0,0,0,1
POL101927,Michael Lopez,70,Male,IL,Home,1887.78,51,69,1,0,0,1
POL101928,William Miller,63,Female,IL,Home,599.8,56,87,0,1,1213.46,0
POL101929,James Smith,32,Male,GA,Life,865.66,14,83,0,0,0,0
POL101930,Karen Martinez,26,Female,OH,Life,1747.58,98,65,1,0,0,1
POL101931,Emily Davis,32,Female,PA,Home,689.39,58,33,1,0,0,1
POL101932,Lisa Miller,66,Female,NY,Home,1690.27,46,59,1,0,0,1
POL101933,James Smith,74,Female,IL,Home,1922.02,43,114,1,0,0,0
POL101934,Karen Brown,41,Male,GA,Auto,1853.8,82,33,0,1,32422.02,1
POL101935,Emily Jones,21,Male,CA,Home,3107.52,79,32,1,0,0,1
POL101936,Joseph Wilson,29,Female,PA,Life,2090.19,27,59,1,1,20777.87,1
POL101937,Joseph Johnson,75,Male,NC,Auto,1903.94,87,92,0,0,0,0
POL101938,Lisa Johnson,54,Female,NY,Home,1732.13,28,101,0,1,14617.53,0
POL101939,Joseph Rodriguez,54,Male,TX,Auto,2952.87,87,41,1,1,51622.08,1
POL101940,Michael Garcia,60,Female,MI,Auto,3185.17,49,12,0,0,0,1
POL101941,Sarah Brown,23,Female,NY,Auto,3059.73,26,73,0,0,0,1
POL101942,Jessica Johnson,56,Male,MI,Auto,2520.64,69,114,1,0,0,0
POL101943,David Lopez,73,Female,NY,Home,912.09,51,119,1,0,0,0
POL101944,Nancy Davis,63,Female,IL,Life,1330.61,90,11,0,0,0,0
POL101945,Robert Lopez,41,Male,OH,Auto,638.19,81,97,1,0,0,1
POL101946,Sarah Martinez,28,Female,FL,Auto,3292.47,74,19,0,1,22456.12,1
POL101947,James Martinez,30,Female,GA,Home,2482.4,62,54,1,1,23185.04,1
POL101948,James Martinez,51,Female,OH,Life,2739.09,16,57,0,0,0,1
POL101949,Jane Garcia,42,Male,OH,Home,1434.72,14,42,0,0,0,1
POL101950,Sarah Davis,24,Female,NY,Life,3036.96,33,98,0,1,5478,1
POL101951,Lisa Williams,69,Female,IL,Life,1278.81,37,71,1,0,0,0
POL101952,Nancy Lopez,21,Male,OH,Life,504.93,71,31,1,1,4048.1,1
POL101953,Karen Jones,25,Male,PA,Home,1629.24,26,52,0,0,0,1
POL101954,Lisa Martinez,37,Male,PA,Auto,2212.28,29,2,0,0,0,1
POL101955,Jane Lopez,46,Male,NC,Auto,1936.11,12,83,0,1,13942,1
POL101956,Michael Garcia,71,Female,OH,Life,3086.23,46,38,1,0,0,0
POL101957,Jane Brown,70,Male,OH,Auto,816.22,99,32,1,0,0,0
POL101958,David Johnson,68,Female,PA,Auto,2161.47,24,10,0,1,4153.2,0
POL101959,Michael Garcia,62,Female,TX,Home,2038.94,60,105,0,1,12486.01,0
POL101960,Karen Williams,63,Male,PA,Life,1344.18,57,8,0,0,0,0
POL101961,Robert Miller,27,Female,IL,Life,2966.68,17,90,0,1,17438.18,1
POL101962,James Martinez,60,Male,NC,Home,2758.55,22,94,0,0,0,1
POL101963,Michael Martinez,51,Female,FL,Home,2698.58,57,75,1,0,0,0
POL101964,James Miller,74,Male,GA,Life,3128.58,12,105,0,0,0,0
POL101965,Michael Davis,43,Male,IL,Home,2668.35,74,20,0,0,0,0
POL101966,William Rodriguez,58,Male,IL,Life,1195.52,82,20,1,0,0,1
POL101967,Karen Lopez,66,Male,CA,Auto,2616.69,40,9,1,1,19306.05,0
POL101968,Michael Rodriguez,75,Male,GA,Auto,1423.11,35,72,1,0,0,1
POL101969,Michael Davis,20,Male,CA,Auto,1226.52,90,15,1,0,0,1
POL101970,David Williams,73,Female,PA,Auto,719.01,65,98,0,1,1552.35,0
POL101971,Michael Garcia,23,Male,NC,Life,2732.09,43,88,1,0,0,1
POL101972,Nancy Davis,22,Male,CA,Life,2633,18,97,0,0,0,1
POL101973,Lisa Smith,22,Female,NY,Home,1203.5,71,105,0,0,0,0
POL101974,Nancy Garcia,71,Female,TX,Home,2748.14,22,105,0,0,0,0
POL101975,John Davis,64,Female,CA,Auto,3253.52,78,109,1,0,0,1
POL101976,Michael Brown,40,Male,FL,Home,824.09,50,63,1,0,0,1
POL101977,Nancy Miller,66,Female,CA,Home,1197.91,86,104,1,0,0,1
POL101978,Robert Rodriguez,26,Female,TX,Auto,2750.78,10,91,0,0,0,1
POL101979,William Davis,52,Male,PA,Life,1323.52,98,21,0,0,0,0
POL101980,James Lopez,37,Male,CA,Home,2373.99,56,5,0,0,0,1
POL101981,Jessica Miller,75,Female,TX,Home,743.49,13,35,1,0,0,1
POL101982,Karen Davis,66,Male,MI,Auto,1856.61,72,85,0,1,15493.17,0
POL101983,Jessica Williams,59,Female,FL,Life,2717.27,61,68,0,0,0,0
POL101984,Jane Martinez,52,Male,CA,Home,2559.54,19,113,0,0,0,1
POL101985,John Brown,67,Male,CA,Auto,2945.22,37,48,0,0,0,0
POL101986,David Smith,35,Female,NY,Auto,3132.36,15,80,0,1,8410.17,1
POL101987,David Brown,34,Female,NY,Life,2819.55,36,95,0,0,0,1
POL101988,Robert Jones,41,Female,PA,Auto,2514.76,21,90,0,0,0,0
POL101989,Michael Davis,20,Female,MI,Auto,595.17,71,62,0,1,3010.76,1
POL101990,Lisa Wilson,49,Male,CA,Auto,2104.9,61,116,0,0,0,0
POL101991,Joseph Davis,52,Male,TX,Auto,613.09,57,35,1,1,5512.26,1
POL101992,Robert Rodriguez,55,Female,MI,Life,2924.2,76,70,0,0,0,1
POL101993,Jane Martinez,30,Male,GA,Home,1462.17,55,97,1,0,0,0
POL101994,Jane Jones,73,Female,PA,Auto,2187.29,83,21,0,1,13702.32,0
POL101995,Joseph Rodriguez,64,Male,CA,Life,1338.34,24,80,0,0,0,1
POL101996,Nancy Garcia,42,Male,MI,Home,2847.5,80,111,0,1,13458.77,1
POL101997,Robert Smith,26,Male,CA,Home,3159.51,45,39,0,0,0,1
POL101998,Joseph Wilson,21,Female,NY,Auto,1695.93,23,34,1,0,0,1
POL101999,Jessica Rodriguez,31,Male,TX,Home,3088.77,87,106,1,0,0,1
POL102000,Emily Miller,54,Male,FL,Home,1301.23,12,15,0,0,0,1
POL102001,Jane Wilson,51,Female,CA,Life,2103.98,76,6,0,0,0,0
POL102002,Nancy Lopez,28,Male,TX,Life,3076.28,95,66,0,0,0,1
POL102003,Joseph Brown,58,Female,CA,Life,1477.64,28,88,0,0,0,0
POL102004,David Smith,73,Female,CA,Home,3362.13,85,56,0,0,0,0
POL102005,Jessica Jones,20,Male,NY,Life,865.64,63,49,0,0,0,0
POL102006,Sarah Johnson,45,Female,OH,Auto,554.83,78,92,0,1,1059.57,0
POL102007,Jessica Johnson,46,Male,FL,Home,3212.41,19,1,1,0,0,0
POL102008,Joseph Brown,26,Male,FL,Life,705.95,42,65,0,0,0,0
POL102009,Emily Wilson,20,Female,NY,Home,3475.67,22,28,0,0,0,1
POL102010,Lisa Wilson,42,Female,CA,Life,3354.19,60,100,0,1,24198.22,1
POL102011,Sarah Wilson,51,Female,OH,Auto,911.06,41,20,0,0,0,0
POL102012,Lisa Lopez,29,Female,PA,Home,2112.75,84,48,1,0,0,1
POL102013,James Williams,59,Male,NC,Home,1054.76,33,72,0,0,0,1
POL102014,Lisa Williams,26,Male,FL,Life,1784.47,44,65,1,0,0,1
POL102015,Joseph Brown,32,Male,GA,Auto,684.28,92,90,1,0,0,0
POL102016,Nancy Brown,57,Female,FL,Home,1171.77,79,51,1,1,11583.71,1
POL102017,Joseph Smith,42,Male,GA,Auto,1589.82,49,43,1,1,14706.26,0
POL102018,Lisa Garcia,22,Female,MI,Auto,1815.94,63,49,0,0,0,1
POL102019,Robert Jones,28,Female,TX,Life,3432.49,53,25,0,1,26076.68,1
POL102020,Lisa Rodriguez,51,Male,GA,Life,2923.6,71,74,0,0,0,1
POL102021,Michael Garcia,41,Female,IL,Life,2712.23,77,76,1,0,0,1
POL102022,Karen Jones,32,Male,MI,Auto,2111.12,42,41,0,0,0,0
POL102023,David Martinez,55,Female,NY,Life,3019.99,86,71,1,0,0,0
POL102024,David Rodriguez,25,Female,GA,Home,1517.97,65,64,1,0,0,1
POL102025,William Johnson,22,Male,TX,Home,2626.7,45,61,0,1,6290.92,0
POL102026,Michael Miller,65,Female,NC,Home,3481.35,63,12,1,0,0,0
POL102027,John Jones,43,Male,NY,Home,1443.89,28,111,0,0,0,1
POL102028,Nancy Lopez,35,Male,CA,Auto,2522.05,52,104,1,0,0,0
POL102029,Michael Wilson,23,Female,TX,Auto,3032.94,21,81,0,0,0,1
POL102030,Nancy Williams,54,Female,FL,Life,3247.42,20,69,1,0,0,0
POL102031,Emily Williams,65,Male,IL,Home,2653.8,79,14,1,1,9381.82,0
POL102032,Karen Garcia,30,Female,TX,Home,1350.82,21,34,0,0,0,0
POL102033,Nancy Brown,45,Female,NC,Home,1478.85,50,48,1,0,0,1
POL102034,Joseph Lopez,22,Male,MI,Life,562.27,34,61,1,0,0,1
POL102035,James Davis,30,Female,FL,Home,2782.66,12,81,0,0,0,1
POL102036,Michael Martinez,34,Female,CA,Home,628.22,12,35,0,0,0,1
POL102037,William Jones,67,Female,CA,Life,3093.96,93,119,1,0,0,1
POL102038,William Miller,57,Male,FL,Home,855.98,37,65,0,1,2643.45,1
POL102039,James Davis,62,Female,TX,Home,1015.63,32,59,1,0,0,0
POL102040,Jane Lopez,49,Male,PA,Life,1929.58,57,114,0,0,0,1
POL102041,Joseph Johnson,46,Male,FL,Auto,2713.64,76,114,1,0,0,1
POL102042,James Rodriguez,68,Male,TX,Auto,917.01,51,36,0,0,0,0
POL102043,Karen Jones,75,Male,OH,Auto,1820.21,97,79,0,0,0,0
POL102044,Karen Garcia,20,Male,MI,Auto,1948.55,49,19,1,0,0,1
POL102045,Jessica Davis,73,Female,IL,Auto,1136.86,15,115,0,0,0,1
POL102046,Sarah Martinez,57,Female,MI,Auto,846.68,29,42,0,0,0,0
POL102047,John Wilson,51,Female,OH,Auto,3009.26,20,69,0,0,0,0
POL102048,Jane Wilson,57,Male,NC,Life,2007.4,36,19,1,0,0,1
POL102049,Jessica Lopez,44,Male,IL,Home,543.14,30,107,0,0,0,1
POL102050,William Wilson,30,Female,FL,Home,2908.94,22,39,1,1,13152.55,1
POL102051,Sarah Johnson,62,Female,OH,Life,3442.38,95,69,1,0,0,0
POL102052,Joseph Rodriguez,50,Female,IL,Life,2317.78,44,52,0,0,0,0
POL102053,James Brown,23,Female,PA,Life,2011.13,56,12,1,0,0,1
POL102054,James Brown,41,Female,FL,Life,3135.25,95,83,1,1,10979.32,1
POL102055,Jessica Jones,36,Female,NC,Home,3357.55,37,47,0,0,0,1
POL102056,Sarah Jones,33,Female,NY,Life,2763.61,30,76,0,0,0,1
POL102057,Sarah Rodriguez,57,Male,IL,Life,1836.36,27,36,1,0,0,1
POL102058,Lisa Williams,45,Female,IL,Life,2276.66,40,63,0,0,0,0
POL102059,Lisa Davis,50,Female,TX,Auto,2602.81,69,76,0,1,9312.17,1
POL102060,Joseph Garcia,65,Male,CA,Home,1082.82,46,82,1,0,0,1
POL102061,William Smith,58,Female,NY,Home,1841.6,30,113,0,0,0,0
POL102062,John Johnson,30,Male,CA,Home,2989.46,23,51,1,1,20155.55,1
POL102063,William Davis,60,Male,GA,Auto,2464.18,98,112,1,0,0,0
POL102064,John Johnson,62,Female,PA,Auto,1733.61,69,43,0,0,0,1
POL102065,Nancy Williams,42,Male,NY,Life,2490.09,32,34,1,1,10480.72,0
POL102066,Jessica Davis,70,Female,MI,Home,854.67,38,112,0,1,6201.39,1
POL102067,John Miller,59,Female,OH,Life,1704.49,56,97,0,0,0,0
POL102068,Emily Wilson,53,Male,CA,Life,2879.39,39,49,0,0,0,0
POL102069,Michael Lopez,44,Male,GA,Life,1161.53,99,18,1,1,22201.63,1
POL102070,David Williams,55,Female,NY,Life,1057.88,93,61,0,0,0,1
POL102071,Nancy Jones,24,Female,CA,Auto,3352.46,47,57,0,0,0,0
POL102072,Jane Lopez,22,Female,PA,Home,1129.69,92,93,1,0,0,0
POL102073,Sarah Jones,60,Male,MI,Auto,1282.76,36,109,0,1,8885.76,1
POL102074,Jane Garcia,62,Male,PA,Auto,3408.85,98,5,1,0,0,0
POL102075,William Lopez,75,Male,MI,Auto,2704.13,96,89,1,1,21333.1,0
POL102076,Michael Smith,74,Male,CA,Life,2598.79,24,24,0,0,0,0
POL102077,James Lopez,68,Male,MI,Life,3058.78,68,93,1,0,0,1
POL102078,David Wilson,48,Female,IL,Home,847.47,12,64,1,0,0,0
POL102079,Karen Brown,40,Male,PA,Life,2617.87,19,59,1,1,20650.89,0
POL102080,James Lopez,59,Male,GA,Auto,2011.07,88,38,1,0,0,0
POL102081,Jane Wilson,27,Female,PA,Auto,2987.45,89,33,0,0,0,1
POL102082,Jane Smith,49,Female,GA,Home,2024.43,26,10,1,0,0,1
POL102083,Emily Davis,60,Male,PA,Home,2360.72,92,37,1,0,0,1
POL102084,Jane Williams,70,Male,GA,Life,1933.23,20,97,1,1,8334.1,1
POL102085,Lisa Brown,47,Male,IL,Auto,1934.48,57,87,0,0,0,1
POL102086,Robert Lopez,56,Female,GA,Life,2803.91,14,11,1,0,0,0
POL102087,Jessica Smith,48,Female,PA,Life,2385.7,78,24,0,0,0,1
POL102088,John Wilson,35,Male,NC,Auto,2399.79,73,88,0,0,0,1
POL102089,Sarah Johnson,53,Male,FL,Auto,1850.85,23,71,0,0,0,0
POL102090,Nancy Miller,19,Male,FL,Life,2093.33,59,114,0,0,0,1
POL102091,Karen Williams,31,Female,MI,Home,2737.15,35,21,1,0,0,0
POL102092,Jessica Johnson,30,Female,TX,Auto,2977.82,81,20,0,0,0,1
POL102093,Emily Miller,46,Male,NY,Auto,2589.68,78,117,0,0,0,1
POL102094,Jane Wilson,29,Female,PA,Home,3272.22,16,10,1,0,0,1
POL102095,Joseph Johnson,56,Male,OH,Home,2960.97,25,89,0,1,4817.92,0
POL102096,Jane Garcia,19,Male,GA,Life,2185.59,64,47,0,0,0,1
POL102097,Sarah Jones,49,Male,GA,Life,2514.22,87,100,1,1,4947.75,0
POL102098,Michael Miller,30,Male,PA,Auto,3278.92,65,112,0,0,0,0
POL102099,Joseph Williams,63,Female,OH,Auto,2357.5,13,47,0,0,0,0
POL102100,William Lopez,44,Female,GA,Home,2974.42,57,15,0,1,11592.84,1
POL102101,Michael Johnson,66,Female,GA,Life,2566.43,26,44,1,0,0,0
POL102102,Robert Martinez,58,Male,GA,Auto,2155.81,45,104,0,0,0,1
POL102103,John Martinez,34,Female,TX,Home,1225.51,79,104,0,0,0,1
POL102104,William Williams,57,Male,TX,Life,1777.99,89,114,0,0,0,0
POL102105,Jessica Garcia,48,Female,OH,Life,3403.23,47,62,0,0,0,0
POL102106,Karen Brown,51,Female,OH,Life,2473.3,71,6,0,0,0,1
POL102107,William Wilson,41,Female,NY,Auto,2193.19,57,101,0,0,0,1
POL102108,Michael Miller,62,Female,TX,Home,3298.87,19,66,0,0,0,0
POL102109,Lisa Lopez,52,Female,PA,Life,2259.54,45,76,1,0,0,1
POL102110,Jessica Brown,65,Male,OH,Auto,2078.25,38,4,1,0,0,0
POL102111,Jane Johnson,23,Male,TX,Home,2777.93,87,23,1,0,0,1
POL102112,Michael Johnson,36,Male,OH,Auto,2638,13,13,0,0,0,0
POL102113,Lisa Wilson,47,Male,PA,Home,1079.48,53,81,1,0,0,1
POL102114,James Garcia,24,Male,NY,Auto,1913.92,65,31,0,1,14088.59,1
POL102115,James Garcia,27,Female,OH,Auto,1917.55,51,16,1,0,0,0
POL102116,Joseph Williams,58,Male,TX,Life,1634.67,22,41,1,0,0,0
POL102117,Emily Jones,49,Male,TX,Life,2051.88,55,90,0,0,0,0
POL102118,William Johnson,51,Female,MI,Life,1739.32,91,92,0,0,0,1
POL102119,Emily Rodriguez,45,Female,TX,Auto,1098.04,42,1,1,0,0,1
POL102120,Lisa Martinez,32,Male,FL,Life,1737.1,30,111,1,0,0,1
POL102121,Karen Martinez,47,Male,CA,Auto,716.83,89,12,0,1,6599.72,0
POL102122,David Wilson,54,Female,NY,Life,2227.36,88,101,1,1,21493.55,0
POL102123,John Lopez,46,Female,OH,Home,3060.96,66,119,0,0,0,0
POL102124,David Brown,39,Female,GA,Home,2675.86,78,56,1,0,0,0
POL102125,Robert Martinez,21,Female,TX,Home,1581.18,79,50,1,0,0,1
POL102126,Robert Brown,37,Male,IL,Life,761.21,76,20,1,0,0,1
POL102127,Karen Miller,49,Male,PA,Home,1106.45,57,66,0,0,0,0
POL102128,David Lopez,53,Female,FL,Life,2136.47,85,36,1,0,0,0
POL102129,John Brown,67,Male,NY,Auto,1121.17,42,79,0,1,1928.09,0
POL102130,Jessica Miller,21,Male,GA,Home,2131.92,45,38,0,0,0,1
POL102131,Jane Brown,44,Female,OH,Home,1194.8,42,22,1,1,11847.33,1
POL102132,Jessica Lopez,34,Male,TX,Auto,3046.77,40,108,1,0,0,1
POL102133,Lisa Johnson,29,Female,IL,Home,1691.81,30,61,0,0,0,1
POL102134,Robert Smith,39,Female,NC,Home,1236.65,36,50,0,0,0,0
POL102135,Sarah Garcia,34,Male,IL,Home,2936.98,81,96,1,0,0,1
POL102136,Michael Miller,27,Male,FL,Life,1528.52,71,59,0,0,0,1
POL102137,Nancy Martinez,71,Male,FL,Home,834.46,35,20,1,1,3539.13,0
POL102138,James Garcia,18,Male,GA,Home,2211.23,75,36,0,0,0,1
POL102139,Robert Lopez,39,Male,MI,Home,2244.69,21,97,0,0,0,0
POL102140,Michael Davis,43,Male,GA,Home,2644.09,31,15,0,1,22911.38,0
POL102141,Joseph Johnson,73,Male,OH,Auto,1220.66,26,62,1,1,3701.67,0
POL102142,John Martinez,35,Female,OH,Life,1831.31,16,114,0,0,0,1
POL102143,Jane Smith,67,Female,TX,Auto,1347.1,77,110,0,0,0,0
POL102144,David Brown,31,Male,GA,Life,742.86,46,3,0,0,0,0
POL102145,John Smith,64,Male,NY,Home,3129.84,47,93,0,0,0,1
POL102146,Joseph Miller,46,Male,PA,Life,2686.61,20,111,0,0,0,0
POL102147,Robert Jones,29,Male,CA,Auto,1404.39,10,91,0,0,0,0
POL102148,William Wilson,53,Male,CA,Home,2298.12,34,5,1,1,4675.84,1
POL102149,Robert Miller,52,Male,PA,Life,1103.79,51,56,1,1,5205.5,0
POL102150,James Wilson,69,Female,GA,Life,3170.71,61,31,1,1,27904.99,1
POL102151,James Johnson,29,Male,MI,Auto,844.72,33,86,0,0,0,1
POL102152,William Rodriguez,24,Male,IL,Home,511.51,62,35,1,0,0,1
POL102153,Robert Martinez,46,Male,TX,Life,2006.02,65,118,1,0,0,1
POL102154,Michael Jones,28,Female,FL,Life,2249.38,72,71,1,1,7596.18,0
POL102155,Jane Jones,50,Female,NC,Auto,2236.9,90,70,1,0,0,1
POL102156,Jane Rodriguez,23,Male,GA,Auto,663.54,17,26,0,0,0,1
POL102157,Emily Williams,64,Female,FL,Life,1442.13,68,118,0,0,0,0
POL102158,Robert Garcia,32,Male,OH,Life,1997.6,54,1,1,1,5610.53,1
POL102159,James Martinez,49,Male,GA,Life,1149.74,36,83,0,0,0,1
POL102160,William Lopez,68,Female,NY,Life,3117.88,61,7,1,0,0,0
POL102161,William Lopez,28,Male,IL,Life,761.33,27,36,1,0,0,1
POL102162,Jane Jones,75,Female,TX,Home,1962.15,95,76,0,0,0,0
POL102163,Karen Miller,40,Female,PA,Auto,2574.25,25,84,1,0,0,1
POL102164,Karen Brown,43,Male,IL,Life,1285.25,75,87,0,1,11867.15,0
POL102165,John Brown,51,Female,MI,Life,2372.72,14,25,0,0,0,1
POL102166,Jane Miller,63,Female,OH,Auto,2988.16,91,94,0,0,0,0
POL102167,Jane Davis,51,Female,MI,Auto,1071.01,12,59,0,1,10148.75,1
POL102168,Lisa Martinez,46,Male,CA,Life,3251.66,90,61,0,0,0,0
POL102169,John Jones,21,Male,MI,Home,2160.68,89,29,1,0,0,1
POL102170,William Wilson,34,Male,TX,Life,1397.7,79,95,0,0,0,1
POL102171,William Wilson,52,Male,NC,Life,1792.57,16,18,0,0,0,1
POL102172,Michael Johnson,30,Male,IL,Life,1436.58,59,41,0,0,0,0
POL102173,John Wilson,58,Male,PA,Home,2675.33,23,19,0,0,0,1
POL102174,Michael Wilson,56,Male,PA,Life,2888.9,47,118,0,0,0,0
POL102175,John Williams,32,Female,TX,Life,2998.81,88,4,1,1,4818.07,0
POL102176,Jessica Garcia,72,Male,PA,Home,3457.3,56,65,0,0,0,0
POL102177,Robert Rodriguez,46,Male,MI,Life,2873.85,42,41,1,0,0,1
POL102178,Joseph Wilson,46,Male,GA,Life,2304.15,52,15,1,1,17703.25,0
POL102179,David Williams,28,Female,CA,Life,1517.66,38,54,0,0,0,0
POL102180,Sarah Williams,69,Female,NY,Home,2133.79,66,64,1,0,0,0
POL102181,Karen Jones,49,Male,GA,Life,623.2,14,72,0,1,2572.74,0
POL102182,Karen Johnson,19,Female,PA,Life,2734.48,69,15,1,0,0,1
POL102183,Joseph Smith,64,Male,OH,Life,1837.87,79,79,0,0,0,1
POL102184,Sarah Miller,31,Female,FL,Auto,560.07,11,50,1,0,0,1
POL102185,David Rodriguez,37,Female,FL,Life,687.52,79,103,0,0,0,1
POL102186,Jane Jones,39,Female,PA,Life,1662.4,52,22,0,0,0,0
POL102187,Karen Martinez,28,Male,FL,Auto,2250.26,13,18,0,0,0,1
POL102188,William Johnson,44,Female,PA,Home,1892.61,65,80,1,0,0,0
POL102189,Jessica Davis,20,Female,GA,Home,2357.61,68,2,1,0,0,1
POL102190,Robert Garcia,34,Male,IL,Home,1940.88,98,36,0,0,0,1
POL102191,John Davis,61,Female,NC,Life,2485.11,18,20,0,1,11642.71,0
POL102192,Nancy Martinez,73,Female,PA,Life,1157.38,12,16,1,0,0,0
POL102193,Michael Garcia,45,Male,MI,Auto,838.53,99,67,1,0,0,0
POL102194,Michael Jones,46,Male,PA,Home,2289.3,57,30,0,0,0,0
POL102195,Joseph Johnson,38,Male,FL,Auto,1954.07,52,55,0,0,0,1
POL102196,Lisa Lopez,64,Female,TX,Home,580.6,10,66,0,0,0,1
POL102197,Karen Johnson,33,Male,PA,Home,1641.45,66,99,0,0,0,1
POL102198,Emily Wilson,54,Female,MI,Life,818.38,62,26,0,0,0,0
POL102199,Robert Smith,37,Male,FL,Auto,2094.07,25,57,0,0,0,0
POL102200,John Smith,23,Female,MI,Home,1687.33,60,69,1,1,9259.01,1
POL102201,Emily Smith,36,Male,MI,Home,2339.46,84,2,0,1,11996.1,1
POL102202,Jessica Garcia,74,Female,FL,Auto,2916.81,99,115,0,0,0,1
POL102203,James Williams,22,Female,FL,Auto,1399.01,64,56,1,0,0,1
POL102204,Michael Smith,20,Female,GA,Auto,3386.31,10,84,0,0,0,1
POL102205,Robert Wilson,18,Male,MI,Life,2106.9,99,62,0,0,0,1
POL102206,Karen Lopez,75,Male,GA,Life,2354.87,37,34,0,1,13840.22,1
POL102207,James Brown,55,Male,NY,Life,2542.02,62,98,0,0,0,1
POL102208,Sarah Brown,32,Female,PA,Life,2500.19,67,118,0,1,16126.41,1
POL102209,James Wilson,51,Male,NC,Home,2032.91,82,56,1,0,0,0
POL102210,Sarah Jones,52,Male,CA,Life,1786.29,69,55,1,0,0,0
POL102211,Nancy Johnson,66,Female,OH,Home,661.35,68,20,0,0,0,1
POL102212,Lisa Garcia,42,Male,TX,Auto,566.26,31,50,1,1,3090.4,1
POL102213,Jane Rodriguez,41,Female,MI,Home,1573.88,17,25,0,0,0,1
POL102214,William Smith,29,Male,PA,Auto,1500.98,58,84,0,0,0,0
POL102215,Michael Brown,35,Female,CA,Auto,1663.09,51,25,1,1,12412.12,1
POL102216,Joseph Rodriguez,32,Female,NC,Life,915.1,36,53,0,1,6962.19,1
POL102217,John Miller,61,Female,GA,Life,2714.5,48,14,1,1,14232.27,0
POL102218,Jane Davis,33,Male,GA,Auto,3070.89,92,60,1,0,0,1
POL102219,Nancy Jones,44,Male,MI,Life,3316.14,34,111,0,0,0,0
POL102220,Joseph Jones,25,Female,IL,Home,1977.09,47,108,0,0,0,1
POL102221,Sarah Johnson,63,Male,CA,Auto,2602.6,94,43,1,1,14110.97,0
POL102222,Robert Davis,42,Male,GA,Life,3066.65,33,107,0,0,0,0
POL102223,John Garcia,34,Female,OH,Auto,1754.87,33,62,1,0,0,0
POL102224,Emily Jones,46,Male,FL,Auto,1428.24,69,103,1,1,9919.74,0
POL102225,Lisa Jones,70,Female,IL,Life,3310.17,92,76,0,0,0,0
POL102226,Karen Martinez,25,Male,TX,Auto,2047.03,59,112,0,0,0,1
POL102227,Emily Davis,32,Male,PA,Auto,1991.76,75,69,0,0,0,1
POL102228,Sarah Martinez,44,Male,NY,Auto,1035.25,23,63,1,0,0,1
POL102229,Jessica Brown,63,Female,GA,Life,824.47,62,2,0,1,6653.58,0
POL102230,Karen Rodriguez,67,Female,FL,Life,3026.32,41,54,0,1,20954.03,0
POL102231,Joseph Brown,69,Male,FL,Life,2342.4,57,16,1,1,15222.01,0
POL102232,Michael Smith,24,Female,NY,Home,1477.47,48,55,1,1,5097.27,1
POL102233,James Smith,20,Female,PA,Auto,1075.21,49,94,0,0,0,0
POL102234,Emily Rodriguez,46,Female,PA,Home,2166.49,51,111,0,0,0,0
POL102235,Sarah Lopez,61,Male,MI,Auto,2251.76,86,43,0,0,0,0
POL102236,Nancy Wilson,70,Male,GA,Life,1120.98,85,61,1,1,7828.55,0
POL102237,John Garcia,41,Male,NC,Auto,3054.22,17,38,0,0,0,1
POL102238,John Lopez,75,Female,TX,Auto,752.79,88,45,1,0,0,1
POL102239,James Wilson,20,Female,IL,Life,1568.28,35,51,0,1,6816.18,1
POL102240,Karen Jones,37,Male,PA,Life,2541.15,21,42,0,1,23673.99,1
POL102241,Jane Brown,63,Female,GA,Auto,1322.36,52,24,0,0,0,1
POL102242,Robert Brown,32,Female,PA,Life,2983.03,60,115,0,0,0,0
POL102243,James Davis,42,Female,MI,Life,2719.6,91,30,1,0,0,0
POL102244,John Williams,47,Male,NC,Life,2867.07,72,37,1,1,20231.83,1
POL102245,Karen Jones,31,Female,FL,Auto,857.32,58,53,0,0,0,1
POL102246,Jane Smith,24,Male,FL,Auto,921.64,36,63,1,0,0,0
POL102247,Emily Rodriguez,34,Male,MI,Auto,1359.42,18,103,0,0,0,0
POL102248,James Wilson,61,Male,MI,Auto,2054.23,48,11,0,0,0,1
POL102249,Sarah Davis,37,Male,CA,Auto,2744.05,74,78,0,0,0,0
POL102250,Karen Johnson,53,Female,IL,Auto,3009.59,80,23,0,1,11630.64,0
POL102251,Lisa Johnson,26,Female,NY,Auto,2613.01,99,117,1,0,0,1
POL102252,Robert Williams,55,Male,FL,Auto,3285.79,80,80,0,0,0,0
POL102253,William Miller,65,Female,NC,Auto,2716.23,16,50,0,0,0,1
POL102254,Jane Martinez,74,Male,NC,Auto,1418.8,81,85,0,0,0,1
POL102255,Lisa Smith,39,Female,IL,Auto,1295.24,89,55,1,0,0,0
POL102256,James Lopez,71,Female,FL,Auto,2588.58,76,55,1,0,0,0
POL102257,Michael Brown,70,Male,OH,Auto,1078.61,19,4,1,0,0,0
POL102258,David Jones,70,Female,OH,Life,778.14,80,97,1,0,0,0
POL102259,Nancy Garcia,19,Female,NY,Life,2096.67,94,54,0,0,0,1
POL102260,Joseph Miller,41,Female,IL,Home,2964.92,62,61,0,0,0,1
POL102261,Karen Wilson,25,Female,IL,Home,804.14,96,111,0,1,8877.51,1
POL102262,Sarah Garcia,28,Female,FL,Home,2875.67,66,78,1,1,25006.66,0
POL102263,Jessica Jones,30,Female,TX,Home,2934.72,95,83,1,0,0,1
POL102264,Emily Johnson,34,Male,IL,Auto,1946.82,36,5,1,0,0,1
POL102265,Emily Williams,25,Female,NY,Auto,671.93,63,100,0,0,0,1
POL102266,Joseph Martinez,38,Male,NY,Auto,1023.77,13,95,0,0,0,1
POL102267,Jane Williams,35,Female,OH,Life,2622.28,97,109,1,0,0,1
POL102268,Jane Williams,47,Female,CA,Life,2635.33,32,18,1,0,0,0
POL102269,Jessica Davis,35,Female,PA,Life,3195.07,57,44,0,0,0,0
POL102270,Sarah Miller,63,Male,GA,Life,2248.06,92,31,1,0,0,1
POL102271,Jane Rodriguez,64,Male,TX,Life,872.32,51,119,0,0,0,0
POL102272,Sarah Brown,48,Male,GA,Life,864.24,12,94,0,0,0,1
POL102273,Jessica Jones,55,Male,OH,Home,2663.4,12,21,0,0,0,0
POL102274,Jessica Jones,49,Male,NC,Life,1051.35,37,47,0,0,0,1
POL102275,Nancy Johnson,28,Male,TX,Home,1485.16,72,30,0,1,6462.59,1
POL102276,Jane Williams,62,Male,MI,Auto,1961.64,90,55,0,0,0,0
POL102277,Joseph Lopez,42,Male,GA,Auto,574.29,40,105,1,1,3426.35,0
POL102278,David Wilson,50,Female,PA,Life,1246.46,19,68,0,0,0,1
POL102279,Karen Martinez,55,Female,CA,Auto,1723.67,58,69,0,0,0,0
POL102280,John Brown,58,Male,IL,Home,1338.91,95,41,0,0,0,0
POL102281,Nancy Garcia,25,Female,GA,Auto,909.11,30,45,0,0,0,0
POL102282,Michael Johnson,28,Male,IL,Home,2684.04,62,74,0,0,0,1
POL102283,Karen Brown,39,Female,FL,Home,2939.44,96,91,1,0,0,1
POL102284,Sarah Miller,68,Female,MI,Auto,1272.44,85,80,0,0,0,0
POL102285,Robert Smith,41,Male,GA,Home,2823.26,98,30,1,1,20545.41,1
POL102286,William Jones,58,Female,IL,Auto,1656.66,63,77,1,0,0,0
POL102287,David Williams,34,Male,TX,Life,2020.06,66,100,1,0,0,1
POL102288,John Miller,29,Male,MI,Auto,3068,29,85,0,0,0,1
POL102289,Nancy Davis,74,Male,TX,Life,2749.86,58,45,1,0,0,0
POL102290,Robert Wilson,63,Female,PA,Home,2915.35,16,117,0,1,23070.62,0
POL102291,Robert Brown,49,Female,NY,Home,910.54,38,104,0,1,2711.66,0
POL102292,Jane Davis,32,Male,CA,Life,709.16,57,45,0,1,4470.4,0
POL102293,Jane Williams,33,Male,NY,Auto,3180.21,22,79,0,0,0,1
POL102294,Jane Smith,71,Female,PA,Life,1663.5,12,84,0,0,0,0
POL102295,John Brown,39,Male,NC,Auto,1363.64,11,84,0,0,0,0
POL102296,Michael Brown,45,Male,GA,Life,2674.09,25,45,1,0,0,0
POL102297,Nancy Miller,37,Male,PA,Life,3009.25,15,55,1,1,27846.69,1
POL102298,Sarah Lopez,50,Male,TX,Auto,3087.47,54,59,0,0,0,0
POL102299,William Lopez,27,Female,PA,Home,1447.99,80,5,1,0,0,1
POL102300,Jane Martinez,57,Male,OH,Home,3056.64,14,118,0,0,0,1
POL102301,Lisa Jones,49,Female,NC,Home,622.8,65,118,0,0,0,1
POL102302,Nancy Johnson,67,Male,NY,Life,648.98,80,32,0,0,0,0
POL102303,John Johnson,50,Female,OH,Life,2370.56,41,6,1,0,0,0
POL102304,Emily Lopez,19,Female,PA,Auto,689.32,58,94,0,0,0,1
POL102305,Jessica Williams,50,Female,OH,Auto,1473.83,22,26,0,1,14341.93,1
POL102306,Jane Garcia,50,Male,TX,Home,2518.27,39,37,0,0,0,0
POL102307,Jane Smith,58,Female,PA,Home,1511.8,34,13,1,0,0,0
POL102308,Jessica Smith,30,Male,MI,Home,1038.8,94,93,1,0,0,1
POL102309,Michael Martinez,47,Female,NY,Life,1344.05,69,69,0,1,9512.15,0
POL102310,James Wilson,50,Male,IL,Home,1872.73,68,25,1,0,0,0
POL102311,James Davis,30,Male,PA,Life,1926.16,94,13,1,0,0,0
POL102312,John Miller,69,Female,MI,Auto,2849,37,88,0,0,0,1
POL102313,William Miller,43,Female,MI,Auto,2750.46,67,95,0,0,0,0
POL102314,Michael Garcia,39,Female,NY,Auto,1870.45,29,20,1,0,0,0
POL102315,Emily Williams,56,Female,NC,Auto,3037,43,119,0,1,29948.21,0
POL102316,David Jones,19,Female,NY,Life,842.71,14,72,0,1,5352.26,0
POL102317,Jessica Williams,55,Male,TX,Auto,1266.06,91,60,1,0,0,1
POL102318,John Martinez,56,Male,GA,Home,2983.93,69,73,0,0,0,1
POL102319,Lisa Martinez,43,Female,CA,Home,1633.98,52,21,0,1,8598.24,1
POL102320,Emily Lopez,63,Male,CA,Auto,3443.54,66,115,0,0,0,1
POL102321,David Davis,75,Female,TX,Auto,1898.76,66,61,1,0,0,1
POL102322,James Rodriguez,67,Male,TX,Home,2875.81,84,84,0,1,35593.86,0
POL102323,Jessica Smith,32,Female,CA,Home,1706.92,63,79,0,0,0,1
POL102324,Jane Jones,51,Female,NC,Home,1774.86,90,26,1,0,0,0
POL102325,James Williams,59,Male,TX,Life,1648.65,54,54,1,0,0,1
POL102326,James Brown,72,Female,FL,Life,2657.23,95,42,1,1,6599.38,0
POL102327,William Rodriguez,61,Male,CA,Home,2142.55,46,11,0,0,0,1
POL102328,Emily Lopez,66,Female,PA,Home,3331.33,93,37,1,0,0,0
POL102329,Joseph Rodriguez,57,Female,PA,Auto,1252.67,57,105,0,0,0,1
POL102330,Joseph Smith,28,Female,PA,Home,801.69,63,11,0,0,0,1
POL102331,James Wilson,20,Female,CA,Auto,1679.78,57,27,1,0,0,1
POL102332,Sarah Davis,23,Male,OH,Life,2350.14,15,94,1,0,0,1
POL102333,Robert Davis,26,Male,PA,Auto,3082.4,43,83,0,0,0,0
POL102334,Sarah Martinez,23,Female,CA,Home,1538.59,72,34,1,0,0,1
POL102335,Robert Garcia,26,Male,GA,Home,2461.36,87,38,1,0,0,0
POL102336,James Jones,56,Female,OH,Life,1550.6,57,61,0,0,0,0
POL102337,Michael Smith,48,Female,NC,Home,2351.66,32,87,0,0,0,1
POL102338,Sarah Martinez,49,Male,NY,Home,3154.42,93,53,0,0,0,0
POL102339,Emily Smith,58,Male,NC,Home,1194.07,22,65,1,1,5868.36,0
POL102340,Joseph Jones,67,Female,OH,Auto,1712.72,56,3,1,0,0,1
POL102341,John Davis,29,Female,OH,Auto,3479.8,53,67,1,0,0,1
POL102342,Robert Garcia,25,Male,TX,Auto,3105.67,41,28,0,0,0,1
POL102343,Joseph Martinez,25,Male,NC,Life,2193.92,35,14,1,0,0,0
POL102344,Emily Williams,67,Male,CA,Home,2049.88,62,52,0,0,0,1
POL102345,Jane Brown,45,Female,FL,Home,1353.8,23,30,1,0,0,1
POL102346,William Brown,37,Male,GA,Home,2051.63,61,58,0,0,0,1
POL102347,David Rodriguez,64,Female,TX,Auto,3044.54,45,54,1,0,0,1
POL102348,Nancy Wilson,24,Male,CA,Life,2555.52,17,69,0,1,13790.72,1
POL102349,John Brown,28,Male,IL,Auto,1370.13,49,113,0,0,0,1
POL102350,Lisa Miller,37,Female,FL,Life,1104.39,95,15,1,0,0,1
POL102351,Sarah Williams,33,Male,FL,Auto,1295.63,31,38,0,0,0,0
POL102352,Michael Brown,21,Female,NY,Home,1009.28,25,78,1,1,8794.2,0
POL102353,Lisa Garcia,23,Female,NC,Auto,786.92,69,14,1,0,0,1
POL102354,Joseph Wilson,75,Female,NY,Home,1757.41,69,57,0,0,0,0
POL102355,Karen Garcia,39,Female,NY,Life,839.9,19,59,0,0,0,1
POL102356,Lisa Smith,43,Female,FL,Home,1015.74,34,113,0,0,0,0
POL102357,Karen Wilson,20,Female,GA,Auto,2141.97,40,8,0,1,17025.48,1
POL102358,Sarah Martinez,58,Male,NY,Home,993.8,30,72,1,1,6571.13,0
POL102359,Lisa Williams,59,Female,NY,Life,691.64,90,19,1,1,3079.08,1
POL102360,Lisa Brown,31,Male,FL,Life,1452.17,42,32,0,0,0,0
POL102361,Nancy Davis,28,Female,FL,Home,1160.96,40,95,0,1,3587.13,1
POL102362,Robert Jones,35,Female,TX,Life,2045.92,99,29,0,0,0,0
POL102363,Michael Davis,71,Male,TX,Home,807.1,30,41,1,0,0,0
POL102364,John Johnson,29,Male,NC,Auto,2755.31,45,75,1,1,12277.67,0
POL102365,John Brown,40,Female,PA,Life,3218.7,74,45,0,0,0,1
POL102366,Lisa Brown,29,Female,PA,Life,2730.31,13,13,1,1,19872.11,1
POL102367,John Rodriguez,30,Male,OH,Auto,2098.48,77,27,1,1,7839.55,1
POL102368,Jessica Smith,42,Female,OH,Home,3082,99,19,1,1,15806.15,1
POL102369,Sarah Martinez,62,Male,NY,Life,2584.76,13,26,0,0,0,1
POL102370,Emily Williams,68,Male,NC,Auto,531.65,18,53,1,1,2545.3,0
POL102371,Sarah Wilson,75,Male,IL,Home,1682.27,39,51,1,0,0,0
POL102372,Michael Garcia,36,Female,GA,Home,3052.86,54,37,1,0,0,1
POL102373,John Smith,72,Male,NY,Life,1537.58,13,112,1,1,12312.2,0
POL102374,Michael Martinez,63,Male,OH,Auto,605.65,78,9,1,0,0,1
POL102375,Karen Williams,53,Female,NC,Home,2738.54,32,92,0,0,0,0
POL102376,Joseph Johnson,62,Female,CA,Life,2906.11,25,96,0,1,26190.42,0
POL102377,Nancy Rodriguez,25,Female,NY,Auto,981.78,31,52,0,0,0,0
POL102378,Nancy Garcia,46,Male,FL,Home,2112.02,81,54,0,0,0,0
POL102379,Jane Garcia,72,Male,MI,Life,1075.87,57,3,1,1,8009.48,0
POL102380,Karen Lopez,70,Male,NY,Life,2657.7,71,115,0,0,0,0
POL102381,James Martinez,72,Female,FL,Life,1314.65,69,96,0,0,0,1
POL102382,Jane Garcia,49,Female,FL,Life,1448.65,89,69,1,0,0,0
POL102383,David Garcia,68,Male,MI,Life,3034.91,14,8,1,0,0,1
POL102384,Michael Williams,61,Female,GA,Home,1928.97,89,14,1,0,0,0
POL102385,Karen Miller,35,Female,NY,Auto,2509.26,16,3,1,1,11049.83,1
POL102386,Joseph Lopez,23,Female,PA,Home,1707.12,60,24,1,0,0,1
POL102387,Jessica Lopez,35,Male,CA,Life,1394.02,74,13,0,0,0,0
POL102388,Sarah Williams,36,Female,MI,Home,2376.43,18,43,0,1,12314.67,0
POL102389,Karen Rodriguez,39,Female,PA,Auto,964.57,91,29,1,0,0,0
POL102390,Karen Martinez,54,Female,NC,Life,1619,54,72,1,0,0,1
POL102391,Joseph Garcia,49,Male,TX,Auto,1127.11,56,51,1,0,0,0
POL102392,Emily Lopez,73,Male,OH,Life,2587.38,76,42,0,1,7033.73,0
POL102393,Lisa Williams,58,Male,FL,Home,3332.63,33,31,1,1,9760.7,0
POL102394,James Jones,20,Male,TX,Life,3486.53,19,63,0,0,0,1
POL102395,Karen Wilson,45,Male,NC,Life,1850.83,82,26,1,0,0,1
POL102396,David Williams,27,Male,NY,Life,1257.59,86,18,0,0,0,1
POL102397,Michael Wilson,68,Female,MI,Life,1828.49,57,82,0,0,0,1
POL102398,John Wilson,52,Male,IL,Life,3041.81,44,57,0,0,0,1
POL102399,Lisa Miller,46,Male,IL,Auto,1118.02,63,7,1,0,0,0
POL102400,Nancy Martinez,71,Male,NC,Home,3356.29,96,112,1,0,0,0
POL102401,John Williams,32,Female,PA,Life,1525.6,90,102,1,0,0,1
POL102402,Lisa Garcia,50,Female,NC,Life,3457.41,80,48,1,1,10014.34,0
POL102403,Joseph Martinez,24,Male,OH,Life,3015.83,25,80,0,1,7871.27,1
POL102404,Emily Lopez,29,Female,TX,Life,2925.71,62,119,0,0,0,1
POL102405,Lisa Johnson,66,Female,FL,Home,1453.71,49,60,0,1,4399.57,0
POL102406,Jessica Williams,47,Female,MI,Life,526.33,29,33,0,0,0,1
POL102407,Sarah Wilson,38,Female,IL,Auto,1646.4,97,115,1,0,0,1
POL102408,Jane Brown,48,Female,PA,Home,1405.43,78,3,0,0,0,0
POL102409,Sarah Garcia,75,Male,FL,Auto,612.19,54,102,0,0,0,1
POL102410,Michael Lopez,41,Female,PA,Home,2016.1,15,4,0,0,0,1
POL102411,Jane Wilson,37,Male,IL,Life,1709.09,78,100,1,0,0,1
POL102412,William Lopez,54,Male,OH,Home,2403.67,58,4,1,0,0,1
POL102413,Karen Garcia,21,Male,CA,Auto,2363.56,48,42,0,1,7617.4,1
POL102414,Jessica Smith,45,Male,IL,Home,862.24,11,9,1,0,0,1
POL102415,David Brown,61,Female,GA,Home,3430.9,48,104,1,0,0,0
POL102416,Emily Wilson,37,Male,NY,Auto,1060.79,30,51,1,0,0,1
POL102417,Jane Garcia,41,Female,GA,Life,1835.82,49,17,1,0,0,1
POL102418,David Johnson,67,Male,MI,Home,1964.35,91,17,1,0,0,1
POL102419,Karen Smith,66,Female,NC,Home,2939.19,63,97,1,1,7203.05,0
POL102420,John Miller,68,Male,OH,Auto,797.69,21,20,0,1,5537.74,0
POL102421,Jessica Wilson,49,Female,FL,Life,1785.93,90,14,1,1,17713.59,1
POL102422,James Williams,58,Male,TX,Life,2385.51,46,22,0,1,21405.39,0
POL102423,James Davis,53,Male,CA,Auto,1145.47,47,52,0,0,0,0
POL102424,James Garcia,75,Male,NY,Auto,2382.4,24,27,1,1,4497.07,0
POL102425,Robert Miller,70,Male,OH,Auto,3270.99,16,43,1,0,0,0
POL102426,Jane Davis,51,Male,CA,Auto,3492.55,87,3,1,1,35596.07,1
POL102427,Joseph Martinez,53,Male,FL,Auto,597.35,59,88,1,0,0,1
POL102428,William Lopez,19,Male,FL,Home,1206.76,74,94,0,0,0,0
POL102429,Emily Williams,32,Female,MI,Life,1430.92,76,8,0,1,12598.02,1
POL102430,Jessica Johnson,51,Male,IL,Home,1697.38,53,86,0,1,4489.12,1
POL102431,Joseph Smith,53,Female,FL,Home,1226.77,40,89,0,0,0,0
POL102432,David Smith,23,Male,MI,Life,1110.46,52,10,1,0,0,1
POL102433,Sarah Jones,56,Male,IL,Life,3363.66,86,113,0,0,0,1
POL102434,Jane Johnson,59,Female,PA,Life,3255.56,57,29,0,0,0,1
POL102435,Sarah Williams,68,Male,GA,Life,640.98,91,40,1,0,0,1
POL102436,James Williams,68,Male,NY,Auto,1516.44,90,118,0,0,0,1
POL102437,Karen Johnson,75,Male,FL,Home,1715.45,90,65,1,0,0,0
POL102438,Robert Johnson,71,Male,MI,Auto,1217.04,70,116,0,0,0,0
POL102439,Sarah Martinez,29,Female,IL,Home,2386.62,84,21,1,0,0,1
POL102440,Lisa Davis,20,Female,FL,Auto,2421.14,93,103,1,0,0,1
POL102441,Karen Smith,62,Female,NC,Life,3051.51,19,24,1,0,0,0
POL102442,James Lopez,35,Male,NY,Auto,2722.61,38,73,0,0,0,1
POL102443,Michael Martinez,57,Male,IL,Life,2127.72,57,60,0,0,0,1
POL102444,James Williams,38,Female,NY,Home,2460.76,90,108,0,0,0,1
POL102445,John Johnson,32,Female,FL,Auto,1321.97,71,118,0,0,0,1
POL102446,Sarah Brown,50,Female,TX,Auto,2279.17,22,26,1,1,19840.14,0
POL102447,Emily Miller,52,Male,PA,Home,1967.68,53,9,1,0,0,0
POL102448,Karen Rodriguez,43,Female,FL,Home,900.03,56,20,1,0,0,1
POL102449,Karen Wilson,25,Male,GA,Home,1227.63,73,56,0,0,0,1
POL102450,Robert Jones,53,Female,OH,Life,1375.08,62,99,0,1,8990.21,1
POL102451,William Jones,65,Male,PA,Home,3272.93,99,36,0,0,0,1
POL102452,David Brown,47,Female,GA,Auto,1191.16,86,106,0,0,0,0
POL102453,Jane Smith,40,Female,OH,Home,1367.73,85,36,0,0,0,0
POL102454,James Martinez,59,Female,MI,Home,1608.06,53,118,0,0,0,1
POL102455,Robert Davis,61,Female,TX,Home,2491.23,37,73,0,0,0,0
POL102456,Michael Smith,31,Female,GA,Home,854.72,11,22,0,0,0,1
POL102457,Sarah Smith,31,Male,GA,Life,3361.84,66,1,0,1,31655.21,0
POL102458,James Johnson,19,Female,NC,Auto,3096.71,66,69,1,0,0,1
POL102459,David Lopez,72,Male,MI,Life,2231.65,43,73,1,0,0,1
POL102460,William Martinez,54,Male,IL,Life,2522.11,96,37,1,0,0,1
POL102461,Jessica Brown,22,Male,FL,Auto,549.98,67,102,0,1,4920.3,1
POL102462,Jane Smith,55,Male,CA,Home,1516.83,61,83,0,0,0,0
POL102463,Emily Williams,62,Male,MI,Home,2886.98,38,72,0,1,20944.44,1
POL102464,William Jones,58,Female,CA,Home,732.45,44,106,0,0,0,1
POL102465,Jane Davis,71,Male,NY,Life,1346.94,84,107,0,0,0,0
POL102466,Nancy Johnson,64,Female,NY,Auto,2255.89,57,96,0,0,0,1
POL102467,David Miller,31,Female,MI,Auto,1269.24,42,13,1,0,0,1
POL102468,Jessica Davis,73,Female,NY,Auto,3301.93,84,84,0,1,46831.22,0
POL102469,William Jones,56,Male,NY,Life,893.18,82,100,1,0,0,0
POL102470,Jane Lopez,42,Female,IL,Life,2892.18,87,43,1,0,0,0
POL102471,Robert Miller,37,Male,NY,Life,2023.85,18,108,0,0,0,0
POL102472,Michael Garcia,19,Female,IL,Life,2750.99,57,37,1,0,0,1
POL102473,James Garcia,56,Female,GA,Auto,1432.15,76,94,0,0,0,0
POL102474,Michael Davis,23,Female,OH,Home,2043.47,92,74,0,0,0,1
POL102475,John Jones,34,Female,MI,Auto,3070.51,45,95,1,0,0,0
POL102476,Jessica Davis,42,Female,TX,Life,1900.63,80,25,1,0,0,0
POL102477,David Brown,74,Male,CA,Life,1579.16,53,93,1,0,0,0
POL102478,Nancy Jones,45,Male,NY,Life,2108.47,91,88,1,0,0,0
POL102479,Lisa Smith,19,Male,PA,Home,2652.09,69,103,0,1,8783.45,1
POL102480,Michael Wilson,52,Male,FL,Auto,1830.69,72,21,0,0,0,0
POL102481,William Johnson,54,Female,FL,Home,3316.63,14,41,0,0,0,0
POL102482,Jane Lopez,22,Female,OH,Home,1384.84,96,73,1,0,0,1
POL102483,Sarah Rodriguez,18,Female,PA,Auto,1926.39,95,42,1,1,9602.67,1
POL102484,James Martinez,57,Female,CA,Auto,2770.78,99,42,1,0,0,0
POL102485,Emily Rodriguez,29,Male,IL,Auto,2567.36,85,2,1,0,0,0
POL102486,John Miller,73,Female,OH,Life,3090.92,49,68,1,0,0,0
POL102487,Nancy Rodriguez,53,Male,NY,Home,3490.43,28,8,1,1,17559.81,1
POL102488,James Rodriguez,62,Female,IL,Home,1780.57,56,96,1,0,0,0
POL102489,William Davis,40,Male,NY,Life,833.45,74,61,0,0,0,1
POL102490,Lisa Brown,64,Male,CA,Life,591.25,76,14,1,0,0,1
POL102491,Jessica Jones,48,Male,IL,Auto,2680.63,27,113,0,1,8272.24,1
POL102492,Jane Miller,28,Male,TX,Home,3122.04,59,77,1,1,7400.93,1
POL102493,Nancy Wilson,27,Male,IL,Auto,1162.14,39,21,0,0,0,1
POL102494,John Rodriguez,20,Male,GA,Life,975.34,75,24,0,0,0,1
POL102495,Lisa Rodriguez,71,Male,FL,Home,686.62,14,50,0,0,0,0
POL102496,Joseph Martinez,31,Female,CA,Life,2968.11,51,82,0,0,0,1
POL102497,William Martinez,33,Male,NY,Life,1434.15,93,45,1,0,0,1
POL102498,Michael Johnson,27,Male,GA,Home,1705.09,14,64,0,0,0,1
POL102499,Joseph Davis,46,Female,TX,Home,2008.25,59,64,1,1,8173.13,1
POL102500,Michael Williams,27,Female,NY,Auto,3018.36,94,104,1,0,0,1
POL102501,Emily Brown,29,Female,CA,Auto,2452.5,67,26,1,0,0,1
POL102502,Michael Smith,47,Male,CA,Life,2345.19,88,32,0,0,0,1
POL102503,James Johnson,58,Male,FL,Home,1027.02,93,108,1,0,0,1
POL102504,William Miller,18,Male,GA,Life,2039.57,17,57,0,1,17977.11,1
POL102505,Emily Lopez,22,Male,MI,Home,2646.14,40,119,1,0,0,1
POL102506,Michael Martinez,37,Male,NC,Home,3419.78,21,53,0,1,5628.13,1
POL102507,David Garcia,25,Female,IL,Home,1104.22,30,33,0,0,0,1
POL102508,Karen Johnson,60,Female,IL,Auto,528.63,71,52,1,1,2107.87,0
POL102509,Jane Miller,29,Female,NY,Home,725.9,99,95,0,0,0,1
POL102510,Robert Miller,18,Female,MI,Home,1627.56,42,18,0,0,0,1
POL102511,Robert Garcia,74,Female,GA,Life,2961.63,35,35,0,0,0,0
POL102512,Nancy Jones,71,Male,CA,Auto,521.43,99,12,1,0,0,0
POL102513,Robert Davis,37,Female,TX,Auto,1870.19,49,51,0,1,9546.28,1
POL102514,Nancy Smith,45,Male,FL,Life,1487.69,74,89,1,1,8687.88,1
POL102515,Joseph Wilson,74,Female,CA,Auto,657.45,68,109,1,1,2000.89,0
POL102516,Lisa Martinez,60,Female,OH,Auto,1850.71,24,95,0,0,0,0
POL102517,Robert Miller,54,Male,OH,Home,1264.25,10,10,1,0,0,0
POL102518,Jane Miller,64,Male,NY,Home,1555.65,20,111,0,0,0,0
POL102519,Michael Williams,54,Female,NY,Auto,2616.85,64,52,0,0,0,1
POL102520,Lisa Martinez,29,Male,GA,Life,2064.65,11,34,0,0,0,1
POL102521,Lisa Johnson,54,Female,OH,Life,873.94,74,115,1,1,8473.61,0
POL102522,Jane Martinez,66,Male,GA,Auto,3384.24,53,67,1,0,0,1
POL102523,Joseph Johnson,66,Male,OH,Life,2407.73,25,110,0,0,0,1
POL102524,Joseph Jones,73,Male,TX,Auto,2797.61,31,39,0,1,17961.83,0
POL102525,Nancy Rodriguez,61,Female,NY,Auto,737.64,27,8,1,0,0,0
POL102526,Sarah Miller,73,Female,MI,Life,641.18,56,96,0,0,0,0
POL102527,David Miller,45,Male,NY,Home,558.34,90,107,1,0,0,1
POL102528,William Davis,64,Male,CA,Auto,1066.38,39,29,0,0,0,0
POL102529,Lisa Martinez,32,Female,IL,Life,1743.23,19,22,1,0,0,1
POL102530,Jessica Smith,23,Female,IL,Home,3307.48,67,84,0,0,0,1
POL102531,Michael Jones,61,Female,GA,Home,1871.18,71,70,0,0,0,1
POL102532,James Williams,37,Female,FL,Home,1370.77,94,61,1,0,0,1
POL102533,Lisa Martinez,67,Female,IL,Auto,2185.81,89,43,0,1,12979.21,0
POL102534,William Wilson,31,Male,NY,Home,835.8,15,49,1,0,0,1
POL102535,James Smith,19,Male,IL,Auto,2328.52,76,29,0,0,0,1
POL102536,James Garcia,26,Male,FL,Auto,2205.3,50,106,0,0,0,1
POL102537,Karen Brown,54,Male,FL,Auto,2875.98,52,81,0,0,0,0
POL102538,John Wilson,37,Male,GA,Home,3460.06,94,31,1,0,0,1
POL102539,Jessica Jones,43,Male,NY,Home,1252.62,86,53,0,0,0,1
POL102540,Sarah Smith,46,Female,NY,Auto,2028.97,27,34,0,1,3195.61,1
POL102541,Sarah Jones,18,Female,MI,Life,3226.6,67,38,0,0,0,1
POL102542,David Jones,72,Female,OH,Auto,2855.57,69,57,1,0,0,0
POL102543,Nancy Davis,52,Male,NC,Life,1962.22,97,101,0,0,0,0
POL102544,Nancy Wilson,23,Female,GA,Life,3336.11,36,4,0,1,18777.56,0
POL102545,William Johnson,54,Female,FL,Home,671.71,77,2,1,0,0,0
POL102546,Nancy Brown,70,Male,NY,Life,3293,31,12,0,0,0,0
POL102547,Michael Jones,22,Male,IL,Home,651.52,33,35,1,0,0,1
POL102548,Karen Davis,50,Male,PA,Auto,2141.91,49,70,1,1,18463.69,1
POL102549,Joseph Garcia,66,Male,CA,Auto,3171.32,83,110,1,0,0,0
POL102550,David Wilson,68,Male,MI,Auto,1288.16,75,72,1,0,0,1
POL102551,James Martinez,31,Female,PA,Home,1916.75,49,21,1,0,0,0
POL102552,William Johnson,29,Male,GA,Life,1472.99,15,117,0,1,4959.53,1
POL102553,Emily Davis,59,Male,GA,Life,3356.43,27,110,1,0,0,1
POL102554,Emily Miller,37,Female,NC,Life,2970.94,90,61,1,0,0,1
POL102555,Karen Davis,70,Male,TX,Auto,2627,96,35,1,1,11782.79,0
POL102556,Joseph Rodriguez,67,Female,PA,Auto,2262.88,39,48,0,0,0,0
POL102557,Nancy Garcia,41,Male,PA,Life,2961.78,30,15,1,0,0,1
POL102558,Nancy Smith,60,Male,NC,Home,1676.8,71,71,1,0,0,0
POL102559,Robert Williams,51,Male,NC,Life,1842.66,19,15,0,0,0,1
POL102560,Jane Jones,42,Male,TX,Home,2690.01,22,109,0,1,4505.38,1
POL102561,Karen Rodriguez,67,Male,PA,Auto,1573.26,85,6,1,0,0,1
POL102562,James Williams,46,Female,PA,Auto,691.7,18,111,0,1,6781.35,0
POL102563,Joseph Rodriguez,74,Female,OH,Auto,723,77,81,0,0,0,0
POL102564,Lisa Smith,56,Female,TX,Home,846.09,48,68,1,0,0,0
POL102565,Michael Brown,48,Male,MI,Auto,3109.04,33,22,0,0,0,0
POL102566,Nancy Brown,73,Female,OH,Home,1916.68,43,32,1,1,3960.9,1
POL102567,Nancy Smith,64,Male,PA,Life,2638.65,70,22,0,0,0,1
POL102568,Emily Smith,60,Female,GA,Home,1678.73,50,27,1,0,0,0
POL102569,Jessica Smith,67,Female,PA,Auto,1276.13,14,110,0,1,11657.29,1
POL102570,Sarah Wilson,40,Female,IL,Home,1541.58,88,15,1,1,6413.58,0
POL102571,Emily Jones,61,Male,TX,Auto,2882.55,59,44,1,0,0,1
POL102572,Sarah Davis,55,Male,GA,Auto,2375.65,13,115,0,0,0,0
POL102573,Robert Miller,37,Female,NC,Home,3312.92,60,86,0,0,0,0
POL102574,William Johnson,40,Male,OH,Life,2539.11,61,92,0,0,0,1
POL102575,William Smith,62,Female,PA,Life,2210.54,48,106,0,1,14355.75,0
POL102576,Emily Garcia,69,Male,OH,Life,2330.59,17,102,0,0,0,0
POL102577,Jessica Martinez,33,Female,CA,Auto,3327.11,54,9,1,1,24202,0
POL102578,Jessica Williams,67,Male,MI,Auto,2864.6,97,34,1,1,15451.93,0
POL102579,Nancy Davis,59,Male,IL,Auto,572.12,37,100,0,0,0,0
POL102580,Lisa Rodriguez,72,Female,TX,Life,2102.42,36,73,1,0,0,0
POL102581,Sarah Garcia,25,Female,PA,Home,2565.02,74,15,1,1,13522.67,0
POL102582,Michael Jones,67,Male,PA,Auto,2746.1,43,62,0,0,0,0
POL102583,Karen Wilson,38,Female,GA,Life,1139.43,90,45,0,0,0,1
POL102584,Jane Jones,18,Male,GA,Auto,3101.53,71,84,1,0,0,1
POL102585,John Miller,72,Female,NC,Home,3367.53,71,72,1,0,0,1
POL102586,John Williams,25,Female,TX,Auto,1210.15,47,58,0,1,5163.06,1
POL102587,Nancy Martinez,46,Male,NY,Life,3147.85,35,92,0,0,0,0
POL102588,Joseph Brown,49,Female,PA,Auto,790.94,33,115,1,0,0,1
POL102589,Nancy Brown,55,Male,NC,Home,667.12,48,19,1,1,1321.65,0
POL102590,William Brown,22,Female,TX,Auto,887.67,30,16,0,0,0,1
POL102591,William Brown,64,Male,MI,Home,673.22,56,75,0,0,0,0
POL102592,David Lopez,39,Female,PA,Auto,3035.04,57,106,0,0,0,1
POL102593,James Rodriguez,64,Female,NC,Life,677.15,22,8,0,0,0,1
POL102594,John Lopez,51,Male,TX,Auto,1314.99,12,33,0,1,11285.44,1
POL102595,John Davis,18,Female,MI,Life,811.27,41,74,0,0,0,1
POL102596,Michael Lopez,72,Male,TX,Home,1386.27,44,18,1,0,0,0
POL102597,Michael Martinez,72,Female,FL,Auto,771.68,28,35,1,1,1453.79,1
POL102598,Joseph Smith,43,Male,OH,Home,2504.01,23,43,0,0,0,1
POL102599,Emily Jones,60,Female,CA,Auto,899.98,57,50,1,1,6347.28,0
POL102600,Lisa Jones,27,Male,OH,Life,3055.54,95,3,1,0,0,1
POL102601,Karen Wilson,47,Male,CA,Auto,2951.57,90,104,0,0,0,0
POL102602,William Jones,67,Male,NC,Auto,540.99,77,91,0,0,0,0
POL102603,James Miller,35,Female,NC,Auto,3187.18,54,59,1,0,0,1
POL102604,Nancy Garcia,34,Male,NY,Auto,586.83,28,28,0,0,0,1
POL102605,Jessica Jones,43,Female,NC,Home,1218.94,73,46,1,0,0,1
POL102606,Emily Davis,25,Male,CA,Auto,597.17,75,64,0,0,0,1
POL102607,David Lopez,64,Female,MI,Home,1507.53,88,70,0,0,0,1
POL102608,Robert Martinez,57,Male,NY,Life,2041.6,75,47,1,1,8512.77,0
POL102609,James Martinez,66,Male,IL,Home,2889.93,84,14,1,0,0,0
POL102610,Jane Smith,29,Female,NC,Life,1513.94,54,7,0,0,0,1
POL102611,Robert Lopez,44,Male,TX,Auto,2616.47,96,74,1,0,0,0
POL102612,Nancy Garcia,25,Male,FL,Auto,1062.51,83,79,0,0,0,1
POL102613,Robert Lopez,42,Male,PA,Home,2751.8,76,31,0,0,0,1
POL102614,Lisa Martinez,63,Male,GA,Home,1207.99,78,93,1,1,3784.75,1
POL102615,David Jones,21,Female,CA,Life,930.63,12,106,1,0,0,0
POL102616,William Johnson,50,Male,PA,Life,1056.23,47,118,0,1,7573.41,1
POL102617,Jessica Johnson,18,Female,PA,Auto,1046.19,86,81,1,0,0,1
POL102618,Sarah Jones,36,Female,NC,Life,2038.59,51,51,0,0,0,1
POL102619,William Garcia,48,Male,OH,Life,3034.39,92,29,1,0,0,1
POL102620,Nancy Jones,33,Male,NC,Home,738.82,49,113,1,0,0,0
POL102621,David Lopez,31,Male,OH,Life,2620.87,59,108,0,0,0,0
POL102622,Karen Lopez,70,Male,FL,Life,2463.04,44,15,1,0,0,0
POL102623,David Brown,65,Female,MI,Home,3117.56,33,90,0,0,0,1
POL102624,Michael Rodriguez,22,Female,PA,Life,1232.44,97,76,1,0,0,0
POL102625,Joseph Brown,58,Male,OH,Home,1850.33,26,25,0,0,0,1
POL102626,John Martinez,43,Male,CA,Auto,3277.48,49,61,0,0,0,1
POL102627,James Lopez,45,Male,FL,Life,2479.98,83,41,0,1,31662.25,1
POL102628,Sarah Lopez,19,Male,GA,Auto,1666.31,75,69,1,0,0,0
POL102629,Michael Wilson,67,Male,TX,Life,894.24,53,4,1,1,3737.64,1
POL102630,John Lopez,23,Male,FL,Life,1287.46,32,108,0,0,0,1
POL102631,Jessica Jones,26,Male,NY,Home,2243.65,15,112,0,1,13148.16,1
POL102632,David Miller,50,Female,NC,Home,2654.5,75,105,0,1,9537.66,1
POL102633,James Miller,58,Male,CA,Life,873.27,30,57,0,0,0,0
POL102634,Karen Smith,42,Male,GA,Life,2298.79,44,31,1,0,0,0
POL102635,Lisa Wilson,65,Male,TX,Life,2151.05,38,3,1,1,19018.34,1
POL102636,Lisa Brown,30,Male,CA,Auto,2041.87,16,117,0,0,0,1
POL102637,Sarah Wilson,26,Female,IL,Home,2570.37,62,67,1,1,10711.91,1
POL102638,Karen Brown,70,Male,FL,Home,3012.35,46,90,0,0,0,1
POL102639,William Rodriguez,30,Male,OH,Auto,1468.97,32,50,1,0,0,1
POL102640,William Davis,48,Male,IL,Life,3167.04,17,17,0,0,0,0
POL102641,William Garcia,58,Female,FL,Home,981.9,85,60,1,0,0,1
POL102642,Robert Jones,28,Female,NC,Home,1019.07,57,74,1,0,0,1
POL102643,Nancy Williams,21,Male,CA,Home,1300.32,19,66,0,0,0,1
POL102644,Nancy Lopez,51,Female,FL,Auto,858.59,88,88,1,0,0,0
POL102645,Robert Williams,55,Female,NY,Home,1190.96,33,75,0,0,0,0
POL102646,David Johnson,63,Female,NY,Life,819.24,99,24,1,0,0,1
POL102647,Jessica Williams,21,Male,NY,Auto,2965.26,56,99,0,0,0,1
POL102648,Karen Jones,55,Male,IL,Life,916.91,62,87,0,1,3286.02,0
POL102649,Karen Rodriguez,36,Male,CA,Life,2741.89,48,32,1,0,0,0
POL102650,Joseph Williams,23,Female,FL,Life,643.74,76,87,0,0,0,1
POL102651,William Garcia,51,Male,TX,Auto,3345.56,75,98,1,1,26398.43,0
POL102652,William Johnson,35,Male,CA,Home,2633.48,15,105,0,0,0,0
POL102653,Emily Garcia,30,Male,CA,Auto,520.39,30,19,0,0,0,0
POL102654,Emily Wilson,58,Male,IL,Home,2791.57,82,66,1,0,0,1
POL102655,Nancy Jones,40,Female,GA,Life,2042.25,83,60,1,0,0,0
POL102656,James Garcia,36,Male,CA,Auto,2838.1,45,115,0,0,0,1
POL102657,Sarah Jones,62,Female,OH,Auto,2067.49,12,66,0,0,0,1
POL102658,Lisa Jones,28,Male,PA,Life,2423.07,97,15,1,1,3996.94,0
POL102659,Jessica Johnson,18,Male,OH,Auto,2858.99,95,85,1,0,0,1
POL102660,Jessica Smith,41,Male,NY,Auto,1715.32,87,35,1,0,0,1
POL102661,Nancy Lopez,71,Male,MI,Home,508.12,51,69,0,0,0,0
POL102662,Lisa Martinez,24,Male,IL,Home,3049.84,54,107,0,0,0,1
POL102663,Lisa Johnson,42,Female,PA,Auto,1642.67,53,27,0,0,0,0
POL102664,Jessica Brown,38,Female,OH,Auto,1988.13,42,88,0,0,0,0
POL102665,Robert Johnson,32,Male,PA,Home,523.3,69,7,1,0,0,0
POL102666,Nancy Lopez,18,Female,FL,Life,1976.28,95,6,1,0,0,1
POL102667,James Rodriguez,29,Female,IL,Life,3459.46,92,110,0,0,0,1
POL102668,David Miller,75,Male,OH,Life,1334.8,92,33,0,1,5043.01,0
POL102669,John Williams,24,Female,MI,Home,1686.25,79,58,1,1,7909.96,1
POL102670,Michael Brown,32,Male,MI,Auto,2561.57,92,49,0,0,0,1
POL102671,Sarah Miller,38,Female,GA,Life,2944.38,86,17,1,0,0,0
POL102672,Lisa Davis,36,Male,MI,Auto,1752.17,35,110,1,1,15767.82,1
POL102673,Michael Garcia,46,Male,MI,Auto,1429.01,95,42,1,1,13688.14,1
POL102674,Nancy Wilson,42,Male,NY,Home,3313.48,30,94,0,0,0,1
POL102675,Michael Johnson,50,Male,GA,Home,2531.43,11,72,0,0,0,0
POL102676,Jessica Garcia,66,Female,NY,Auto,857.06,56,40,0,0,0,1
POL102677,William Williams,49,Female,GA,Life,706.78,39,46,1,0,0,0
POL102678,Sarah Lopez,66,Male,PA,Home,1950.65,36,71,1,0,0,0
POL102679,John Smith,52,Female,PA,Home,1160.27,80,70,0,0,0,1
POL102680,Jessica Jones,61,Male,NY,Home,1261.95,29,68,0,0,0,0
POL102681,Emily Williams,55,Female,IL,Life,3133.08,59,1,1,0,0,0
POL102682,Lisa Williams,43,Male,GA,Auto,768.7,32,79,0,0,0,1
POL102683,Jessica Johnson,28,Male,OH,Home,2646.09,22,95,0,0,0,0
POL102684,Michael Martinez,52,Male,NC,Auto,1313.43,90,89,0,1,19938.03,1
POL102685,James Lopez,25,Male,CA,Home,2780.98,13,111,0,1,15814.1,0
POL102686,James Miller,63,Female,OH,Life,2667.23,23,97,0,0,0,1
POL102687,James Davis,31,Female,MI,Auto,522.18,29,52,0,0,0,0
POL102688,James Smith,27,Male,MI,Home,2027.41,22,35,0,0,0,1
POL102689,John Rodriguez,19,Female,PA,Home,917.96,12,119,0,0,0,1
POL102690,Emily Wilson,63,Male,GA,Life,3098.68,99,69,1,0,0,1
POL102691,Sarah Smith,26,Female,NY,Home,3114.76,99,5,1,0,0,1
POL102692,Sarah Rodriguez,20,Female,OH,Auto,1755.04,91,100,1,0,0,0
POL102693,Emily Smith,38,Female,NY,Life,1833.19,87,17,1,1,12732.02,0
POL102694,William Smith,43,Male,GA,Home,1409.85,56,53,0,1,7076.05,1
POL102695,William Wilson,25,Female,CA,Home,2649.82,12,52,1,1,10705.32,1
POL102696,Emily Brown,65,Female,GA,Auto,1575.98,10,14,0,0,0,0
POL102697,Karen Garcia,19,Female,IL,Life,1303.38,99,29,1,1,12487.49,1
POL102698,David Williams,23,Female,NC,Life,1796.69,33,8,1,0,0,1
POL102699,Jane Miller,45,Male,CA,Auto,774.46,44,98,0,0,0,0
POL102700,Robert Martinez,70,Male,CA,Life,2739.81,23,104,0,0,0,0
POL102701,David Williams,46,Male,FL,Home,537.79,76,1,1,0,0,1
POL102702,Jane Smith,43,Male,CA,Home,2433.46,22,29,1,0,0,1
POL102703,David Jones,42,Female,GA,Life,1048.59,56,36,1,0,0,1
POL102704,Jessica Wilson,29,Male,OH,Life,1197.21,59,51,1,0,0,0
POL102705,Robert Martinez,22,Female,PA,Auto,2406.9,87,37,0,0,0,1
POL102706,Robert Garcia,51,Female,FL,Life,3478.83,94,93,0,0,0,1
POL102707,James Lopez,65,Female,MI,Home,2833.15,35,69,0,0,0,0
POL102708,Michael Garcia,54,Male,GA,Auto,1177.52,12,53,1,0,0,0
POL102709,Jessica Garcia,32,Male,NY,Home,1028.07,60,96,1,0,0,1
POL102710,Joseph Brown,61,Female,PA,Auto,3098.7,49,52,0,1,7687.31,0
POL102711,Michael Miller,53,Female,IL,Home,1832.55,77,88,0,1,8144.49,0
POL102712,John Brown,32,Male,NC,Life,911.16,45,83,0,0,0,1
POL102713,Emily Wilson,60,Male,GA,Home,3086.63,60,12,0,0,0,0
POL102714,Michael Brown,65,Female,FL,Home,2948.28,10,52,0,0,0,1
POL102715,Karen Smith,40,Male,MI,Auto,3451.72,42,1,1,0,0,0
POL102716,Lisa Rodriguez,23,Male,OH,Life,3229.23,16,7,0,0,0,1
POL102717,Michael Johnson,63,Female,CA,Auto,3055.37,61,17,1,0,0,0
POL102718,Sarah Wilson,67,Female,NY,Home,657.72,20,98,0,0,0,0
POL102719,William Smith,61,Female,TX,Home,813.25,36,43,1,0,0,1
POL102720,James Lopez,60,Female,MI,Auto,2206.95,23,71,1,1,20176.5,1
POL102721,David Rodriguez,62,Female,NY,Home,2094.44,95,17,0,0,0,1
POL102722,Lisa Smith,38,Female,NC,Home,1873.89,89,59,0,0,0,1
POL102723,Lisa Smith,40,Female,GA,Home,1690.37,55,3,1,1,12925.76,1
POL102724,William Johnson,60,Female,CA,Life,1793.63,85,29,1,0,0,0
POL102725,William Smith,72,Male,NC,Auto,2207.89,19,22,0,1,3857.98,1
POL102726,John Wilson,33,Male,TX,Home,506.23,33,38,0,0,0,1
POL102727,Jane Miller,64,Female,GA,Home,1282.13,70,54,0,0,0,0
POL102728,Jessica Miller,70,Female,IL,Home,2054.84,27,107,0,0,0,0
POL102729,Jane Rodriguez,32,Female,MI,Life,2666.65,95,93,1,1,4523.56,1
POL102730,David Davis,42,Female,OH,Home,1022.47,18,114,0,1,6022.71,1
POL102731,Karen Williams,53,Male,NC,Home,2140.64,26,50,1,1,12022.16,0
POL102732,Emily Wilson,28,Female,NY,Auto,2643.38,67,118,0,0,0,1
POL102733,William Lopez,68,Male,IL,Home,1833.88,22,106,0,0,0,0
POL102734,John Jones,32,Female,MI,Home,581.24,59,69,0,0,0,1
POL102735,James Lopez,21,Male,CA,Auto,1847.8,15,30,0,0,0,1
POL102736,Jane Lopez,38,Male,NC,Auto,1389.33,94,23,1,0,0,1
POL102737,Robert Jones,30,Male,GA,Life,3288.95,60,119,0,1,17317.73,0
POL102738,Lisa Martinez,39,Female,TX,Auto,873.84,45,85,0,0,0,0
POL102739,Karen Williams,36,Male,GA,Life,2457.43,80,90,0,0,0,1
POL102740,James Johnson,51,Male,IL,Auto,658.16,34,118,0,0,0,1
POL102741,Robert Wilson,31,Male,TX,Life,1838.51,20,47,0,1,7482.59,1
POL102742,Lisa Johnson,21,Female,NY,Auto,2161.94,53,21,1,0,0,1
POL102743,David Johnson,65,Female,IL,Life,1393.86,23,20,0,0,0,1
POL102744,Joseph Johnson,70,Male,MI,Home,1865.23,38,23,1,0,0,0
POL102745,Jessica Brown,69,Male,PA,Home,990.66,83,68,0,1,9794.09,0
POL102746,Lisa Brown,63,Male,OH,Auto,1412.37,59,21,1,0,0,1
POL102747,Joseph Jones,44,Female,CA,Auto,2363.32,14,21,0,0,0,1
POL102748,Nancy Rodriguez,46,Female,TX,Home,1405.4,81,1,1,0,0,1
POL102749,Emily Garcia,64,Male,CA,Life,3199.23,78,15,1,0,0,0
POL102750,Karen Miller,45,Female,FL,Life,2385.22,97,17,1,0,0,0
POL102751,David Williams,52,Female,GA,Home,1815.95,66,51,1,0,0,0
POL102752,John Rodriguez,25,Male,GA,Life,616.27,35,63,1,0,0,1
POL102753,Jessica Brown,33,Female,FL,Auto,1998.65,15,14,0,0,0,1
POL102754,Karen Davis,59,Male,NY,Life,2794.33,25,59,0,0,0,0
POL102755,Sarah Brown,53,Male,OH,Life,1296.67,69,83,0,0,0,1
POL102756,John Smith,47,Male,TX,Auto,2920.32,21,50,0,1,11131.95,0
POL102757,William Johnson,35,Male,OH,Auto,1255.42,84,34,1,0,0,1
POL102758,Jane Martinez,19,Male,NY,Auto,2971.24,12,6,1,0,0,1
POL102759,William Davis,66,Male,IL,Auto,755.81,72,109,0,0,0,1
POL102760,Michael Johnson,30,Male,TX,Auto,3098.55,73,49,0,0,0,1
POL102761,Joseph Rodriguez,21,Female,FL,Home,1997.56,71,6,0,0,0,0
POL102762,Jane Wilson,43,Male,PA,Life,1389.61,15,117,0,0,0,1
POL102763,Karen Johnson,42,Female,MI,Home,1295.34,28,118,0,0,0,0
POL102764,David Lopez,47,Female,GA,Auto,1796.03,27,69,0,0,0,0
POL102765,Emily Davis,28,Male,FL,Life,3497.15,89,7,1,0,0,1
POL102766,David Jones,24,Male,GA,Life,1160.98,96,97,0,0,0,0
POL102767,Jessica Smith,48,Male,CA,Auto,809.65,52,77,1,1,4586.94,0
POL102768,Jane Williams,61,Female,CA,Auto,2255.11,82,51,1,0,0,0
POL102769,Nancy Smith,27,Male,TX,Home,1965.63,12,118,1,1,9713.34,1
POL102770,Nancy Jones,56,Male,TX,Home,2072.59,81,1,1,0,0,1
POL102771,Sarah Lopez,30,Male,TX,Life,2500.81,47,13,1,1,7370.19,1
POL102772,Sarah Miller,48,Female,MI,Home,1301.43,77,43,1,0,0,1
POL102773,Karen Johnson,24,Male,MI,Life,3231.99,85,27,1,1,20828.62,1
POL102774,Jane Smith,73,Male,NY,Home,1807.02,53,71,1,0,0,0
POL102775,John Williams,66,Male,GA,Auto,887.26,98,116,1,1,8256.46,0
POL102776,William Lopez,59,Male,GA,Life,2726.9,89,3,0,0,0,1
POL102777,Michael Garcia,59,Male,PA,Life,2429.31,72,58,1,1,21366.7,0
POL102778,Sarah Davis,73,Female,OH,Auto,1447.23,51,89,0,0,0,0
POL102779,Lisa Jones,53,Male,NY,Auto,2364.56,73,97,1,0,0,1
POL102780,Karen Johnson,37,Male,NC,Life,1159.59,63,104,0,0,0,1
POL102781,Sarah Garcia,21,Female,PA,Auto,1834.52,87,17,1,0,0,1
POL102782,Michael Johnson,71,Male,NC,Home,3198.24,86,45,1,1,10208.39,0
POL102783,James Miller,24,Female,CA,Life,900.6,80,78,0,1,8054.18,0
POL102784,Jessica Jones,71,Female,OH,Life,1660.09,85,101,1,0,0,0
POL102785,Nancy Miller,18,Female,GA,Home,2963.43,46,58,1,1,9714.37,1
POL102786,Karen Davis,61,Female,NY,Auto,3408.47,13,56,1,0,0,1
POL102787,Joseph Miller,73,Female,IL,Home,1861.78,11,54,1,1,12707.85,0
POL102788,William Williams,62,Male,OH,Home,2021,53,87,0,0,0,0
POL102789,Jane Williams,59,Female,NC,Life,2216.52,76,88,1,1,4856.14,1
POL102790,Karen Wilson,64,Male,OH,Auto,3297.04,77,29,1,0,0,0
POL102791,John Williams,30,Male,CA,Life,3074.62,85,102,1,1,55239.5,1
POL102792,Jane Miller,72,Male,CA,Auto,1011.8,92,54,1,0,0,1
POL102793,Lisa Davis,39,Male,CA,Auto,1810.27,83,27,0,0,0,1
POL102794,Joseph Martinez,71,Male,IL,Auto,1892,71,102,0,1,3666.23,0
POL102795,William Davis,38,Male,PA,Life,2867.29,10,117,1,0,0,0
POL102796,Michael Martinez,39,Male,GA,Auto,2308.68,26,104,0,0,0,0
POL102797,James Garcia,45,Female,OH,Auto,2462.66,25,45,0,0,0,1
POL102798,Lisa Smith,26,Female,NC,Home,3494.6,18,114,1,0,0,1
POL102799,Nancy Lopez,43,Female,FL,Home,724.88,62,87,0,0,0,1
POL102800,Nancy Wilson,26,Female,TX,Life,1169.03,82,31,1,0,0,1
POL102801,Michael Davis,32,Female,CA,Home,1723.69,68,36,1,1,10716.21,1
POL102802,Jessica Johnson,27,Male,NY,Auto,1543.35,18,81,0,0,0,1
POL102803,James Davis,41,Female,TX,Auto,564.94,21,61,1,0,0,1
POL102804,John Johnson,75,Male,CA,Auto,775.33,50,37,0,1,6301.53,0
POL102805,David Lopez,74,Female,MI,Home,2542.86,24,67,0,0,0,0
POL102806,Sarah Smith,59,Male,TX,Life,3137.97,75,36,1,0,0,0
POL102807,Karen Lopez,25,Female,FL,Auto,2042.68,84,119,0,0,0,0
POL102808,Robert Wilson,41,Male,GA,Auto,2117.57,20,5,0,1,5279.3,0
POL102809,Lisa Wilson,33,Male,NC,Home,1265.28,17,46,0,0,0,0
POL102810,Lisa Brown,66,Female,PA,Auto,2803.63,64,79,1,1,13844.56,1
POL102811,William Garcia,43,Male,NC,Home,2755.38,15,52,0,0,0,0
POL102812,Robert Rodriguez,44,Male,IL,Auto,2265.1,62,49,0,0,0,0
POL102813,Karen Wilson,54,Female,GA,Life,1137.99,29,6,0,0,0,1
POL102814,Lisa Johnson,21,Male,CA,Auto,791.05,48,10,1,1,1468.64,1
POL102815,James Lopez,67,Male,TX,Home,692.72,81,118,1,0,0,0
POL102816,Karen Brown,41,Female,MI,Life,2278.09,43,96,1,0,0,0
POL102817,Jessica Garcia,36,Female,OH,Life,2975.11,66,23,1,0,0,1
POL102818,William Lopez,53,Female,CA,Life,3074.99,28,112,1,0,0,1
POL102819,William Miller,56,Female,NC,Life,1890.87,80,17,0,0,0,0
POL102820,Michael Rodriguez,27,Female,NY,Home,2852.81,40,110,0,0,0,1
POL102821,Lisa Smith,42,Male,FL,Home,3340.64,91,84,1,0,0,1
POL102822,John Lopez,35,Male,FL,Life,1325.51,49,44,1,0,0,1
POL102823,Michael Rodriguez,36,Female,TX,Life,1693.88,23,41,1,1,12371.08,1
POL102824,Nancy Davis,53,Female,IL,Home,3294.44,90,15,1,1,13551.09,1
POL102825,Nancy Davis,27,Male,TX,Auto,1514.69,46,44,1,0,0,0
POL102826,Nancy Williams,50,Female,OH,Home,3241.63,53,110,1,0,0,1
POL102827,Jane Davis,72,Male,NY,Home,3443.13,18,58,0,0,0,0
POL102828,Sarah Brown,67,Male,PA,Auto,2485.43,67,86,0,0,0,0
POL102829,Sarah Jones,22,Male,NY,Home,2950.67,29,50,0,0,0,1
POL102830,John Rodriguez,64,Female,NC,Auto,2748.64,59,52,0,0,0,1
POL102831,Emily Rodriguez,66,Female,NY,Home,2598.6,29,70,0,0,0,0
POL102832,William Miller,52,Male,CA,Life,1420.79,45,68,0,0,0,0
POL102833,James Brown,61,Male,NC,Auto,671.28,36,63,0,0,0,0
POL102834,Jane Davis,51,Female,IL,Auto,1529.16,81,58,0,1,19129.36,1
POL102835,Jessica Martinez,50,Male,MI,Home,2500.81,41,23,0,1,23578.2,1
POL102836,Jessica Johnson,72,Male,NC,Life,807.59,10,44,1,0,0,0
POL102837,Nancy Davis,38,Male,NY,Life,535.75,26,109,0,0,0,1
POL102838,Jessica Garcia,34,Male,IL,Auto,919.08,18,83,0,0,0,1
POL102839,Jane Davis,39,Male,TX,Home,2647.21,93,118,1,1,10853.02,0
POL102840,Karen Lopez,65,Female,PA,Life,3418.38,54,109,0,0,0,0
POL102841,John Johnson,54,Male,FL,Life,3449.19,75,95,0,1,6599.45,1
POL102842,James Miller,32,Male,GA,Life,1981.94,41,44,0,0,0,0
POL102843,John Rodriguez,52,Male,FL,Life,3108.06,54,52,0,0,0,0
POL102844,Robert Smith,45,Male,FL,Home,2710.48,18,67,0,0,0,1
POL102845,Nancy Johnson,24,Female,GA,Life,2003.12,39,28,0,0,0,0
POL102846,Joseph Martinez,49,Male,GA,Auto,2218.28,93,67,1,0,0,0
POL102847,Lisa Lopez,28,Male,GA,Auto,911.68,47,78,1,0,0,0
POL102848,David Rodriguez,27,Female,FL,Life,3312.98,69,18,1,1,23995.37,1
POL102849,Robert Brown,26,Male,CA,Auto,1555.79,10,27,0,1,12739.04,1
POL102850,William Lopez,31,Male,TX,Auto,1838.45,14,51,1,1,17726.12,1
POL102851,Jessica Garcia,30,Female,OH,Auto,2514.98,72,60,1,0,0,0
POL102852,Sarah Smith,74,Male,NC,Home,1501.71,45,74,0,1,4266.82,0
POL102853,Nancy Brown,42,Female,NC,Home,1262.78,74,49,1,1,6103.25,1
POL102854,Nancy Davis,19,Male,CA,Life,2393.15,87,15,1,0,0,1
POL102855,Sarah Rodriguez,52,Female,TX,Life,574.95,82,83,0,0,0,0
POL102856,Joseph Martinez,24,Female,TX,Auto,2662.18,33,73,1,1,23094.93,1
POL102857,Lisa Davis,38,Female,NC,Home,2042.07,13,68,1,0,0,1
POL102858,Karen Lopez,35,Male,TX,Life,2317.26,87,15,1,0,0,1
POL102859,Sarah Wilson,20,Female,CA,Auto,2395.64,98,51,1,0,0,1
POL102860,Jessica Johnson,59,Female,GA,Auto,2081.15,77,48,1,0,0,0
POL102861,Jane Lopez,71,Female,NC,Life,2247.6,34,72,0,0,0,0
POL102862,Emily Smith,56,Male,CA,Life,2551.36,83,113,1,0,0,1
POL102863,Sarah Garcia,58,Male,MI,Auto,2759.36,16,117,0,1,23063.85,1
POL102864,Nancy Lopez,66,Female,TX,Auto,2682.36,22,1,0,0,0,0
POL102865,Joseph Jones,28,Female,FL,Home,3108.85,77,7,1,0,0,1
POL102866,Robert Rodriguez,56,Male,OH,Home,1068.33,52,53,0,1,7276.14,0
POL102867,Sarah Wilson,41,Male,PA,Auto,1703.44,66,31,1,0,0,1
POL102868,Jane Smith,63,Male,FL,Auto,3343.39,45,18,1,0,0,0
POL102869,Michael Davis,36,Female,IL,Auto,1689.77,23,12,0,0,0,0
POL102870,Michael Wilson,21,Female,OH,Home,874.61,91,48,1,1,6628.9,1
POL102871,Karen Wilson,43,Male,NY,Auto,2076.34,81,30,1,0,0,1
POL102872,James Johnson,55,Female,OH,Life,828.47,36,97,0,0,0,0
POL102873,David Martinez,59,Male,NY,Life,1108.56,46,111,0,0,0,0
POL102874,Emily Brown,49,Male,PA,Life,3494.96,96,7,1,0,0,0
POL102875,Jane Miller,56,Female,OH,Home,2124.09,80,92,0,0,0,1
POL102876,Emily Davis,62,Male,NY,Auto,1352.18,85,113,1,1,5292.84,1
POL102877,Nancy Brown,63,Male,FL,Auto,3484.32,34,3,0,0,0,0
POL102878,Karen Garcia,53,Male,PA,Life,3399.68,76,107,1,0,0,0
POL102879,Jane Miller,57,Male,OH,Home,1822.22,99,63,1,0,0,0
POL102880,John Lopez,54,Male,GA,Life,1281.21,13,6,0,0,0,0
POL102881,Nancy Lopez,50,Male,MI,Life,3015.2,88,95,1,1,7700.9,1
POL102882,Lisa Johnson,53,Female,FL,Auto,2646.86,83,102,1,0,0,0
POL102883,Joseph Davis,20,Female,TX,Auto,2560.82,94,15,1,0,0,1
POL102884,Jessica Lopez,26,Male,GA,Life,3179.34,25,71,0,0,0,1
POL102885,Lisa Rodriguez,25,Female,MI,Home,2568.25,28,43,1,1,23976.56,1
POL102886,Michael Davis,50,Female,NC,Life,1351.39,38,94,1,1,4013.52,1
POL102887,John Rodriguez,23,Female,OH,Life,2581.59,60,91,0,1,16443.53,1
POL102888,Karen Smith,58,Female,TX,Auto,1417.44,27,81,0,1,9166.57,0
POL102889,Robert Miller,56,Male,FL,Life,2777.72,67,119,0,0,0,0
POL102890,Nancy Martinez,21,Female,MI,Home,2359.24,53,18,0,1,10950.76,1
POL102891,Jessica Rodriguez,30,Male,NC,Home,732.23,25,22,1,1,3292.4,0
POL102892,Joseph Williams,66,Male,IL,Auto,2038.51,74,61,1,0,0,0
POL102893,Karen Martinez,19,Male,GA,Home,1529.9,11,61,0,0,0,1
POL102894,Michael Wilson,22,Male,CA,Life,1485.71,65,53,0,1,10671.86,1
POL102895,Nancy Williams,61,Female,OH,Life,2306.77,88,26,1,0,0,0
POL102896,Jane Miller,44,Male,MI,Home,1466.97,37,115,0,0,0,0
POL102897,William Martinez,49,Male,NY,Auto,2830.68,74,91,1,1,13588.77,1
POL102898,Lisa Garcia,38,Male,OH,Auto,712.37,14,40,0,0,0,1
POL102899,Robert Miller,25,Female,CA,Home,2481.16,31,88,0,1,9102.09,1
POL102900,James Martinez,55,Male,NC,Home,2927.58,22,116,1,1,14323.53,1
POL102901,Karen Brown,25,Female,CA,Auto,2518.5,74,8,1,0,0,1
POL102902,David Miller,67,Male,TX,Auto,1991.69,25,21,0,0,0,0
POL102903,Sarah Jones,20,Female,NY,Auto,3350.92,95,93,0,1,28030.87,1
POL102904,Jessica Williams,71,Female,PA,Home,1399.82,73,43,1,0,0,1
POL102905,Michael Miller,61,Male,IL,Home,557.5,41,21,0,0,0,0
POL102906,Lisa Wilson,75,Female,OH,Life,1795.97,89,3,1,0,0,0
POL102907,Karen Rodriguez,20,Male,IL,Life,599.04,60,31,1,0,0,0
POL102908,David Wilson,39,Male,GA,Auto,3361.81,88,119,0,0,0,1
POL102909,Robert Garcia,23,Female,PA,Life,1129.75,67,27,1,0,0,1
POL102910,Karen Wilson,19,Female,IL,Auto,2866.78,55,110,0,0,0,1
POL102911,Robert Lopez,40,Female,NC,Home,2823.72,61,27,1,0,0,1
POL102912,Emily Brown,61,Male,MI,Life,1153.19,72,73,1,0,0,0
POL102913,Emily Martinez,19,Male,PA,Home,2363.68,85,57,1,1,22963.31,0
POL102914,Karen Jones,55,Male,IL,Life,644.24,69,97,0,0,0,0
POL102915,William Garcia,34,Female,GA,Auto,1950.72,74,33,1,0,0,0
POL102916,William Williams,52,Female,NC,Auto,543.94,90,90,0,1,3756.22,1
POL102917,Karen Lopez,51,Female,GA,Life,3263.43,64,92,1,0,0,1
POL102918,Michael Rodriguez,40,Female,OH,Home,3428.26,66,44,1,0,0,0
POL102919,Robert Wilson,47,Female,MI,Life,1166.85,80,43,1,1,9507.33,1
POL102920,William Garcia,69,Male,NC,Home,1124.32,82,31,0,1,6778.54,0
POL102921,Karen Johnson,25,Male,MI,Home,2761.16,95,117,1,1,18806.25,0
POL102922,Joseph Garcia,39,Female,MI,Home,1260.14,35,65,0,0,0,1
POL102923,Robert Davis,61,Male,MI,Auto,3185.23,21,84,0,0,0,1
POL102924,Lisa Martinez,75,Female,TX,Life,2221.79,80,76,0,0,0,0
POL102925,William Wilson,53,Female,GA,Auto,1552.33,55,17,0,1,15366.11,0
POL102926,James Lopez,22,Female,PA,Home,2998.08,56,15,1,1,15669.65,1
POL102927,Karen Rodriguez,30,Female,CA,Life,1980.22,88,34,1,0,0,1
POL102928,David Miller,46,Male,GA,Home,3234.9,47,114,0,0,0,0
POL102929,Joseph Smith,48,Female,PA,Life,3284.04,30,80,0,0,0,1
POL102930,Robert Johnson,64,Female,NC,Life,996.26,23,4,0,0,0,0
POL102931,John Miller,74,Female,NC,Auto,506.97,11,72,0,0,0,0
POL102932,Michael Smith,72,Female,MI,Life,3451.79,81,98,0,0,0,0
POL102933,William Smith,33,Male,CA,Auto,3218.41,79,110,0,0,0,1
POL102934,Emily Jones,59,Female,IL,Life,666.34,42,89,0,0,0,1
POL102935,Joseph Williams,47,Female,IL,Auto,2999.1,15,79,0,1,6187.64,0
POL102936,David Lopez,74,Female,IL,Life,1873.41,99,28,1,0,0,1
POL102937,David Williams,72,Male,IL,Home,1276.88,46,73,1,0,0,0
POL102938,Nancy Smith,33,Male,MI,Home,3136.24,23,2,0,0,0,0
POL102939,Karen Jones,29,Male,NC,Life,1090,46,17,0,1,10501.67,1
POL102940,Emily Rodriguez,34,Male,FL,Life,3341.9,17,58,0,1,27540.68,1
POL102941,John Garcia,33,Male,PA,Home,1116.86,86,74,1,0,0,1
POL102942,Nancy Davis,29,Male,PA,Auto,2341.05,22,9,1,0,0,1
POL102943,Jane Martinez,25,Female,FL,Auto,1169.26,49,31,1,0,0,1
POL102944,Nancy Lopez,37,Female,MI,Auto,2137.01,67,66,0,1,10440.66,1
POL102945,Karen Rodriguez,20,Male,FL,Home,2551.93,27,88,0,1,25137.42,1
POL102946,Nancy Brown,33,Female,PA,Home,1070.68,66,62,1,1,4750.66,0
POL102947,Karen Lopez,47,Male,IL,Home,2062.66,92,19,1,0,0,1
POL102948,Robert Miller,62,Male,FL,Home,1907.18,47,81,0,0,0,1
POL102949,Emily Rodriguez,40,Female,PA,Auto,713.11,41,107,0,0,0,0
POL102950,Joseph Wilson,45,Female,NC,Home,2954.92,95,113,0,1,13778.86,1
POL102951,David Wilson,68,Male,OH,Home,1507.05,75,74,1,0,0,0
POL102952,William Smith,57,Female,IL,Auto,2223.75,86,114,0,1,14860.69,0
POL102953,James Miller,71,Female,IL,Auto,2044.35,96,55,0,0,0,1
POL102954,James Lopez,22,Female,MI,Auto,2039.78,34,28,0,0,0,0
POL102955,Sarah Rodriguez,37,Female,OH,Life,821.67,67,102,0,0,0,1
POL102956,John Smith,57,Male,FL,Home,1770.45,84,112,0,1,13568.56,0
POL102957,Karen Jones,73,Male,MI,Auto,1857.1,42,92,0,0,0,0
POL102958,Emily Martinez,61,Male,TX,Auto,2700.93,97,114,0,1,40178.27,0
POL102959,Nancy Davis,18,Male,IL,Home,3020.06,75,116,1,0,0,1
POL102960,Nancy Brown,74,Female,FL,Auto,2134.95,39,50,1,0,0,0
POL102961,William Wilson,47,Female,PA,Home,760.35,90,65,0,0,0,0
POL102962,Karen Lopez,38,Male,NC,Home,1210.55,43,3,0,0,0,0
POL102963,Sarah Martinez,37,Female,NC,Home,994.8,95,79,1,0,0,0
POL102964,Robert Wilson,23,Female,PA,Auto,873.85,78,52,1,0,0,1
POL102965,Lisa Brown,39,Male,FL,Home,1597.7,57,10,1,0,0,0
POL102966,Joseph Wilson,35,Female,GA,Auto,1188.18,49,21,1,1,3325.99,1
POL102967,Emily Jones,25,Female,MI,Home,1154.91,60,37,1,1,2792.82,1
POL102968,Jessica Williams,56,Female,NC,Auto,664.08,89,15,1,1,4015.34,1
POL102969,William Johnson,49,Male,TX,Home,553.01,22,87,0,1,3440.66,1
POL102970,Michael Williams,50,Female,CA,Life,808.3,99,78,1,1,1945.23,0
POL102971,Karen Rodriguez,70,Male,IL,Home,1016.59,40,79,0,0,0,0
POL102972,Jane Miller,33,Female,FL,Auto,1792.95,48,74,0,0,0,0
POL102973,John Miller,29,Female,FL,Life,2031.56,72,9,1,0,0,1
POL102974,David Rodriguez,55,Male,MI,Auto,921.78,57,44,0,1,8937.12,0
POL102975,David Williams,69,Male,PA,Life,1774.35,96,39,1,1,11307.82,0
POL102976,Michael Martinez,51,Female,TX,Auto,1525.25,57,5,0,1,4245.99,1
POL102977,Nancy Jones,31,Male,GA,Life,1050.27,70,25,1,0,0,1
POL102978,John Garcia,53,Male,PA,Life,520.52,21,56,1,0,0,0
POL102979,Jessica Wilson,50,Female,FL,Life,1901.05,87,106,1,0,0,1
POL102980,Michael Smith,40,Male,OH,Auto,2556.96,65,90,0,0,0,0
POL102981,Michael Garcia,67,Female,GA,Auto,1178.83,27,64,1,0,0,0
POL102982,Lisa Smith,62,Male,IL,Auto,895.42,36,72,1,0,0,0
POL102983,Joseph Lopez,19,Female,MI,Home,3161.13,37,86,1,0,0,1
POL102984,Lisa Lopez,58,Female,GA,Home,1325.07,91,52,1,0,0,1
POL102985,David Davis,38,Female,NC,Auto,1170.84,89,89,0,0,0,1
POL102986,Joseph Martinez,19,Male,PA,Auto,3071.29,61,112,0,1,12737.44,1
POL102987,Robert Garcia,44,Male,TX,Auto,2951.32,25,76,0,0,0,0
POL102988,Jane Wilson,74,Male,IL,Life,1845.04,86,9,0,0,0,0
POL102989,Sarah Rodriguez,26,Male,MI,Auto,1967.72,67,10,1,0,0,1
POL102990,Emily Williams,18,Female,CA,Life,1153.25,18,112,0,0,0,0
POL102991,Robert Johnson,28,Female,IL,Auto,734.91,35,10,1,0,0,1
POL102992,Joseph Rodriguez,20,Female,CA,Life,2220.3,37,73,0,1,18432.91,1
POL102993,Michael Miller,69,Male,OH,Home,795.03,86,62,1,0,0,1
POL102994,Robert Rodriguez,40,Male,NC,Life,1847.82,45,90,0,0,0,1
POL102995,James Johnson,43,Male,OH,Auto,3321.49,18,99,0,0,0,0
POL102996,Sarah Brown,21,Male,NY,Home,3358.5,56,91,0,1,19974.57,0
POL102997,Emily Lopez,35,Female,CA,Auto,1218,87,60,1,0,0,0
POL102998,Sarah Garcia,72,Female,FL,Auto,2372.34,60,95,1,0,0,0
POL102999,Sarah Jones,23,Male,IL,Life,1922.23,85,19,1,0,0,0
POL103000,Emily Martinez,52,Female,GA,Life,3127.06,66,107,0,0,0,1
POL103001,Robert Davis,39,Female,GA,Life,1314.29,41,38,1,0,0,0
POL103002,Robert Lopez,60,Female,NC,Home,511.11,76,6,1,0,0,0
POL103003,John Johnson,32,Male,MI,Life,987.68,66,15,0,0,0,0
POL103004,William Garcia,39,Female,IL,Home,1548.57,63,93,1,1,4799.42,1
POL103005,Jessica Brown,54,Male,NC,Auto,1447.16,25,47,0,0,0,1
POL103006,William Martinez,69,Male,MI,Auto,2874.09,71,45,1,0,0,0
POL103007,Lisa Brown,59,Male,OH,Auto,2541.68,93,118,0,1,12069,1
POL103008,John Lopez,29,Female,FL,Auto,1398.67,65,5,1,0,0,1
POL103009,Sarah Miller,64,Female,IL,Auto,1873.23,32,78,1,0,0,0
POL103010,Joseph Johnson,66,Female,NY,Home,786.68,26,53,1,1,4060.51,1
POL103011,James Jones,59,Male,OH,Home,3194.44,89,66,0,0,0,1
POL103012,Robert Wilson,55,Male,GA,Home,3306.27,47,62,0,0,0,1
POL103013,David Smith,35,Female,MI,Auto,3439.41,81,23,1,0,0,1
POL103014,Robert Garcia,62,Female,CA,Auto,3105.66,92,44,1,1,13565.6,0
POL103015,Robert Rodriguez,52,Female,GA,Life,1021.88,39,52,1,0,0,1
POL103016,Jessica Davis,47,Female,OH,Auto,638.59,67,46,0,1,4518.21,0
POL103017,John Jones,41,Male,OH,Home,2238.79,87,19,0,1,20965.37,1
POL103018,William Brown,59,Female,PA,Life,3237.82,31,88,0,0,0,1
POL103019,Sarah Rodriguez,47,Female,CA,Home,1032.05,26,84,0,0,0,1
POL103020,Jane Johnson,31,Female,TX,Home,521.13,24,47,0,0,0,0
POL103021,Michael Rodriguez,23,Male,TX,Home,2916.49,57,91,1,0,0,0
POL103022,Robert Smith,20,Male,CA,Life,730.39,41,52,1,0,0,1
POL103023,William Johnson,33,Male,PA,Life,1741.12,86,24,1,0,0,0
POL103024,Emily Lopez,24,Male,NY,Life,2536.66,94,17,0,0,0,0
POL103025,William Brown,69,Female,NY,Home,1210.39,49,89,1,0,0,0
POL103026,Nancy Lopez,31,Female,CA,Home,751.89,66,46,0,0,0,1
POL103027,James Johnson,26,Male,IL,Life,2810.06,67,64,1,0,0,1
POL103028,Emily Rodriguez,32,Male,CA,Auto,2390.53,25,119,0,1,8619.55,1
POL103029,Nancy Wilson,38,Female,NC,Auto,3465.47,37,95,0,0,0,1
POL103030,Karen Miller,52,Male,NC,Auto,1532.92,10,28,1,0,0,0
POL103031,William Johnson,19,Female,IL,Life,685.29,50,50,0,0,0,1
POL103032,Karen Lopez,44,Female,TX,Life,2703.05,57,64,1,1,23704.37,1
POL103033,Michael Smith,19,Male,CA,Life,2065.2,40,28,1,0,0,1
POL103034,Jessica Wilson,52,Female,OH,Home,1139.61,45,86,0,0,0,0
POL103035,Sarah Smith,35,Female,FL,Home,2845.19,42,56,1,0,0,1
POL103036,Jane Johnson,31,Male,NY,Auto,1111.27,42,59,1,0,0,1
POL103037,John Williams,37,Female,MI,Home,1281.98,91,5,1,0,0,0
POL103038,Joseph Jones,35,Male,NY,Auto,777.59,32,54,0,0,0,1
POL103039,Robert Johnson,27,Female,NY,Auto,1698.3,69,44,1,0,0,0
POL103040,Lisa Brown,42,Male,CA,Auto,1756.79,96,42,0,0,0,0
POL103041,David Miller,19,Male,PA,Home,2043.69,88,72,0,1,19055.22,0
POL103042,James Davis,42,Male,MI,Life,2626.89,99,102,0,0,0,0
POL103043,William Miller,71,Male,IL,Auto,3218.3,39,92,1,0,0,0
POL103044,James Garcia,50,Female,IL,Auto,913.2,98,57,1,0,0,1
POL103045,John Miller,53,Male,OH,Life,663.04,54,47,1,1,6078.1,1
POL103046,William Johnson,48,Female,FL,Auto,555.59,89,76,1,0,0,1
POL103047,Robert Smith,31,Male,FL,Home,930.86,48,25,1,0,0,0
POL103048,William Wilson,18,Female,FL,Home,2473.85,54,102,1,1,23730.8,1
POL103049,Lisa Johnson,63,Male,MI,Home,2682.43,87,44,0,1,46448.55,0
POL103050,Joseph Wilson,33,Male,MI,Life,2859.52,90,15,1,0,0,1
POL103051,Lisa Smith,71,Male,MI,Auto,1231.12,21,108,0,1,8057.23,1
POL103052,Karen Johnson,63,Female,IL,Auto,1417.68,41,105,0,0,0,1
POL103053,Sarah Rodriguez,69,Female,NC,Home,1949.4,65,51,1,0,0,0
POL103054,Jane Jones,20,Male,PA,Home,689.55,33,53,1,0,0,1
POL103055,Joseph Lopez,52,Female,FL,Home,2333.42,22,34,0,1,11629.05,0
POL103056,David Martinez,58,Female,TX,Auto,3451.21,29,109,0,0,0,0
POL103057,Jane Jones,23,Male,NY,Life,1582.42,88,77,1,0,0,0
POL103058,Joseph Davis,42,Female,NC,Life,2758.54,65,8,1,0,0,1
POL103059,James Miller,30,Female,MI,Auto,2000.1,62,77,1,0,0,1
POL103060,Nancy Lopez,70,Female,PA,Auto,883.44,77,100,1,1,5017.36,0
POL103061,John Davis,51,Female,FL,Home,2246.71,63,70,0,1,20034.37,1
POL103062,Michael Rodriguez,25,Female,TX,Auto,1399.62,43,102,0,1,5685.1,1
POL103063,Emily Williams,38,Female,OH,Auto,603.21,37,96,0,0,0,0
POL103064,Karen Miller,51,Female,FL,Home,2404.79,59,21,1,0,0,1
POL103065,Joseph Rodriguez,21,Female,NC,Auto,3076.8,11,108,0,0,0,1
POL103066,David Lopez,42,Male,MI,Auto,1534.31,35,108,1,0,0,1
POL103067,Michael Jones,32,Male,NY,Life,1670.89,60,113,1,1,4768.26,0
POL103068,William Wilson,21,Female,TX,Life,3173.07,56,7,0,0,0,1
POL103069,William Garcia,62,Female,CA,Auto,2940.83,35,90,1,0,0,1
POL103070,John Rodriguez,29,Female,MI,Auto,2644.86,93,79,1,1,7133.09,0
POL103071,Nancy Rodriguez,49,Male,MI,Auto,1246.39,93,56,0,0,0,0
POL103072,Michael Johnson,49,Male,IL,Home,3230.65,84,49,0,0,0,1
POL103073,John Smith,45,Female,GA,Life,963.25,83,42,1,0,0,0
POL103074,Lisa Martinez,30,Female,CA,Auto,2380.31,70,23,1,1,20302.75,1
POL103075,James Rodriguez,48,Female,CA,Auto,586.4,32,52,1,0,0,0
POL103076,Robert Johnson,31,Female,FL,Life,2431.16,46,102,0,0,0,0
POL103077,David Brown,37,Female,OH,Life,1331.43,50,105,0,0,0,1
POL103078,Karen Wilson,35,Male,FL,Life,1849.03,61,79,0,1,14741.63,1
POL103079,Karen Garcia,46,Male,FL,Life,1535.79,92,112,1,0,0,1
POL103080,Emily Miller,23,Male,GA,Auto,1018.27,91,53,1,1,5834.67,0
POL103081,William Rodriguez,49,Male,MI,Auto,2365.94,58,104,0,0,0,0
POL103082,Michael Williams,46,Male,TX,Home,3145.93,36,16,1,1,12069.07,0
POL103083,Michael Brown,60,Female,TX,Life,3377.25,15,96,0,0,0,0
POL103084,Lisa Jones,19,Male,FL,Auto,1077.04,83,37,1,0,0,1
POL103085,Emily Johnson,40,Female,IL,Life,2652.12,75,18,0,0,0,0
POL103086,Michael Lopez,36,Male,CA,Life,2493.02,33,20,0,1,18098.61,1
POL103087,Joseph Martinez,48,Female,NY,Home,1530.13,47,46,1,1,2795.06,1
POL103088,Nancy Smith,68,Male,FL,Life,557.3,37,2,1,0,0,0
POL103089,Nancy Rodriguez,22,Female,IL,Auto,2569.37,37,119,0,0,0,1
POL103090,Jessica Lopez,36,Female,OH,Life,3336.48,75,87,1,1,21119.71,1
POL103091,Robert Johnson,51,Male,MI,Home,2396.36,70,94,0,0,0,1
POL103092,David Lopez,27,Male,MI,Life,1805.88,55,63,0,0,0,1
POL103093,Jane Jones,42,Female,OH,Auto,2075.46,78,3,1,1,10141.97,0
POL103094,Jane Brown,19,Female,GA,Home,1098.89,84,46,0,1,10782.1,0
POL103095,Karen Martinez,28,Male,FL,Auto,2751.63,83,103,0,0,0,0
POL103096,Jessica Garcia,67,Male,FL,Auto,2739.26,52,111,0,1,15926.78,0
POL103097,Sarah Williams,48,Female,CA,Life,936.55,68,49,0,0,0,0
POL103098,William Lopez,73,Male,CA,Home,3133.94,11,1,0,0,0,1
POL103099,Emily Johnson,32,Female,OH,Auto,1307.57,24,105,0,0,0,0
POL103100,David Martinez,26,Female,GA,Life,3446.77,46,22,1,0,0,1
POL103101,Jane Brown,40,Female,GA,Home,1648.71,80,93,1,1,10212.56,1
POL103102,Sarah Davis,36,Female,TX,Home,1033.65,29,14,1,1,7809.31,1
POL103103,Jessica Garcia,26,Male,OH,Life,1555.16,44,112,0,1,8737.79,1
POL103104,Lisa Lopez,52,Female,MI,Life,1820.54,43,92,0,0,0,0
POL103105,David Wilson,38,Male,OH,Auto,707.92,95,85,1,0,0,1
POL103106,Lisa Williams,26,Female,NY,Life,2234.66,40,45,0,0,0,1
POL103107,Lisa Martinez,45,Female,NC,Life,2292.9,96,96,0,1,7816.11,0
POL103108,Sarah Garcia,63,Female,IL,Home,2716.79,28,6,0,0,0,0
POL103109,James Williams,68,Female,FL,Life,587.51,77,118,0,0,0,0
POL103110,John Garcia,24,Female,GA,Life,2123.71,33,65,0,0,0,0
POL103111,Emily Brown,33,Male,OH,Home,658.72,93,21,1,0,0,1
POL103112,Karen Wilson,33,Male,NC,Life,2603.43,48,4,1,0,0,1
POL103113,William Miller,50,Female,PA,Home,667.18,63,3,1,1,4047.69,0
POL103114,David Garcia,21,Male,PA,Auto,3235.18,48,113,0,0,0,0
POL103115,Michael Lopez,21,Male,NY,Life,2606.25,26,30,0,1,24827.88,1
POL103116,Karen Garcia,56,Male,GA,Life,2022.17,28,31,1,0,0,1
POL103117,Jessica Davis,57,Male,NC,Auto,1824.51,57,34,0,0,0,0
POL103118,Jessica Garcia,34,Female,MI,Home,892.02,44,83,0,0,0,0
POL103119,Joseph Jones,54,Female,OH,Life,1373,41,20,1,0,0,0
POL103120,Jessica Rodriguez,56,Female,GA,Life,3106.88,56,87,0,0,0,1
POL103121,Jane Williams,69,Male,MI,Auto,3213.36,56,54,0,0,0,0
POL103122,William Martinez,46,Female,FL,Life,502.24,73,104,0,0,0,1
POL103123,Jane Jones,69,Male,PA,Auto,2282.41,55,25,1,0,0,0
POL103124,Nancy Williams,53,Female,TX,Home,2657.9,44,15,1,0,0,0
POL103125,Robert Brown,55,Male,CA,Auto,2356.24,26,38,0,0,0,1
POL103126,David Wilson,56,Female,MI,Home,745.04,51,23,0,1,3713.46,1
POL103127,William Johnson,67,Male,OH,Life,1153.17,38,52,1,0,0,0
POL103128,Karen Johnson,54,Female,TX,Life,1251.02,79,66,1,0,0,0
POL103129,John Rodriguez,69,Male,OH,Life,2995.17,26,57,0,1,21795.7,0
POL103130,William Smith,52,Female,FL,Auto,1889.6,90,57,1,0,0,1
POL103131,Nancy Martinez,24,Male,FL,Auto,1960.48,23,79,1,1,19238.76,0
POL103132,Lisa Miller,44,Female,PA,Life,3304.68,33,52,0,0,0,1
POL103133,Joseph Martinez,45,Female,PA,Home,2411.26,66,108,0,0,0,0
POL103134,Emily Smith,39,Male,OH,Life,3196,59,35,1,1,27339.67,1
POL103135,Robert Jones,31,Female,IL,Auto,1869.53,66,74,1,0,0,1
POL103136,Robert Rodriguez,24,Male,FL,Life,948.31,70,14,1,1,6734.7,1
POL103137,Jessica Lopez,54,Male,IL,Life,3289.81,48,91,1,1,25515.67,1
POL103138,Joseph Williams,39,Male,FL,Home,1876.12,64,118,0,0,0,0
POL103139,Sarah Miller,22,Male,OH,Auto,1044.89,45,14,0,1,9884.77,0
POL103140,Emily Martinez,72,Female,MI,Life,1407.19,46,99,0,1,13590.49,0
POL103141,Karen Jones,19,Female,GA,Home,652.41,23,33,0,0,0,0
POL103142,Michael Davis,44,Male,NY,Home,1904.9,36,52,1,1,18546.54,0
POL103143,Robert Rodriguez,38,Female,MI,Home,3059.38,92,1,0,0,0,0
POL103144,Jane Miller,71,Male,FL,Auto,3300.74,40,34,1,0,0,1
POL103145,Sarah Rodriguez,55,Male,CA,Life,3297.81,82,19,1,1,22484.32,0
POL103146,John Lopez,32,Male,GA,Auto,875.69,90,24,1,0,0,0
POL103147,Emily Martinez,38,Male,NY,Life,1646.16,92,106,1,0,0,0
POL103148,William Williams,27,Female,OH,Auto,584.69,53,4,1,1,2789,0
POL103149,Joseph Rodriguez,40,Male,MI,Auto,3065.5,77,36,1,0,0,1
POL103150,Michael Davis,75,Male,PA,Life,1576.27,57,77,1,1,4148.43,0
POL103151,Michael Williams,73,Male,PA,Home,2393.35,66,58,0,0,0,0
POL103152,Lisa Martinez,56,Male,OH,Auto,2644.7,84,32,1,0,0,0
POL103153,William Williams,22,Female,NY,Auto,1789.53,31,9,0,0,0,1
POL103154,Karen Wilson,18,Male,GA,Auto,1419.33,13,103,0,0,0,1
POL103155,Jessica Garcia,30,Male,OH,Auto,3386.64,90,80,1,0,0,1
POL103156,John Brown,38,Female,GA,Life,3393.46,81,114,0,0,0,1
POL103157,Joseph Davis,43,Female,OH,Auto,1368.31,55,67,0,0,0,1
POL103158,Emily Johnson,67,Male,CA,Life,1938.88,68,116,0,1,9262.34,0
POL103159,David Garcia,62,Male,OH,Home,3418.53,43,20,0,0,0,1
POL103160,Emily Smith,38,Male,IL,Life,514.61,20,74,0,0,0,0
POL103161,William Brown,70,Female,PA,Auto,1738.03,40,62,0,0,0,0
POL103162,Robert Garcia,35,Male,FL,Life,801.37,20,58,1,0,0,1
POL103163,James Davis,54,Male,IL,Auto,2027.47,65,22,0,0,0,0
POL103164,Jessica Smith,62,Female,PA,Auto,574.01,47,112,0,0,0,1
POL103165,John Lopez,49,Female,IL,Life,1720.7,30,67,0,0,0,0
POL103166,Sarah Johnson,53,Male,GA,Auto,1162.1,19,75,0,0,0,1
POL103167,Karen Rodriguez,34,Female,TX,Auto,2099.93,35,89,0,0,0,1
POL103168,William Jones,52,Male,TX,Home,3487.98,17,106,0,1,33188.55,1
POL103169,Nancy Wilson,66,Male,FL,Auto,2901.61,17,48,1,1,26298.09,1
POL103170,David Martinez,28,Male,MI,Home,3036.93,69,8,1,0,0,1
POL103171,Robert Martinez,38,Male,NC,Home,2405.79,81,73,1,0,0,0
POL103172,Michael Miller,69,Male,MI,Home,624.68,43,15,1,0,0,0
POL103173,William Miller,72,Female,NC,Home,1120.39,25,32,0,1,6667.56,0
POL103174,Sarah Martinez,70,Male,FL,Life,3275.19,22,53,1,0,0,1
POL103175,William Johnson,43,Male,NY,Auto,1598.34,96,67,1,1,9693.23,0
POL103176,Robert Jones,21,Male,OH,Life,810.91,85,4,1,0,0,1
POL103177,James Brown,51,Female,PA,Auto,2607.22,31,30,0,0,0,1
POL103178,Robert Miller,69,Female,NY,Life,1398.37,36,13,1,1,5769.43,0
POL103179,Sarah Garcia,65,Male,FL,Life,1306.57,73,108,0,0,0,0
POL103180,Jessica Davis,35,Male,CA,Life,3493.93,11,21,0,0,0,0
POL103181,Lisa Smith,57,Male,TX,Auto,3074.42,35,41,1,0,0,0
POL103182,Robert Williams,52,Female,CA,Auto,1723.81,92,110,0,0,0,0
POL103183,Jessica Williams,58,Female,MI,Home,3440.78,78,19,1,1,18453.99,1
POL103184,Emily Johnson,46,Male,NC,Home,2450.34,93,103,1,0,0,0
POL103185,Robert Lopez,69,Female,NY,Life,2726.07,39,48,0,1,20644.02,0
POL103186,David Brown,46,Male,IL,Life,594.54,17,86,0,0,0,1
POL103187,Michael Williams,55,Female,CA,Life,864.82,47,63,1,0,0,0
POL103188,Michael Garcia,59,Male,NC,Auto,2399.26,70,20,1,0,0,0
POL103189,Lisa Wilson,38,Female,IL,Life,3197.07,90,64,1,1,15731.7,1
POL103190,Nancy Johnson,59,Male,GA,Auto,2371.23,74,37,1,0,0,0
POL103191,William Brown,30,Female,TX,Life,902.07,76,31,0,1,2794.49,1
POL103192,James Garcia,66,Male,IL,Auto,847.28,55,74,0,0,0,1
POL103193,Karen Johnson,58,Male,TX,Life,3032.56,99,18,0,0,0,1
POL103194,Jessica Lopez,34,Female,OH,Life,917.91,81,107,0,0,0,1
POL103195,Jessica Davis,73,Female,IL,Life,2060.7,52,103,0,1,12564.72,0
POL103196,Emily Martinez,26,Female,TX,Auto,611.34,68,110,0,1,2087.95,1
POL103197,Michael Lopez,58,Female,FL,Auto,742.01,55,20,1,1,7257.93,1
POL103198,Nancy Miller,18,Male,OH,Auto,2517.04,81,82,1,0,0,1
POL103199,John Brown,19,Male,IL,Life,2567.54,44,11,1,0,0,0
POL103200,John Williams,65,Female,TX,Auto,1524.41,48,86,1,1,7344.44,0
POL103201,Lisa Martinez,46,Male,NC,Auto,1146.83,60,44,0,0,0,1
POL103202,Michael Williams,50,Male,CA,Home,2941.13,13,82,0,0,0,1
POL103203,William Rodriguez,27,Male,FL,Life,1151.31,89,64,0,1,21258.14,1
POL103204,John Martinez,67,Male,CA,Life,2126.08,86,34,1,0,0,0
POL103205,Michael Smith,75,Female,MI,Auto,3404.63,93,87,0,0,0,1
POL103206,Michael Jones,57,Female,NY,Auto,943.56,60,65,0,0,0,0
POL103207,Michael Rodriguez,38,Female,MI,Auto,3322.63,14,55,0,0,0,1
POL103208,James Martinez,45,Male,TX,Auto,1048.68,64,74,1,1,3583.56,1
POL103209,Lisa Lopez,28,Male,IL,Life,2202.33,29,117,0,1,6845.45,1
POL103210,John Wilson,72,Female,NC,Home,1631.02,33,1,0,1,10999.04,0
POL103211,Karen Lopez,51,Male,GA,Home,3394.79,45,38,1,0,0,1
POL103212,Nancy Jones,25,Male,OH,Home,1320.63,43,103,0,0,0,1
POL103213,Jane Brown,39,Male,TX,Auto,1698.97,63,113,0,1,13803.66,0
POL103214,Jessica Martinez,25,Male,FL,Life,3448.58,43,9,1,0,0,1
POL103215,Jessica Davis,66,Male,NY,Auto,2109.41,92,95,1,0,0,0
POL103216,Michael Brown,32,Male,FL,Auto,2007.89,26,71,0,0,0,0
POL103217,Nancy Miller,34,Female,MI,Home,1273.34,14,17,1,0,0,0
POL103218,Lisa Williams,40,Male,CA,Life,2604.09,98,99,1,1,16451.34,1
POL103219,Joseph Martinez,41,Male,CA,Auto,543.12,27,112,0,0,0,0
POL103220,Nancy Williams,62,Male,CA,Auto,648.54,64,101,1,0,0,1
POL103221,Lisa Lopez,36,Female,IL,Auto,2298.08,62,52,1,0,0,1
POL103222,Robert Jones,22,Male,TX,Life,1525.02,59,18,1,1,5266.3,1
POL103223,Michael Wilson,49,Male,NC,Auto,3359.95,81,63,0,0,0,1
POL103224,William Garcia,61,Male,CA,Home,3209.57,88,33,1,0,0,0
POL103225,Jessica Martinez,18,Male,GA,Home,2641.12,54,4,0,0,0,1
POL103226,Lisa Johnson,40,Female,NC,Auto,2954.44,22,87,0,0,0,1
POL103227,Emily Miller,54,Female,PA,Home,2502,25,75,0,0,0,1
POL103228,James Williams,25,Female,TX,Home,876.75,95,52,1,1,1597.53,1
POL103229,Jane Smith,30,Male,TX,Home,2796.63,93,9,1,0,0,1
POL103230,Emily Rodriguez,25,Male,NC,Auto,1130.58,22,64,0,0,0,1
POL103231,Nancy Rodriguez,74,Female,TX,Auto,1470.33,29,30,1,0,0,0
POL103232,William Miller,40,Female,FL,Life,2957.7,75,8,0,0,0,1
POL103233,Nancy Williams,60,Female,NY,Auto,2109.58,56,104,1,0,0,0
POL103234,Lisa Johnson,18,Female,PA,Home,3079.82,28,5,1,1,20805.59,1
POL103235,Michael Davis,62,Female,TX,Life,1139.11,54,76,1,0,0,0
POL103236,Lisa Martinez,68,Female,IL,Life,2323.34,46,63,1,0,0,0
POL103237,John Rodriguez,41,Male,NC,Auto,751.37,63,1,1,0,0,0
POL103238,Robert Johnson,52,Female,NY,Home,2429.18,15,15,0,1,6349.43,1
POL103239,Jane Davis,41,Male,NC,Home,2787.6,23,89,0,0,0,1
POL103240,William Williams,34,Male,NC,Home,2254.79,13,82,0,0,0,0
POL103241,Lisa Rodriguez,22,Female,NY,Home,1298.69,95,38,0,0,0,1
POL103242,Nancy Smith,37,Female,OH,Home,594.03,64,42,0,0,0,0
POL103243,Joseph Lopez,38,Male,TX,Life,858.35,43,46,1,0,0,0
POL103244,William Miller,57,Female,TX,Auto,2366.91,36,53,1,1,10454.64,1
POL103245,Robert Miller,75,Male,NY,Life,3303.26,16,26,1,1,23929.38,1
POL103246,Sarah Smith,48,Male,GA,Life,1119.6,12,61,0,1,2612.25,0
POL103247,Karen Rodriguez,63,Female,TX,Auto,2705.08,56,104,1,0,0,1
POL103248,James Brown,53,Female,TX,Auto,3099.35,11,67,1,0,0,1
POL103249,Joseph Davis,28,Female,FL,Auto,2062.65,89,54,1,0,0,1
POL103250,Joseph Miller,69,Female,MI,Life,2507.8,34,22,1,1,6474.23,1
POL103251,Sarah Martinez,32,Female,PA,Auto,2945.05,69,26,1,0,0,1
POL103252,Joseph Wilson,36,Female,MI,Life,1282.03,88,83,1,1,2595.04,0
POL103253,Joseph Wilson,24,Male,IL,Auto,1390.69,33,108,0,0,0,1
POL103254,Lisa Johnson,68,Female,GA,Life,501.88,24,108,0,0,0,1
POL103255,James Williams,45,Female,FL,Auto,3389.28,23,111,0,0,0,0
POL103256,David Davis,68,Male,GA,Home,3252.63,63,60,1,0,0,0
POL103257,Joseph Brown,60,Female,TX,Life,2793.7,87,39,0,1,55687.79,0
POL103258,Nancy Johnson,75,Female,CA,Life,737.23,15,36,0,0,0,0
POL103259,David Martinez,22,Male,FL,Life,1842.51,87,21,1,0,0,0
POL103260,Robert Miller,22,Female,TX,Auto,805.68,90,41,1,0,0,1
POL103261,David Brown,47,Male,MI,Home,547.76,27,118,0,0,0,1
POL103262,John Wilson,71,Male,NY,Home,2348.55,29,48,0,0,0,0
POL103263,Karen Smith,49,Female,CA,Home,3382.49,71,26,1,0,0,1
POL103264,Lisa Rodriguez,25,Female,OH,Life,3208.6,90,63,1,0,0,1
POL103265,Jane Rodriguez,27,Female,TX,Auto,2590.26,89,77,1,0,0,1
POL103266,John Miller,55,Female,NY,Auto,789.92,49,36,1,0,0,1
POL103267,William Brown,64,Female,IL,Life,1322.49,48,24,1,0,0,1
POL103268,Karen Garcia,49,Male,GA,Life,1460.17,61,105,1,1,6994.44,1
POL103269,James Garcia,65,Male,NC,Life,2789.45,41,90,1,0,0,1
POL103270,Jane Williams,45,Male,GA,Auto,2906.75,82,21,1,0,0,0
POL103271,James Lopez,34,Female,OH,Auto,1655.32,36,18,1,0,0,1
POL103272,Lisa Jones,48,Female,NC,Auto,1753.65,61,15,0,0,0,1
POL103273,David Rodriguez,25,Male,NC,Home,633.53,72,79,1,1,5828.01,0
POL103274,James Martinez,57,Female,OH,Auto,1367.41,83,6,0,0,0,1
POL103275,Sarah Martinez,42,Male,NC,Life,1853.86,72,43,1,1,7407.06,1
POL103276,David Lopez,26,Male,GA,Life,850.95,26,31,1,0,0,0
POL103277,James Brown,19,Male,NC,Home,1859.8,58,28,0,0,0,1
POL103278,James Rodriguez,32,Female,PA,Auto,3059.53,90,8,1,1,24177.08,1
POL103279,Joseph Rodriguez,67,Female,MI,Life,2243.96,91,29,1,0,0,1
POL103280,Jessica Williams,20,Male,MI,Home,736.79,32,21,0,0,0,1
POL103281,Sarah Rodriguez,66,Female,OH,Home,1075.01,81,81,0,0,0,1
POL103282,Robert Davis,53,Male,IL,Auto,1923.63,22,113,0,0,0,1
POL103283,David Jones,21,Male,NC,Auto,1584.46,32,88,0,0,0,1
POL103284,Lisa Garcia,31,Female,OH,Life,1576.18,66,58,1,0,0,1
POL103285,Joseph Wilson,58,Male,TX,Auto,2087.8,71,60,0,1,7019.32,1
POL103286,James Wilson,58,Female,NC,Auto,2253.19,63,50,0,0,0,0
POL103287,Michael Lopez,42,Male,GA,Auto,2890.58,29,100,0,0,0,1
POL103288,Jane Wilson,75,Female,TX,Home,1522.9,95,31,1,0,0,1
POL103289,Emily Davis,72,Female,NY,Home,2916.4,61,47,1,0,0,1
POL103290,Joseph Wilson,67,Male,FL,Auto,1515.83,32,34,0,0,0,0
POL103291,Michael Johnson,27,Male,CA,Life,666.3,44,2,1,1,3821.74,1
POL103292,Emily Rodriguez,38,Female,MI,Auto,2162.56,76,106,0,0,0,0
POL103293,James Garcia,53,Female,PA,Home,2263.71,43,67,1,0,0,1
POL103294,Joseph Rodriguez,29,Male,IL,Home,3303.62,42,94,0,0,0,1
POL103295,Lisa Wilson,44,Male,CA,Life,2678.18,55,72,0,0,0,1
POL103296,William Wilson,57,Male,MI,Home,3253.32,90,52,0,0,0,0
POL103297,John Williams,19,Female,OH,Home,3225.04,54,7,0,0,0,1
POL103298,James Lopez,71,Male,OH,Home,2313.72,28,76,0,0,0,0
POL103299,John Johnson,30,Female,OH,Home,2083.29,96,19,0,1,17727.2,0
POL103300,Nancy Williams,70,Female,IL,Auto,2172.32,24,90,1,1,18331.87,1
POL103301,Jessica Martinez,49,Female,PA,Home,3434.99,87,92,1,1,56686.86,1
POL103302,James Johnson,48,Female,NY,Auto,2819.5,75,15,0,0,0,1
POL103303,Jane Jones,33,Male,PA,Life,818.8,48,78,0,1,6961.23,1
POL103304,Emily Garcia,49,Male,GA,Home,2835.29,27,48,1,0,0,1
POL103305,Jane Martinez,49,Male,FL,Auto,1011.61,79,14,1,1,3335.8,1
POL103306,John Wilson,51,Female,NY,Auto,1842.05,68,3,1,0,0,0
POL103307,James Miller,28,Female,FL,Life,1131.38,41,50,0,1,6334.41,1
POL103308,Lisa Lopez,27,Male,OH,Life,2568.75,30,93,0,1,14439.99,1
POL103309,Robert Jones,32,Female,TX,Home,3131.93,49,54,0,0,0,0
POL103310,Karen Martinez,34,Female,GA,Home,1371.09,36,6,1,0,0,0
POL103311,John Williams,57,Male,MI,Home,746.03,11,49,0,0,0,0
POL103312,William Davis,35,Male,TX,Auto,1395.48,89,23,0,1,25311.97,1
POL103313,Jessica Smith,72,Female,IL,Home,2517.09,48,92,0,1,10127.71,0
POL103314,Emily Lopez,26,Male,OH,Life,1486.28,95,78,1,1,27994.72,1
POL103315,Joseph Rodriguez,42,Female,FL,Home,1334.34,65,78,0,1,7114.39,0
POL103316,David Brown,57,Female,TX,Home,1053.31,22,20,0,0,0,1
POL103317,John Martinez,31,Male,NY,Home,1992.55,65,77,1,0,0,1
POL103318,Robert Rodriguez,75,Male,FL,Life,1327.85,75,91,1,0,0,1
POL103319,Karen Brown,42,Female,GA,Auto,2693.03,87,60,0,0,0,0
POL103320,Lisa Williams,67,Male,IL,Home,729.87,65,99,0,1,5250.09,0
POL103321,William Smith,39,Male,GA,Home,2492.1,37,45,0,0,0,1
POL103322,Sarah Brown,69,Female,OH,Home,1212.68,73,61,0,0,0,0
POL103323,William Smith,47,Female,GA,Auto,1967.84,80,56,0,0,0,1
POL103324,Michael Johnson,37,Male,GA,Life,1358.27,91,2,1,1,5141.74,0
POL103325,David Miller,38,Female,PA,Home,2668.31,73,105,0,0,0,0
POL103326,Sarah Lopez,61,Male,FL,Life,3335.92,65,45,1,0,0,0
POL103327,James Miller,49,Male,GA,Auto,3251.23,50,40,1,1,16215.62,0
POL103328,Lisa Brown,68,Female,TX,Life,2250.28,50,112,0,0,0,1
POL103329,Robert Smith,63,Male,OH,Auto,1887.83,13,24,1,0,0,0
POL103330,Karen Wilson,66,Male,NY,Life,2954.9,66,29,0,0,0,0
POL103331,Jane Johnson,73,Female,FL,Home,2549.98,39,67,1,0,0,0
POL103332,Robert Jones,38,Male,TX,Home,1050.69,97,109,1,0,0,0
POL103333,Karen Rodriguez,52,Female,CA,Auto,2962.76,93,68,0,0,0,0
POL103334,Lisa Garcia,75,Female,IL,Home,1786.65,55,114,0,0,0,0
POL103335,Sarah Jones,49,Female,PA,Life,1066.96,65,66,0,0,0,0
POL103336,Emily Martinez,47,Female,NY,Life,1345.39,40,84,0,1,10135.24,1
POL103337,Emily Davis,72,Female,PA,Home,1302.58,97,54,1,0,0,0
POL103338,James Martinez,56,Female,GA,Auto,2057.62,16,53,0,1,12054.26,0
POL103339,John Jones,66,Male,OH,Home,1203.11,99,79,0,0,0,0
POL103340,Michael Miller,29,Female,OH,Auto,870.7,86,49,1,0,0,1
POL103341,Robert Johnson,58,Female,CA,Auto,871.07,63,32,1,0,0,0
POL103342,Robert Johnson,64,Male,MI,Auto,2249.83,17,61,0,0,0,0
POL103343,Robert Jones,35,Female,IL,Home,2704.28,64,42,0,0,0,0
POL103344,Sarah Johnson,38,Female,PA,Auto,1464.6,78,1,1,0,0,0
POL103345,Joseph Rodriguez,30,Female,NC,Home,603.95,53,63,0,1,5683.78,1
POL103346,David Rodriguez,38,Female,NC,Auto,881.67,22,102,1,1,6846.66,1
POL103347,Nancy Martinez,25,Male,GA,Auto,3244.08,29,35,1,0,0,1
POL103348,David Wilson,63,Female,NY,Home,1980.63,87,51,1,1,12472.87,1
POL103349,Jessica Miller,57,Male,GA,Auto,1860.72,41,71,0,0,0,1
POL103350,Lisa Davis,63,Male,CA,Home,614.15,69,45,1,0,0,0
POL103351,Joseph Brown,24,Male,PA,Auto,2685.91,59,77,1,0,0,0
POL103352,Joseph Garcia,40,Male,PA,Home,2084.2,36,113,0,0,0,1
POL103353,Joseph Davis,61,Male,FL,Life,1106.24,34,65,0,1,9996.75,1
POL103354,William Davis,49,Male,IL,Auto,830.22,61,14,1,0,0,0
POL103355,Lisa Smith,28,Male,NC,Life,1650.16,77,93,0,0,0,1
POL103356,Jessica Johnson,39,Female,TX,Home,3011.49,30,3,0,0,0,1
POL103357,David Johnson,39,Female,NY,Life,3095.88,27,110,1,0,0,1
POL103358,James Lopez,60,Male,CA,Life,2308.54,48,24,0,0,0,0
POL103359,Joseph Brown,42,Male,TX,Life,2682.61,24,65,0,0,0,0
POL103360,William Wilson,39,Male,NC,Home,845.47,62,48,0,0,0,0
POL103361,Emily Garcia,45,Male,IL,Home,2264.38,47,10,0,0,0,0
POL103362,James Garcia,46,Female,NY,Life,2500.9,57,13,0,1,17899.51,0
POL103363,Robert Rodriguez,30,Male,NY,Auto,1102.14,61,100,1,0,0,1
POL103364,John Wilson,35,Male,NC,Auto,3140.46,97,73,1,0,0,1
POL103365,Nancy Jones,19,Female,FL,Life,1084.99,81,14,1,0,0,1
POL103366,Emily Jones,46,Male,NC,Life,1440.43,37,100,1,1,10086.21,1
POL103367,Jane Miller,38,Male,PA,Life,2361.67,94,10,1,0,0,1
POL103368,William Wilson,32,Male,NY,Life,2415.05,25,40,0,0,0,0
POL103369,Nancy Garcia,69,Female,GA,Auto,2598.15,25,23,0,0,0,1
POL103370,Jane Rodriguez,44,Male,OH,Life,836.04,44,99,0,0,0,1
POL103371,Michael Davis,67,Female,PA,Life,3048.39,26,55,0,0,0,0
POL103372,Sarah Garcia,48,Female,MI,Home,2098.54,82,63,0,0,0,1
POL103373,Emily Martinez,32,Female,GA,Life,1913.97,61,71,1,0,0,1
POL103374,David Williams,68,Female,PA,Life,3443.29,91,42,1,1,24751.45,1
POL103375,Karen Lopez,40,Male,MI,Life,2721.13,21,99,0,0,0,0
POL103376,Emily Davis,41,Male,PA,Auto,854.02,92,66,0,0,0,0
POL103377,Karen Brown,61,Female,IL,Life,2769.62,57,79,1,0,0,0
POL103378,Emily Wilson,30,Male,PA,Life,785.75,31,73,0,1,3815.83,1
POL103379,Emily Jones,39,Male,NY,Home,582.41,58,47,1,0,0,1
POL103380,Emily Brown,60,Female,NC,Auto,1710.88,61,81,0,1,12503.25,0
POL103381,Emily Brown,54,Male,MI,Life,3480.73,88,103,0,0,0,1
POL103382,Nancy Martinez,50,Female,CA,Auto,1024.65,10,52,0,0,0,1
POL103383,Sarah Williams,73,Female,GA,Life,2517.93,75,18,1,1,22863.38,1
POL103384,Joseph Johnson,20,Male,GA,Home,1020.19,73,79,1,0,0,1
POL103385,Jane Johnson,71,Male,OH,Life,2674.36,17,18,0,0,0,0
POL103386,William Lopez,36,Female,NC,Auto,2016.06,95,24,0,0,0,1
POL103387,Jessica Martinez,40,Female,NY,Life,2539.92,34,23,1,0,0,1
POL103388,John Rodriguez,46,Female,NC,Life,1108.62,75,12,1,1,4636.42,0
POL103389,John Davis,47,Female,MI,Life,2736.88,82,23,1,0,0,1
POL103390,Sarah Martinez,56,Female,NC,Life,3486.86,82,21,0,0,0,0
POL103391,Sarah Davis,61,Male,CA,Home,2496.95,86,64,1,0,0,0
POL103392,Lisa Jones,64,Male,TX,Home,1980.44,79,90,1,1,6598.09,0
POL103393,Jessica Williams,42,Female,OH,Auto,3269.52,88,72,1,0,0,1
POL103394,Joseph Rodriguez,54,Female,PA,Auto,547.56,60,94,0,0,0,1
POL103395,David Miller,64,Male,GA,Life,2689.77,62,34,1,0,0,1
POL103396,Emily Martinez,25,Female,IL,Home,3166.24,24,2,0,0,0,1
POL103397,Michael Smith,59,Male,TX,Auto,685.02,59,69,0,0,0,0
POL103398,Robert Miller,75,Male,TX,Auto,1850.19,80,31,1,0,0,0
POL103399,Jessica Rodriguez,33,Male,FL,Life,1114.16,84,97,1,0,0,1
POL103400,John Rodriguez,25,Male,CA,Home,2199.55,47,118,0,1,14399.17,1
POL103401,Sarah Miller,18,Female,MI,Home,2448.63,49,68,0,0,0,1
POL103402,Nancy Lopez,61,Male,OH,Auto,1407.87,75,70,0,0,0,1
POL103403,Joseph Williams,22,Male,IL,Home,1879.95,48,87,1,0,0,1
POL103404,Jessica Johnson,20,Male,OH,Life,1338.02,83,109,0,0,0,1
POL103405,Karen Rodriguez,18,Male,FL,Auto,1608.17,26,19,1,1,3330.8,1
POL103406,Jessica Garcia,21,Female,NY,Home,978.62,16,107,0,0,0,0
POL103407,Karen Smith,57,Female,NY,Life,3156.68,48,109,0,1,23907.45,1
POL103408,John Lopez,52,Male,IL,Auto,530.03,77,72,0,1,3962.86,0
POL103409,Emily Miller,49,Female,NY,Auto,3147.23,44,103,0,0,0,0
POL103410,Lisa Johnson,59,Male,TX,Auto,2215.04,60,13,1,0,0,0
POL103411,Sarah Garcia,51,Female,FL,Home,1494.97,56,65,1,0,0,0
POL103412,Lisa Jones,60,Male,OH,Auto,2669.17,45,6,1,0,0,1
POL103413,Michael Rodriguez,42,Female,MI,Auto,2023.26,73,71,0,0,0,1
POL103414,David Brown,27,Female,FL,Life,1997.33,98,112,0,1,9022.36,0
POL103415,David Davis,38,Female,OH,Auto,830.43,22,27,0,0,0,0
POL103416,Lisa Garcia,63,Male,TX,Auto,1668.55,27,79,1,0,0,0
POL103417,Sarah Williams,56,Male,OH,Auto,1223.19,30,52,0,0,0,1
POL103418,Jessica Miller,44,Male,NC,Life,547.09,74,98,1,1,4971.82,0
POL103419,Emily Miller,44,Male,MI,Home,1580.3,17,87,0,1,9116.02,1
POL103420,Karen Garcia,19,Female,IL,Life,769.47,57,48,1,0,0,1
POL103421,Sarah Miller,58,Female,FL,Life,1270.49,94,113,0,0,0,1
POL103422,David Davis,65,Female,NY,Home,777.55,52,88,0,0,0,0
POL103423,Michael Martinez,30,Male,CA,Home,802.82,62,79,1,0,0,0
POL103424,Michael Martinez,26,Female,TX,Auto,1097.03,94,99,1,1,7667.14,0
POL103425,William Brown,69,Male,NY,Home,3499.55,36,68,1,0,0,1
POL103426,Nancy Johnson,53,Male,IL,Life,506.55,28,44,0,0,0,1
POL103427,Karen Jones,39,Female,GA,Home,2416.02,32,101,0,0,0,0
POL103428,Joseph Brown,59,Female,CA,Home,923.73,59,17,1,0,0,1
POL103429,Robert Miller,43,Male,FL,Home,3261.88,60,95,0,1,10703.59,1
POL103430,Nancy Miller,75,Female,GA,Life,780.9,52,38,0,1,3941.51,0
POL103431,Emily Williams,71,Male,TX,Home,3365.19,60,10,0,0,0,0
POL103432,Joseph Wilson,29,Male,GA,Life,2332.78,78,54,1,1,20599.73,0
POL103433,Michael Davis,34,Female,CA,Life,503.8,50,114,0,0,0,1
POL103434,Joseph Smith,31,Male,CA,Life,3182.02,81,91,0,0,0,0
POL103435,Michael Miller,31,Male,GA,Home,2065.14,20,106,0,0,0,1
POL103436,Jessica Williams,74,Male,PA,Home,1288.01,89,6,1,0,0,0
POL103437,Nancy Lopez,51,Male,MI,Home,2801.84,97,6,1,0,0,0
POL103438,Robert Rodriguez,70,Female,PA,Home,3280,94,52,0,0,0,0
POL103439,Karen Garcia,74,Male,GA,Home,1951.07,61,15,1,0,0,0
POL103440,Joseph Davis,37,Female,IL,Life,1446.66,32,68,0,0,0,0
POL103441,David Jones,28,Male,MI,Life,2866.84,58,57,1,0,0,0
POL103442,Robert Martinez,33,Female,NC,Life,2545.36,47,112,0,0,0,0
POL103443,John Miller,68,Female,NC,Home,3166.26,56,118,1,1,10480.28,0
POL103444,Jane Wilson,48,Female,PA,Life,2577.54,81,56,0,0,0,0
POL103445,Michael Smith,72,Female,PA,Life,1230.59,16,104,0,0,0,0
POL103446,Emily Jones,23,Male,NC,Home,3294.98,75,7,1,0,0,1
POL103447,Jessica Lopez,73,Male,TX,Auto,814.51,86,51,1,0,0,0
POL103448,Jane Davis,36,Female,MI,Home,1303.83,71,58,0,0,0,1
POL103449,Karen Garcia,54,Female,NC,Auto,2060.58,96,113,1,0,0,0
POL103450,David Garcia,75,Male,IL,Home,2197.23,38,117,0,1,10590.39,0
POL103451,Sarah Rodriguez,21,Male,MI,Home,545.93,47,64,0,0,0,1
POL103452,Robert Jones,64,Female,FL,Life,2841.72,93,109,0,1,11945.6,0
POL103453,Sarah Smith,21,Female,FL,Home,1584.82,42,111,0,0,0,1
POL103454,James Johnson,37,Female,NY,Home,1719.26,38,26,0,0,0,1
POL103455,Sarah Lopez,27,Male,OH,Home,2928.11,88,58,0,1,8153.14,1
POL103456,Lisa Brown,41,Female,GA,Home,1637.85,32,31,0,0,0,1
POL103457,Lisa Martinez,71,Female,IL,Life,641.67,12,66,1,0,0,0
POL103458,William Lopez,52,Female,PA,Life,1029.32,54,92,0,1,4078.79,0
POL103459,Robert Williams,43,Male,NC,Life,3367.71,17,106,0,1,11714.8,1
POL103460,Joseph Jones,54,Male,IL,Home,711.22,95,13,1,0,0,1
POL103461,Sarah Garcia,55,Female,GA,Auto,1564.79,38,18,0,1,14631.64,1
POL103462,William Rodriguez,38,Female,OH,Home,2009.54,11,94,0,0,0,1
POL103463,Jessica Wilson,71,Male,NY,Auto,1979.84,59,119,0,0,0,0
POL103464,Jessica Johnson,57,Female,MI,Home,511.88,74,75,0,0,0,0
POL103465,James Martinez,56,Male,IL,Auto,2003.49,29,13,0,0,0,0
POL103466,David Davis,38,Female,IL,Auto,1651.32,61,115,0,0,0,0
POL103467,William Williams,27,Male,CA,Auto,3416.24,94,24,1,1,26643.84,1
POL103468,Nancy Williams,55,Female,TX,Home,977.48,46,57,0,1,4092.58,0
POL103469,William Garcia,63,Female,NC,Home,1562.46,81,29,1,0,0,0
POL103470,James Lopez,21,Female,FL,Home,1758.44,36,56,0,0,0,0
POL103471,Lisa Martinez,74,Male,FL,Auto,1672.08,56,54,1,1,13357.21,0
POL103472,James Johnson,62,Male,FL,Life,2497.49,15,5,1,0,0,0
POL103473,Jane Williams,37,Male,GA,Life,1146.54,69,35,1,0,0,1
POL103474,Sarah Brown,34,Male,TX,Auto,1163.21,54,19,1,0,0,0
POL103475,Sarah Garcia,72,Male,CA,Life,2687.63,53,55,1,0,0,0
POL103476,William Jones,24,Male,NC,Home,2000.87,92,77,1,0,0,0
POL103477,Karen Jones,21,Male,NC,Life,1745.47,27,69,1,0,0,1
POL103478,Lisa Lopez,46,Male,PA,Home,1007.61,74,44,1,1,1701.04,0
POL103479,James Jones,31,Female,OH,Life,1062.58,34,78,0,0,0,0
POL103480,Jessica Garcia,20,Male,OH,Auto,531.65,36,38,1,0,0,1
POL103481,Karen Martinez,41,Male,OH,Home,774.28,16,62,1,0,0,0
POL103482,Robert Davis,54,Male,MI,Auto,2170.52,53,22,0,0,0,0
POL103483,James Williams,33,Female,PA,Home,3175.62,38,73,0,0,0,1
POL103484,Michael Smith,75,Male,IL,Life,1361.49,53,113,1,1,8135.53,1
POL103485,Michael Wilson,72,Female,CA,Auto,1483.24,45,40,0,0,0,0
POL103486,Emily Lopez,69,Female,FL,Home,846.82,28,26,0,0,0,0
POL103487,David Wilson,21,Female,TX,Home,1665.89,15,109,0,0,0,0
POL103488,Karen Wilson,73,Male,MI,Life,611.67,34,5,0,0,0,0
POL103489,Jane Brown,41,Male,GA,Home,3252.8,40,93,1,1,11800.65,1
POL103490,Michael Miller,51,Female,CA,Home,2519.33,18,54,0,1,6227.12,0
POL103491,Jane Johnson,47,Female,PA,Home,3472.25,93,86,0,1,62583.47,1
POL103492,Jane Davis,35,Male,NY,Home,3148.47,83,49,1,1,10057.46,1
POL103493,Robert Smith,36,Male,OH,Auto,1918.97,46,3,0,0,0,1
POL103494,John Miller,48,Male,OH,Auto,2059.06,36,92,0,1,17482.09,0
POL103495,Robert Johnson,36,Female,OH,Auto,1071.73,22,38,0,0,0,1
POL103496,Jane Jones,66,Female,TX,Auto,1886.12,50,14,1,0,0,1
POL103497,Lisa Williams,63,Female,OH,Home,3209.08,75,47,0,0,0,0
POL103498,Jane Lopez,36,Male,GA,Home,652.56,94,14,1,0,0,1
POL103499,James Jones,39,Male,NY,Auto,3090.67,33,107,1,1,15491.65,1
POL103500,Emily Brown,41,Male,PA,Auto,1522.84,53,75,0,0,0,1
POL103501,Karen Jones,62,Female,PA,Home,3198.54,69,73,1,0,0,0
POL103502,Jessica Lopez,29,Female,CA,Life,3322.64,18,38,0,0,0,1
POL103503,Michael Williams,47,Male,IL,Life,2512.59,11,64,0,0,0,1
POL103504,Robert Williams,75,Male,FL,Auto,2493.27,65,111,0,0,0,1
POL103505,John Smith,55,Female,GA,Home,1858.26,39,44,0,1,3013.12,1
POL103506,William Garcia,70,Male,GA,Auto,3006.62,31,70,0,0,0,0
POL103507,Nancy Garcia,48,Male,OH,Home,3384.84,84,65,1,0,0,1
POL103508,Nancy Davis,53,Male,MI,Auto,2825.25,90,25,1,0,0,1
POL103509,Jessica Rodriguez,36,Female,FL,Home,2365.81,22,16,1,0,0,1
POL103510,David Rodriguez,65,Female,OH,Auto,2320.38,80,116,0,0,0,0
POL103511,Jessica Williams,62,Male,OH,Life,3048.41,25,15,0,0,0,0
POL103512,Karen Rodriguez,53,Male,FL,Home,2123.61,54,98,1,0,0,1
POL103513,Michael Martinez,47,Female,IL,Life,2911.58,74,81,0,0,0,1
POL103514,Lisa Davis,72,Female,FL,Life,2026.66,20,3,0,0,0,1
POL103515,William Wilson,66,Female,MI,Life,687.33,79,67,1,0,0,0
POL103516,William Martinez,72,Male,TX,Auto,1651.84,29,37,0,0,0,0
POL103517,James Rodriguez,50,Male,PA,Auto,1833.32,72,81,0,1,14165.2,1
POL103518,William Lopez,35,Female,TX,Auto,924.85,99,55,0,1,6075.39,0
POL103519,Robert Jones,69,Male,MI,Home,807.49,21,113,0,0,0,0
POL103520,Sarah Davis,66,Male,PA,Auto,2106.39,71,116,1,0,0,0
POL103521,Robert Brown,45,Male,MI,Home,755.43,51,38,0,0,0,1
POL103522,Joseph Johnson,64,Female,OH,Home,1408.84,92,63,0,0,0,0
POL103523,Jessica Jones,28,Female,CA,Home,2733.79,78,1,1,1,12098.28,1
POL103524,Sarah Miller,74,Male,CA,Auto,3393.3,67,71,1,0,0,0
POL103525,David Williams,71,Female,CA,Life,2653.61,14,90,0,0,0,1
POL103526,David Smith,62,Male,CA,Auto,3477.88,36,111,0,0,0,0
POL103527,John Rodriguez,50,Female,NY,Home,2595.01,37,103,0,0,0,1
POL103528,Nancy Williams,34,Male,TX,Life,1381.38,35,19,1,0,0,0
POL103529,Sarah Jones,23,Male,NC,Home,2516.16,58,52,0,0,0,1
POL103530,Jessica Rodriguez,21,Male,OH,Auto,2606.47,30,118,0,0,0,0
POL103531,John Wilson,37,Female,GA,Life,1615.18,10,30,1,0,0,0
POL103532,Jessica Davis,65,Male,CA,Home,553.14,67,107,0,0,0,0
POL103533,David Smith,64,Male,TX,Auto,2609.6,88,55,1,0,0,0
POL103534,Joseph Miller,44,Male,NY,Auto,565.1,64,14,0,0,0,1
POL103535,Joseph Jones,32,Male,NY,Life,2393.56,90,13,1,1,18636.93,1
POL103536,Lisa Brown,23,Male,GA,Auto,990.85,35,84,0,1,2106.92,0
POL103537,Joseph Smith,64,Female,TX,Auto,2196.81,93,90,1,0,0,1
POL103538,Robert Garcia,31,Female,NY,Life,2011.74,34,27,1,0,0,1
POL103539,Emily Miller,28,Female,TX,Life,540.54,86,89,1,1,5136.27,1
POL103540,Robert Miller,56,Female,IL,Life,1588.6,42,9,0,0,0,0
POL103541,James Brown,26,Female,PA,Life,2303.27,98,41,0,0,0,1
POL103542,Michael Wilson,43,Female,PA,Auto,3045.82,81,48,1,1,17357.74,1
POL103543,Karen Lopez,33,Female,MI,Home,3165.93,78,12,1,1,7050.39,0
POL103544,James Miller,22,Female,CA,Life,1951.55,15,10,1,0,0,1
POL103545,Emily Jones,74,Female,NY,Home,2685.27,32,6,1,1,23855.34,0
POL103546,Jane Miller,69,Female,TX,Auto,1449.36,39,114,0,1,5609.14,0
POL103547,William Brown,27,Male,IL,Auto,1526.56,87,34,1,0,0,1
POL103548,Robert Martinez,67,Female,PA,Auto,1083.39,63,52,0,1,3500.02,1
POL103549,Joseph Wilson,20,Female,CA,Auto,2185.84,96,41,1,1,8498.48,1
POL103550,William Jones,30,Female,NY,Home,1443.69,20,83,1,0,0,1
POL103551,David Lopez,60,Female,MI,Life,753.11,40,6,1,1,4743.73,0
POL103552,Karen Rodriguez,66,Male,CA,Life,2555.02,15,2,0,0,0,1
POL103553,Joseph Jones,47,Female,NY,Home,2623.26,20,15,0,0,0,1
POL103554,James Brown,71,Male,MI,Auto,1579.98,86,17,0,0,0,0
POL103555,Nancy Johnson,62,Male,NY,Life,730.17,21,16,1,0,0,0
POL103556,Michael Williams,23,Female,FL,Home,1778.89,75,28,1,0,0,1
POL103557,David Johnson,34,Male,TX,Home,1827.01,62,85,0,1,3890.58,0
POL103558,William Davis,62,Male,OH,Auto,2506.01,45,72,1,0,0,1
POL103559,Lisa Davis,68,Female,GA,Auto,1446.25,26,10,1,1,8091.67,0
POL103560,David Wilson,70,Female,CA,Home,2547.8,37,10,0,0,0,0
POL103561,Lisa Davis,36,Male,IL,Life,3114.47,31,114,0,0,0,1
POL103562,Emily Garcia,59,Male,MI,Home,1212.46,16,10,1,0,0,0
POL103563,John Williams,52,Female,IL,Life,3436.76,24,73,1,0,0,0
POL103564,John Rodriguez,63,Female,MI,Auto,1659.1,20,28,1,1,15120.74,0
POL103565,John Williams,43,Male,NC,Home,1301.78,33,24,0,0,0,0
POL103566,Jane Jones,68,Male,CA,Life,1764.53,76,19,0,0,0,0
POL103567,David Williams,22,Male,MI,Home,783.19,39,97,0,1,2427.46,1
POL103568,Karen Davis,46,Female,IL,Home,877.12,79,68,0,0,0,0
POL103569,Karen Smith,54,Male,TX,Home,1743.3,75,56,0,0,0,0
POL103570,Emily Johnson,37,Female,CA,Life,2787.33,70,67,0,1,12027.62,1
POL103571,Michael Smith,66,Female,GA,Life,3200.94,87,42,0,1,15579.09,0
POL103572,Jessica Brown,38,Male,MI,Life,2494.45,50,12,0,0,0,1
POL103573,Sarah Miller,27,Female,IL,Home,815.66,91,18,0,0,0,0
POL103574,David Davis,22,Female,TX,Auto,2516.06,60,23,1,1,16311.31,1
POL103575,Sarah Davis,53,Female,NC,Auto,2406.28,53,84,0,0,0,0
POL103576,Karen Smith,23,Female,CA,Home,2917.29,22,6,1,0,0,1
POL103577,Sarah Johnson,43,Female,GA,Auto,2975.75,99,53,1,0,0,0
POL103578,Nancy Williams,21,Female,MI,Life,3104.61,21,98,0,0,0,0
POL103579,John Jones,56,Female,FL,Auto,1742.39,91,42,0,1,16228.03,0
POL103580,Joseph Miller,56,Male,IL,Life,2593.59,18,66,0,0,0,1
POL103581,Jane Rodriguez,67,Male,NY,Life,1304.75,94,30,1,0,0,1
POL103582,Jessica Williams,52,Female,OH,Auto,3498.01,57,9,0,0,0,0
POL103583,Emily Jones,18,Male,PA,Life,1026,58,91,0,0,0,1
POL103584,Nancy Miller,41,Female,TX,Life,530.34,62,42,1,1,2574.05,0
POL103585,Nancy Smith,74,Female,GA,Home,946.43,65,34,0,1,1975.96,0
POL103586,Jane Wilson,53,Female,GA,Home,2827.62,49,40,0,1,12604.35,1
POL103587,Emily Miller,23,Female,PA,Life,1840.35,33,88,0,0,0,1
POL103588,Joseph Davis,58,Male,NC,Auto,1842.5,81,113,0,0,0,1
POL103589,Emily Wilson,71,Male,IL,Auto,3365.07,42,17,1,1,10484.64,1
POL103590,John Brown,63,Female,IL,Home,3258.9,32,29,0,1,22942.93,1
POL103591,Jessica Wilson,61,Male,OH,Home,1433.58,86,100,1,1,2506.94,1
POL103592,Joseph Johnson,74,Female,OH,Home,1127.17,63,50,0,0,0,0
POL103593,Robert Lopez,48,Male,FL,Auto,3045.45,62,76,1,0,0,1
POL103594,Emily Davis,37,Female,IL,Life,3218.06,58,95,0,0,0,1
POL103595,James Lopez,41,Male,PA,Home,2124.79,87,49,1,1,8459.65,1
POL103596,David Garcia,42,Female,FL,Home,2388.27,87,73,1,1,29299.18,1
POL103597,Michael Lopez,53,Female,FL,Life,1270.74,89,61,1,0,0,0
POL103598,Karen Smith,38,Female,GA,Home,2902.41,58,83,0,0,0,1
POL103599,Karen Rodriguez,47,Male,TX,Home,2396.37,69,46,1,0,0,0
POL103600,Robert Johnson,41,Female,TX,Auto,2010.54,99,46,0,1,7755.34,1
POL103601,David Davis,61,Male,NY,Auto,680.33,99,17,1,0,0,1
POL103602,William Jones,59,Female,CA,Home,3247.8,74,66,0,1,20082.64,1
POL103603,Emily Garcia,47,Male,NY,Auto,2346.35,41,104,0,0,0,1
POL103604,John Lopez,39,Male,MI,Auto,1078.07,88,5,1,0,0,1
POL103605,Emily Johnson,45,Female,CA,Home,2319.16,30,103,0,0,0,1
POL103606,Emily Lopez,24,Male,TX,Auto,2532.39,27,54,1,0,0,0
POL103607,James Garcia,52,Male,CA,Life,2077.31,69,112,0,0,0,1
POL103608,John Williams,72,Female,GA,Auto,2654.31,22,16,0,0,0,1
POL103609,Joseph Jones,45,Female,TX,Life,2244.36,33,81,0,0,0,1
POL103610,Lisa Johnson,31,Male,TX,Life,3343.31,39,118,0,0,0,1
POL103611,James Brown,73,Female,CA,Home,661.09,11,91,0,1,1636.23,1
POL103612,John Smith,27,Female,IL,Auto,818.74,92,7,1,0,0,0
POL103613,Lisa Wilson,33,Male,PA,Home,1021.01,34,116,0,0,0,0
POL103614,Jessica Wilson,33,Male,PA,Life,2570.51,59,8,1,1,24455.44,1
POL103615,Lisa Williams,71,Female,MI,Auto,2436.79,23,72,0,0,0,0
POL103616,Sarah Johnson,48,Male,FL,Auto,3176.18,15,87,0,0,0,0
POL103617,Emily Williams,59,Female,GA,Home,2698.63,85,96,1,0,0,0
POL103618,Jessica Johnson,42,Female,OH,Home,2025.07,93,107,0,1,8045.01,1
POL103619,William Martinez,30,Male,OH,Life,3475.5,96,111,0,1,32480.31,1
POL103620,Sarah Lopez,23,Male,CA,Life,1298.32,39,82,0,0,0,1
POL103621,John Smith,61,Female,NC,Life,2999.57,39,38,1,0,0,1
POL103622,Sarah Lopez,26,Male,MI,Auto,1780.37,47,54,1,0,0,1
POL103623,Michael Wilson,62,Male,IL,Auto,2446.21,67,76,1,0,0,1
POL103624,Robert Johnson,53,Female,FL,Auto,2681.81,50,15,1,0,0,0
POL103625,Michael Davis,73,Male,GA,Auto,2401.26,66,92,0,1,10252.42,0
POL103626,Emily Garcia,60,Female,NY,Home,921.52,45,119,0,0,0,0
POL103627,Robert Lopez,37,Male,PA,Life,1828.85,73,102,0,0,0,1
POL103628,Joseph Garcia,35,Male,TX,Auto,2184.32,25,50,1,0,0,1
POL103629,Joseph Davis,75,Female,OH,Life,3047.13,97,56,0,0,0,0
POL103630,Karen Brown,60,Female,FL,Auto,1830.94,87,95,1,0,0,1
POL103631,John Wilson,74,Male,PA,Auto,3256.24,99,116,1,1,53048.33,0
POL103632,James Garcia,38,Female,CA,Home,1821.12,81,9,1,0,0,1
POL103633,Karen Williams,21,Female,NY,Auto,2146.34,23,8,1,1,7710.93,1
POL103634,David Smith,67,Female,NY,Home,2888.86,40,110,1,1,20779.67,1
POL103635,Jessica Wilson,50,Male,IL,Home,2249.2,75,19,0,0,0,1
POL103636,Jessica Rodriguez,44,Female,OH,Life,3380.65,77,51,1,0,0,0
POL103637,David Rodriguez,24,Female,TX,Auto,2481.01,74,72,1,0,0,0
POL103638,Karen Davis,23,Female,GA,Auto,2068.13,64,98,1,0,0,1
POL103639,Emily Martinez,32,Male,GA,Home,570.78,93,57,0,0,0,1
POL103640,Michael Rodriguez,35,Female,OH,Auto,1741.2,87,68,1,0,0,0
POL103641,Sarah Garcia,49,Female,PA,Life,1397.75,49,31,0,0,0,0
POL103642,Karen Davis,73,Male,GA,Home,2744.32,34,102,0,0,0,1
POL103643,David Martinez,28,Male,TX,Auto,1124.83,34,3,1,1,4782.31,1
POL103644,Nancy Rodriguez,37,Female,PA,Life,1115.66,12,99,0,0,0,1
POL103645,Michael Johnson,41,Male,OH,Life,1068.56,78,83,1,0,0,1
POL103646,Robert Williams,32,Female,PA,Auto,876.85,35,43,1,0,0,1
POL103647,Jessica Jones,65,Male,MI,Auto,1433.02,49,29,0,0,0,0
POL103648,Nancy Jones,24,Female,TX,Home,3157.77,47,10,0,0,0,1
POL103649,Robert Garcia,38,Female,NY,Life,2824.79,47,12,1,1,16462.46,0
POL103650,Jessica Smith,59,Male,TX,Life,2705.75,77,46,0,0,0,1
POL103651,Joseph Lopez,43,Female,IL,Life,2892.01,16,30,0,0,0,1
POL103652,Robert Miller,61,Female,OH,Auto,1308.25,39,94,0,0,0,0
POL103653,Karen Williams,73,Male,CA,Home,3162.33,28,82,0,1,22855.49,0
POL103654,John Martinez,31,Female,GA,Auto,911.91,44,88,0,0,0,0
POL103655,Nancy Garcia,74,Female,PA,Auto,1509.04,42,32,1,1,9817.06,0
POL103656,Joseph Martinez,54,Male,TX,Auto,2260.24,42,73,0,0,0,0
POL103657,Emily Garcia,75,Male,NY,Auto,808.72,87,47,1,0,0,1
POL103658,Karen Johnson,38,Female,TX,Auto,2690.39,47,88,1,0,0,1
POL103659,William Rodriguez,35,Female,FL,Home,1661.74,19,63,1,0,0,1
POL103660,Nancy Miller,22,Female,NC,Life,2853.22,66,26,1,0,0,1
POL103661,Emily Rodriguez,20,Female,MI,Home,1978.69,37,3,1,0,0,1
POL103662,William Davis,40,Female,GA,Home,1042.62,87,23,0,0,0,1
POL103663,Joseph Rodriguez,43,Female,IL,Life,2704.29,47,75,0,0,0,0
POL103664,Michael Martinez,54,Female,FL,Auto,1256.43,25,74,1,0,0,1
POL103665,David Garcia,41,Female,TX,Life,1972.43,30,50,1,1,12620.37,1
POL103666,James Lopez,66,Female,OH,Home,726.6,15,36,1,0,0,1
POL103667,Sarah Johnson,36,Female,NY,Auto,2353.6,50,13,1,1,4844.38,1
POL103668,Jane Rodriguez,68,Male,NY,Life,2497.57,24,29,1,0,0,0
POL103669,William Johnson,42,Male,PA,Auto,1636.02,12,38,1,0,0,1
POL103670,John Williams,38,Female,PA,Life,3363.27,52,117,0,0,0,1
POL103671,Michael Smith,29,Male,MI,Life,3122.51,56,77,1,0,0,1
POL103672,Emily Johnson,74,Male,PA,Auto,2623.82,23,90,0,0,0,1
POL103673,Jessica Brown,58,Female,PA,Life,2640.96,75,84,1,1,9552.76,0
POL103674,Jane Smith,50,Male,NY,Life,1257.21,38,5,0,1,7996.65,0
POL103675,Lisa Lopez,67,Female,CA,Life,2470.45,13,20,1,1,4090.31,1
POL103676,Nancy Miller,70,Male,GA,Home,1094.62,35,78,0,0,0,0
POL103677,William Davis,21,Female,NC,Auto,932.01,21,109,0,1,3383.64,1
POL103678,Robert Martinez,59,Male,FL,Home,3498.4,11,14,0,0,0,0
POL103679,Karen Martinez,74,Female,FL,Auto,2367.13,26,8,0,0,0,0
POL103680,David Smith,24,Male,TX,Life,1792.96,44,48,0,0,0,1
POL103681,Sarah Brown,39,Female,PA,Home,1364.49,19,13,1,0,0,1
POL103682,Lisa Wilson,72,Male,NC,Life,2311.76,95,24,0,0,0,1
POL103683,Jane Smith,50,Female,IL,Home,648.78,52,79,0,0,0,1
POL103684,Emily Lopez,34,Female,NC,Life,784.04,30,115,0,0,0,1
POL103685,Jessica Johnson,41,Male,OH,Life,598.57,24,65,0,0,0,0
POL103686,Jessica Lopez,51,Male,NC,Auto,1997.51,44,86,0,0,0,0
POL103687,John Garcia,45,Male,MI,Auto,2301.82,94,34,0,0,0,1
POL103688,Robert Wilson,75,Female,MI,Auto,687.44,94,114,1,0,0,0
POL103689,James Garcia,60,Male,MI,Auto,2663.67,94,51,0,0,0,0
POL103690,Joseph Wilson,58,Female,FL,Auto,1191.19,69,104,1,0,0,1
POL103691,John Martinez,56,Male,OH,Life,2555.6,53,3,0,0,0,0
POL103692,David Rodriguez,39,Female,NY,Life,3445.69,14,119,0,1,11881,1
POL103693,John Wilson,66,Female,GA,Home,2573.32,82,90,0,0,0,1
POL103694,Jane Jones,34,Female,MI,Auto,3149.58,27,78,0,1,11413.38,0
POL103695,Jane Brown,51,Male,NC,Life,3344.6,30,58,0,1,20243.8,1
POL103696,Robert Johnson,23,Male,IL,Life,1960.25,81,105,1,0,0,1
POL103697,Jane Wilson,63,Male,NC,Auto,2606.97,83,72,1,0,0,0
POL103698,Emily Rodriguez,23,Male,GA,Life,3055.91,60,113,0,1,19700.42,0
POL103699,James Brown,51,Male,NY,Life,1569.83,50,55,0,1,14484.01,0
POL103700,Emily Rodriguez,18,Female,IL,Life,1284.19,33,119,0,0,0,1
POL103701,William Brown,27,Male,PA,Auto,3339.8,33,80,0,0,0,1
POL103702,Lisa Lopez,38,Male,NY,Auto,2678.91,47,42,1,0,0,0
POL103703,Michael Rodriguez,22,Male,OH,Home,1159.05,53,21,0,0,0,1
POL103704,Karen Rodriguez,19,Female,MI,Home,1847.25,66,10,1,0,0,1
POL103705,James Wilson,39,Female,CA,Home,2889.36,68,57,0,0,0,0
POL103706,Jane Lopez,65,Male,GA,Life,2141.19,43,25,0,0,0,0
POL103707,Lisa Garcia,74,Female,OH,Life,2449.86,84,56,0,0,0,0
POL103708,William Davis,19,Male,GA,Auto,2761.3,91,38,1,0,0,1
POL103709,Karen Lopez,27,Male,MI,Home,2366.03,32,86,0,0,0,1
POL103710,James Johnson,51,Male,MI,Auto,2120.24,95,113,1,0,0,0
POL103711,Michael Williams,33,Male,FL,Auto,2748.84,52,61,1,1,13142.93,0
POL103712,Robert Miller,65,Male,PA,Auto,2682.69,91,112,1,0,0,1
POL103713,Robert Garcia,68,Male,MI,Home,2389.62,49,47,0,1,22404.89,0
POL103714,William Williams,56,Male,FL,Home,1579.37,56,54,1,1,11121.31,0
POL103715,Robert Martinez,39,Male,GA,Auto,1717.44,50,46,1,0,0,1
POL103716,Jessica Garcia,29,Male,IL,Life,3411.32,56,68,1,0,0,1
POL103717,Sarah Rodriguez,41,Male,IL,Home,837.16,29,4,1,1,7750.1,0
POL103718,Sarah Garcia,64,Female,NY,Auto,1305.51,86,94,1,1,22414.33,1
POL103719,James Lopez,57,Male,FL,Home,1977.21,74,66,1,0,0,0
POL103720,James Wilson,55,Female,MI,Home,3010.19,77,93,1,1,22108.19,1
POL103721,Sarah Martinez,27,Female,IL,Auto,991.03,33,43,1,1,4486.29,1
POL103722,Emily Martinez,52,Male,OH,Auto,1330.86,45,62,1,0,0,1
POL103723,Robert Brown,68,Male,IL,Life,697.39,54,100,0,1,2475.34,0
POL103724,James Rodriguez,66,Female,NY,Home,2617.96,11,85,1,0,0,0
POL103725,Karen Jones,49,Female,NC,Auto,1214.63,37,85,0,0,0,0
POL103726,Sarah Davis,24,Female,FL,Life,1666.02,35,112,0,0,0,1
POL103727,Jessica Miller,38,Male,NY,Auto,1831.1,32,85,1,0,0,1
POL103728,John Wilson,37,Male,FL,Home,3173.94,88,4,1,0,0,0
POL103729,John Jones,43,Female,GA,Life,1733.99,45,65,1,1,5878.79,0
POL103730,Lisa Smith,21,Female,FL,Home,935.68,15,62,0,0,0,1
POL103731,Robert Williams,63,Male,OH,Auto,2072.94,44,90,0,0,0,0
POL103732,David Smith,69,Female,NY,Life,3388.87,47,115,1,0,0,0
POL103733,David Brown,39,Male,OH,Auto,2323.06,44,2,0,0,0,1
POL103734,Emily Garcia,32,Male,NY,Auto,3450.16,83,9,1,0,0,1
POL103735,John Wilson,73,Male,CA,Home,3023.32,62,119,0,0,0,0
POL103736,Nancy Jones,57,Male,IL,Auto,607.9,47,57,0,0,0,0
POL103737,Robert Rodriguez,38,Male,NC,Auto,2475.2,68,45,0,1,23745.78,0
POL103738,Robert Martinez,32,Male,NC,Auto,1360.3,52,18,1,0,0,1
POL103739,Lisa Williams,39,Male,OH,Home,2178.85,13,112,0,1,21021.28,0
POL103740,Jane Smith,69,Female,NY,Auto,1338.04,14,48,1,0,0,0
POL103741,Jessica Garcia,45,Female,NC,Auto,1546.61,77,42,1,1,11848.68,1
POL103742,Michael Williams,31,Female,IL,Home,3269.51,54,41,1,1,29465.69,0
POL103743,David Garcia,44,Female,MI,Auto,1119.93,89,75,1,1,10428.19,0
POL103744,Lisa Brown,58,Male,NY,Home,3122.33,34,89,1,1,18260.1,1
POL103745,Emily Jones,57,Female,GA,Life,591.37,87,90,1,1,8098.23,0
POL103746,Joseph Jones,75,Female,MI,Life,772.63,20,58,0,0,0,1
POL103747,Jane Martinez,45,Female,FL,Auto,3064.03,38,100,1,1,15502.19,0
POL103748,James Martinez,43,Female,NC,Life,2391.67,43,42,1,0,0,0
POL103749,Emily Wilson,66,Female,NC,Life,2741.71,95,35,1,0,0,1
POL103750,Jane Wilson,19,Male,IL,Life,1128.25,23,38,1,0,0,1
POL103751,Sarah Davis,42,Female,CA,Life,2111.25,33,67,0,0,0,1
POL103752,Michael Davis,73,Female,FL,Auto,2711.66,68,41,1,0,0,1
POL103753,Nancy Wilson,20,Female,OH,Life,2381.94,48,99,0,0,0,1
POL103754,Karen Martinez,25,Male,NC,Auto,1915.1,35,50,0,0,0,1
POL103755,Nancy Johnson,61,Male,PA,Home,3379.35,52,104,0,0,0,1
POL103756,Lisa Lopez,50,Female,TX,Life,2528.47,45,86,0,0,0,1
POL103757,David Smith,59,Female,NC,Life,3223.25,48,72,1,0,0,1
POL103758,Karen Martinez,69,Male,FL,Home,2689.31,70,79,0,0,0,0
POL103759,James Johnson,52,Female,NY,Life,2706.39,25,45,0,0,0,0
POL103760,Joseph Smith,23,Male,OH,Home,740.05,68,71,1,1,3742.56,0
POL103761,Joseph Garcia,56,Female,CA,Life,1578.39,15,19,0,0,0,0
POL103762,Sarah Miller,69,Male,PA,Home,3075.11,65,104,1,0,0,1
POL103763,James Johnson,40,Female,FL,Home,1197.81,17,106,0,0,0,0
POL103764,Nancy Brown,42,Male,GA,Home,846.52,36,17,1,0,0,1
POL103765,Karen Lopez,67,Female,NY,Auto,1478.32,80,65,1,0,0,0
POL103766,Nancy Martinez,60,Male,CA,Home,1161.31,36,109,0,1,2121.3,1
POL103767,John Lopez,36,Female,TX,Home,3275.86,98,93,0,0,0,0
POL103768,Joseph Lopez,22,Female,IL,Home,3103.9,55,77,0,0,0,0
POL103769,James Smith,68,Female,TX,Auto,1999.05,50,56,0,1,10370.04,1
POL103770,David Rodriguez,28,Male,IL,Auto,684.03,88,112,0,0,0,0
POL103771,John Garcia,73,Male,IL,Auto,2643.69,34,93,0,0,0,0
POL103772,Robert Martinez,29,Female,OH,Auto,2370.24,95,41,1,0,0,1
POL103773,Michael Garcia,27,Male,TX,Life,3411.66,27,42,0,0,0,1
POL103774,Robert Wilson,25,Female,OH,Auto,2176.86,21,6,0,0,0,1
POL103775,Emily Williams,41,Female,FL,Auto,1509.18,96,69,1,0,0,1
POL103776,John Lopez,45,Male,TX,Auto,2057.07,60,98,0,0,0,1
POL103777,Karen Miller,58,Male,PA,Life,3437.79,48,75,0,0,0,0
POL103778,Jessica Martinez,53,Male,CA,Life,2589.09,98,73,1,0,0,0
POL103779,Lisa Rodriguez,54,Female,IL,Auto,2515.93,19,102,1,1,18176.75,0
POL103780,Jane Brown,38,Female,IL,Life,1222.04,83,40,1,0,0,1
POL103781,James Jones,25,Female,NC,Auto,2730.81,86,41,1,0,0,1
POL103782,Joseph Miller,72,Male,NC,Life,2750.82,63,9,0,0,0,0
POL103783,Michael Williams,26,Female,CA,Home,1451.87,38,8,0,0,0,0
POL103784,Sarah Johnson,64,Female,CA,Home,1951.14,50,44,0,0,0,1
POL103785,Jessica Martinez,32,Female,TX,Auto,1383.81,18,58,0,1,7039.23,1
POL103786,Karen Smith,65,Male,CA,Home,1276.12,72,104,1,0,0,1
POL103787,Robert Miller,63,Female,NY,Life,577.69,86,67,1,1,5150.38,0
POL103788,David Johnson,57,Female,FL,Life,1355.64,46,13,0,0,0,0
POL103789,James Rodriguez,35,Female,CA,Life,2161.91,23,19,1,0,0,1
POL103790,James Wilson,59,Male,IL,Life,504.8,82,98,0,0,0,0
POL103791,Michael Williams,37,Female,TX,Auto,1349.66,81,96,0,0,0,0
POL103792,Jessica Rodriguez,23,Male,CA,Life,3144.23,48,49,0,0,0,1
POL103793,Emily Davis,29,Female,GA,Life,2280.95,49,80,0,0,0,0
POL103794,James Lopez,19,Female,PA,Life,2323.59,63,100,1,1,10053.67,1
POL103795,Lisa Brown,24,Female,CA,Life,1710.09,12,82,0,1,4493.77,0
POL103796,Robert Martinez,33,Male,NC,Auto,2529.42,64,78,0,0,0,0
POL103797,Karen Rodriguez,20,Male,NC,Auto,1069.8,42,30,0,0,0,1
POL103798,Emily Brown,62,Male,GA,Life,2956.24,80,66,1,0,0,1
POL103799,Jane Jones,20,Male,NC,Home,850.07,28,77,1,1,7139.1,1
POL103800,Joseph Miller,44,Male,CA,Home,2468,43,91,0,0,0,1
POL103801,Sarah Lopez,67,Male,GA,Auto,1523.45,87,59,1,0,0,0
POL103802,Lisa Johnson,60,Male,MI,Home,2742.54,59,53,0,1,19824.61,0
POL103803,Jane Lopez,57,Female,IL,Auto,2149.29,56,52,1,0,0,0
POL103804,James Miller,55,Female,CA,Life,1857.06,55,81,0,0,0,1
POL103805,Sarah Garcia,50,Female,PA,Home,1008.27,65,31,0,0,0,0
POL103806,Emily Garcia,45,Male,CA,Auto,2410.46,66,15,1,0,0,1
POL103807,Sarah Martinez,18,Male,PA,Home,3424.31,92,20,0,0,0,1
POL103808,William Smith,72,Male,TX,Life,2976.81,60,5,1,0,0,0
POL103809,Joseph Jones,25,Male,OH,Auto,680.02,63,7,0,1,2417.79,1
POL103810,Michael Garcia,54,Female,FL,Home,1628.69,99,18,1,0,0,1
POL103811,Lisa Davis,49,Female,NC,Auto,3276.75,90,56,1,0,0,1
POL103812,Lisa Williams,65,Male,IL,Life,2009.13,37,75,0,0,0,0
POL103813,Jessica Smith,60,Male,NY,Life,2486.34,28,96,0,0,0,0
POL103814,Nancy Brown,54,Female,MI,Home,3237.8,36,114,1,0,0,0
POL103815,Emily Lopez,21,Male,CA,Auto,3121.38,57,91,1,0,0,1
POL103816,Sarah Williams,47,Male,CA,Auto,2005.46,28,90,1,0,0,0
POL103817,Joseph Wilson,23,Male,TX,Life,1812.94,60,101,0,1,10986.12,0
POL103818,Nancy Johnson,63,Female,TX,Auto,1519.08,16,45,0,0,0,0
POL103819,Jane Wilson,71,Female,PA,Life,2657.06,38,28,0,0,0,0
POL103820,John Brown,36,Male,TX,Auto,1360.96,52,50,1,0,0,1
POL103821,Lisa Williams,49,Male,NC,Home,1249.66,78,2,0,0,0,0
POL103822,Nancy Jones,26,Female,NC,Home,1568.75,67,84,1,0,0,0
POL103823,John Garcia,29,Male,FL,Life,1031.65,17,68,1,0,0,1
POL103824,Karen Johnson,28,Female,GA,Home,2585.36,51,77,0,1,12708.97,0
POL103825,David Davis,63,Female,PA,Home,2348.72,85,24,1,0,0,0
POL103826,Jessica Smith,72,Male,NY,Auto,1948.64,51,112,0,0,0,1
POL103827,Sarah Brown,33,Male,PA,Auto,1670.98,22,102,0,1,15841.41,0
POL103828,Karen Rodriguez,18,Male,OH,Auto,3227.19,35,104,0,0,0,1
POL103829,Emily Brown,62,Female,OH,Home,587.37,27,48,0,0,0,0
POL103830,Robert Rodriguez,72,Female,CA,Life,2807.32,51,45,1,0,0,0
POL103831,Joseph Jones,70,Female,NC,Home,3205.73,60,119,0,0,0,0
POL103832,Robert Davis,38,Female,OH,Auto,1839.06,93,93,1,0,0,1
POL103833,Lisa Wilson,47,Male,FL,Life,2152.07,25,58,0,0,0,1
POL103834,Michael Wilson,30,Male,TX,Home,3333.39,12,36,0,0,0,1
POL103835,Karen Lopez,51,Male,FL,Auto,1136.83,88,2,1,0,0,0
POL103836,John Miller,21,Female,MI,Life,2060.4,54,105,1,1,13727.05,1
POL103837,Lisa Lopez,45,Male,GA,Life,1924.16,31,18,0,0,0,0
POL103838,Robert Smith,55,Male,MI,Home,1275.18,32,49,0,0,0,1
POL103839,David Williams,75,Male,CA,Auto,2955.78,68,8,1,0,0,0
POL103840,John Jones,48,Male,FL,Auto,3198.8,71,58,1,0,0,0
POL103841,Emily Wilson,72,Male,GA,Life,2845.8,77,15,1,1,8100.03,0
POL103842,Lisa Jones,44,Male,NC,Auto,1086.08,63,105,1,0,0,0
POL103843,John Davis,22,Male,GA,Auto,760.25,66,17,0,1,4385.32,1
POL103844,William Smith,42,Male,OH,Home,2316.33,32,23,1,0,0,0
POL103845,Jane Miller,20,Female,PA,Auto,671.28,69,66,1,0,0,1
POL103846,William Jones,50,Female,PA,Home,2518.48,82,70,1,0,0,1
POL103847,William Lopez,21,Male,FL,Life,2091.27,97,93,1,1,36939.08,1
POL103848,Sarah Johnson,42,Female,NY,Auto,2488.36,94,27,1,0,0,1
POL103849,John Jones,37,Male,NY,Life,2270.51,64,37,0,1,16365.2,0
POL103850,Nancy Lopez,51,Female,GA,Home,1768.11,89,49,1,0,0,1
POL103851,James Brown,43,Male,FL,Life,1102.63,72,64,0,0,0,0
POL103852,James Rodriguez,22,Male,NY,Home,1417.11,65,34,1,0,0,0
POL103853,Karen Johnson,52,Female,MI,Auto,2073.5,64,18,1,0,0,0
POL103854,Sarah Davis,45,Female,PA,Life,2455.6,34,64,0,0,0,1
POL103855,Nancy Martinez,46,Female,NY,Life,2838.45,35,106,0,0,0,0
POL103856,Robert Johnson,26,Male,PA,Home,2801.51,58,74,0,0,0,1
POL103857,Michael Brown,69,Male,PA,Life,3418.07,72,102,0,0,0,1
POL103858,Robert Davis,55,Female,OH,Home,1357.52,54,44,1,0,0,0
POL103859,Robert Wilson,67,Female,NY,Home,713.33,82,17,0,0,0,1
POL103860,John Smith,23,Female,PA,Auto,1536.97,88,59,0,1,13311.46,1
POL103861,Emily Rodriguez,36,Male,GA,Home,2729.88,48,13,1,0,0,1
POL103862,David Garcia,61,Male,CA,Life,1814.33,74,52,1,0,0,0
POL103863,Jessica Miller,74,Male,TX,Home,2953.37,78,60,0,1,10715.99,1
POL103864,Karen Williams,28,Female,CA,Home,2147.98,65,112,1,0,0,0
POL103865,John Garcia,19,Male,MI,Auto,3289.38,18,42,0,0,0,1
POL103866,William Garcia,64,Male,NC,Home,3343.59,79,91,0,1,30262.79,0
POL103867,Sarah Lopez,61,Female,NC,Home,707.91,37,64,1,0,0,1
POL103868,David Brown,61,Male,CA,Home,1869.24,54,117,0,0,0,0
POL103869,Robert Jones,26,Male,MI,Life,2329.07,35,66,0,0,0,1
POL103870,Joseph Smith,38,Female,TX,Auto,1267.62,37,34,1,0,0,1
POL103871,William Jones,41,Male,GA,Auto,1721.23,49,95,1,0,0,1
POL103872,James Smith,51,Male,GA,Life,2533.04,24,87,0,0,0,0
POL103873,Robert Jones,39,Female,NC,Life,1180.2,15,71,1,0,0,0
POL103874,Emily Williams,20,Female,NC,Auto,2305.94,36,102,0,0,0,1
POL103875,Sarah Miller,29,Female,PA,Home,2592.34,47,64,1,0,0,1
POL103876,William Williams,45,Female,CA,Auto,771.49,77,33,1,0,0,1
POL103877,Jane Wilson,47,Male,MI,Home,1992.59,84,12,1,0,0,1
POL103878,James Rodriguez,43,Male,NY,Life,1289.24,94,109,1,0,0,1
POL103879,William Martinez,65,Female,PA,Home,2673.16,73,76,0,1,21178.63,0
POL103880,Nancy Lopez,38,Male,FL,Auto,1068.67,39,19,0,0,0,0
POL103881,William Brown,45,Male,IL,Auto,3176.71,91,9,1,1,24447.22,0
POL103882,James Brown,73,Female,NC,Life,1792.82,12,74,0,1,7970.16,0
POL103883,Lisa Williams,43,Female,OH,Life,1094.01,71,17,1,0,0,0
POL103884,James Jones,50,Male,IL,Home,1814.07,21,50,0,0,0,0
POL103885,Lisa Garcia,38,Male,NY,Home,1726.23,39,104,0,0,0,1
POL103886,Jessica Rodriguez,52,Female,CA,Home,1786.76,94,39,1,0,0,1
POL103887,Michael Brown,69,Female,NY,Home,2256.68,47,41,1,0,0,1
POL103888,William Williams,51,Male,IL,Auto,2063.52,94,10,1,0,0,1
POL103889,Lisa Rodriguez,58,Male,TX,Life,949.33,69,12,1,1,8586.78,0
POL103890,William Brown,68,Female,IL,Life,696.74,47,79,1,0,0,0
POL103891,Nancy Williams,64,Female,OH,Auto,2688.25,24,95,0,0,0,0
POL103892,David Wilson,35,Female,TX,Life,2179.15,27,15,1,0,0,1
POL103893,Karen Rodriguez,75,Male,IL,Life,1577,61,28,1,0,0,0
POL103894,Michael Miller,28,Female,PA,Home,2925.07,38,4,1,0,0,0
POL103895,Joseph Williams,74,Male,OH,Life,1664.18,69,36,1,1,11520.83,0
POL103896,William Martinez,40,Male,CA,Auto,2887.9,30,119,0,1,25242.08,1
POL103897,Michael Garcia,65,Male,NC,Life,1417.27,26,65,1,0,0,0
POL103898,Jane Rodriguez,39,Female,PA,Home,718.54,27,108,1,0,0,1
POL103899,Robert Wilson,34,Male,CA,Home,3297.92,66,98,0,0,0,0
POL103900,Jane Williams,22,Male,GA,Life,1683.65,46,47,1,1,7691.35,0
POL103901,Sarah Williams,61,Female,IL,Home,2878.08,69,81,1,1,7880.31,1
POL103902,Karen Smith,28,Male,IL,Home,1337.43,47,39,0,0,0,1
POL103903,Joseph Garcia,47,Male,OH,Auto,2439.1,21,38,0,0,0,0
POL103904,James Miller,32,Female,NY,Auto,3119.93,84,44,1,0,0,1
POL103905,David Davis,44,Male,NY,Home,624.93,93,51,0,0,0,0
POL103906,Karen Lopez,52,Female,IL,Auto,2991.91,82,97,1,0,0,1
POL103907,Karen Jones,50,Male,PA,Auto,2214,10,85,1,1,9575.25,0
POL103908,Michael Brown,37,Female,TX,Auto,2322.42,67,26,1,0,0,1
POL103909,Jane Williams,33,Male,CA,Home,2069.47,12,110,0,0,0,1
POL103910,Michael Smith,51,Female,TX,Auto,3123.43,72,36,1,0,0,1
POL103911,Joseph Martinez,19,Male,NC,Home,630.3,30,69,1,0,0,1
POL103912,Lisa Jones,52,Male,MI,Auto,1283.09,32,97,1,0,0,0
POL103913,Lisa Martinez,57,Male,MI,Life,3127.29,18,1,1,1,16792.76,0
POL103914,Lisa Brown,73,Female,CA,Auto,2757.04,92,53,1,0,0,0
POL103915,Lisa Brown,45,Male,PA,Auto,552.94,64,6,1,0,0,0
POL103916,Emily Lopez,64,Female,CA,Life,2051.02,28,37,0,0,0,0
POL103917,John Garcia,56,Female,CA,Life,2088.72,71,2,1,0,0,0
POL103918,Jane Wilson,23,Female,IL,Home,1702.65,96,117,0,1,20547.45,1
POL103919,Joseph Davis,26,Female,PA,Auto,1392.18,48,69,0,0,0,1
POL103920,Michael Rodriguez,37,Male,PA,Auto,2545.17,85,90,1,0,0,1
POL103921,Nancy Martinez,18,Male,CA,Life,1123.37,36,41,1,0,0,1
POL103922,Jessica Wilson,25,Male,TX,Life,2896.85,55,51,0,0,0,0
POL103923,William Garcia,72,Male,MI,Auto,2909.11,43,117,1,0,0,1
POL103924,Michael Miller,40,Male,FL,Auto,1745.78,42,47,0,0,0,1
POL103925,Jessica Davis,20,Female,MI,Home,1350.64,59,13,1,0,0,0
POL103926,Michael Williams,21,Male,CA,Auto,1351.63,29,76,0,0,0,0
POL103927,Emily Brown,75,Female,FL,Auto,1946.87,49,69,1,1,11373.38,0
POL103928,John Miller,42,Male,NY,Life,2658.74,67,66,0,0,0,1
POL103929,Joseph Smith,64,Female,IL,Auto,1576.61,40,59,0,0,0,0
POL103930,David Miller,55,Female,IL,Life,2330.13,47,68,1,0,0,1
POL103931,Emily Wilson,32,Male,NC,Home,1647.45,95,59,1,0,0,0
POL103932,William Brown,38,Female,NC,Life,1413.57,54,91,1,0,0,1
POL103933,Joseph Brown,52,Female,CA,Home,574.58,50,114,0,0,0,1
POL103934,Jane Williams,74,Male,NC,Home,511.74,18,117,0,1,3142.83,0
POL103935,Jessica Martinez,70,Male,MI,Life,1181.62,18,10,0,0,0,0
POL103936,Jessica Wilson,70,Female,NC,Life,1719.22,72,13,1,1,14878.99,0
POL103937,Sarah Davis,63,Male,IL,Life,3053.78,88,108,1,0,0,1
POL103938,Emily Miller,69,Female,NC,Home,2895.45,86,2,1,0,0,1
POL103939,James Smith,31,Female,IL,Home,1301.5,31,90,1,0,0,1
POL103940,Lisa Wilson,53,Male,CA,Auto,1233.62,25,15,1,0,0,0
POL103941,Nancy Miller,29,Female,OH,Life,1181.97,41,46,0,1,3481.92,0
POL103942,Karen Garcia,34,Female,NY,Life,1517.71,75,57,1,0,0,1
POL103943,James Martinez,56,Male,IL,Home,1994.6,99,10,1,1,8350.27,0
POL103944,Karen Martinez,26,Male,OH,Auto,1816,23,22,0,0,0,1
POL103945,Lisa Rodriguez,52,Male,CA,Auto,1154.82,47,104,1,0,0,0
POL103946,Robert Lopez,30,Male,PA,Auto,891.35,17,89,0,0,0,0
POL103947,Karen Smith,32,Male,IL,Home,537.73,30,79,0,0,0,1
POL103948,Robert Johnson,35,Male,NY,Home,961.89,65,77,1,0,0,1
POL103949,Jessica Davis,68,Female,TX,Home,2616.07,55,8,1,0,0,1
POL103950,Nancy Smith,50,Male,CA,Auto,1230.92,52,21,1,0,0,1
POL103951,Emily Rodriguez,23,Male,CA,Auto,1905.81,55,85,0,0,0,1
POL103952,Robert Miller,44,Male,MI,Life,2273.9,57,22,0,0,0,1
POL103953,Karen Smith,40,Male,NY,Auto,3160.52,79,110,1,0,0,1
POL103954,Robert Miller,44,Male,CA,Auto,3166.57,93,97,0,0,0,1
POL103955,Robert Lopez,51,Male,GA,Home,2737.2,40,45,0,0,0,1
POL103956,John Brown,73,Male,NY,Life,605.47,42,91,0,0,0,0
POL103957,David Davis,63,Female,GA,Home,2225.21,53,40,0,1,20145.21,0
POL103958,James Jones,55,Male,PA,Life,2859.75,80,114,0,0,0,1
POL103959,Joseph Jones,31,Female,OH,Auto,551.86,17,22,1,0,0,0
POL103960,Jessica Williams,53,Male,NC,Home,2149.05,82,30,1,0,0,1
POL103961,James Jones,70,Female,CA,Home,3073.29,11,62,0,0,0,0
POL103962,Lisa Smith,25,Female,IL,Life,1922.31,26,73,0,0,0,0
POL103963,Karen Rodriguez,52,Male,TX,Life,512.32,61,45,0,1,3209.12,1
POL103964,Michael Davis,36,Female,MI,Life,533.04,54,35,0,0,0,1
POL103965,Nancy Lopez,47,Male,NC,Life,1749.91,46,82,1,1,11302.34,1
POL103966,Jessica Johnson,31,Female,FL,Life,965.03,51,42,0,0,0,0
POL103967,Karen Rodriguez,37,Female,CA,Home,2493.35,53,5,1,0,0,1
POL103968,Jane Williams,66,Male,PA,Life,2626.4,90,27,1,1,14612.06,1
POL103969,Joseph Martinez,42,Male,TX,Life,1033.64,47,70,0,0,0,1
POL103970,Karen Rodriguez,57,Male,TX,Home,3165.6,15,62,0,1,19519.99,1
POL103971,Michael Miller,41,Female,MI,Home,1825.72,77,32,1,0,0,0
POL103972,James Garcia,31,Male,CA,Auto,928.54,60,8,0,1,2956.17,1
POL103973,Jessica Smith,43,Female,NY,Life,2792.75,44,103,0,0,0,0
POL103974,Michael Davis,55,Female,GA,Auto,2869.92,67,85,1,0,0,0
POL103975,Lisa Wilson,40,Male,FL,Life,2417.89,66,18,1,0,0,1
POL103976,Emily Davis,39,Female,TX,Life,3060.4,82,78,0,0,0,0
POL103977,Jane Jones,65,Female,TX,Life,2712.12,15,15,0,0,0,0
POL103978,Sarah Wilson,74,Female,NC,Life,3146.62,22,106,0,0,0,1
POL103979,William Wilson,36,Female,FL,Life,1801.66,68,26,1,0,0,0
POL103980,Joseph Williams,63,Male,OH,Home,2742.79,95,53,1,1,16863.68,1
POL103981,Karen Wilson,68,Female,NY,Auto,3499.25,39,44,1,0,0,1
POL103982,Jane Johnson,20,Female,NC,Auto,2674.79,11,32,0,0,0,1
POL103983,Jane Wilson,59,Male,IL,Life,842.55,67,103,0,0,0,0
POL103984,Jessica Lopez,36,Male,MI,Auto,2054.96,45,28,1,0,0,1
POL103985,Sarah Johnson,26,Female,FL,Life,2262.04,81,39,1,0,0,1
POL103986,Robert Wilson,45,Female,GA,Home,1022.63,54,107,0,0,0,0
POL103987,James Wilson,37,Female,NC,Home,3388.67,18,32,1,1,33805.28,1
POL103988,Joseph Rodriguez,62,Female,FL,Home,1026.74,74,77,1,0,0,0
POL103989,Lisa Williams,24,Male,NY,Auto,1032.67,86,79,0,0,0,0
POL103990,James Rodriguez,31,Male,OH,Auto,3245.5,59,18,1,0,0,0
POL103991,James Smith,26,Male,FL,Life,1895.62,88,103,1,1,11964.02,0
POL103992,Joseph Williams,72,Male,MI,Life,689.56,41,70,0,0,0,0
POL103993,Sarah Martinez,74,Female,OH,Life,2294.56,52,119,0,0,0,0
POL103994,Nancy Lopez,36,Male,FL,Life,2305.48,87,11,1,0,0,0
POL103995,Nancy Williams,64,Male,NC,Life,693.5,63,32,0,0,0,1
POL103996,Michael Williams,69,Female,IL,Home,3417.57,56,104,0,1,6416.22,0
POL103997,Michael Wilson,31,Male,PA,Auto,2132.09,23,20,1,1,17631.75,1
POL103998,John Miller,73,Male,TX,Auto,2179.39,57,97,1,0,0,0
POL103999,David Jones,55,Male,OH,Auto,2060.35,64,40,1,0,0,0
POL104000,Karen Davis,70,Female,MI,Auto,2332.2,38,8,0,0,0,1
POL104001,David Lopez,53,Female,OH,Auto,1292.9,56,115,0,1,6296.48,1
POL104002,Michael Johnson,57,Male,MI,Auto,1361.72,72,35,0,1,3821.32,0
POL104003,Michael Brown,34,Male,IL,Auto,2034.02,28,69,1,0,0,1
POL104004,John Martinez,47,Female,IL,Life,2920.06,18,99,0,1,25788.27,1
POL104005,Joseph Jones,26,Male,FL,Auto,649.59,46,111,0,0,0,0
POL104006,John Davis,50,Female,MI,Home,2310.21,61,78,0,1,7352.87,0
POL104007,Jessica Davis,73,Female,CA,Auto,2920.33,66,21,1,0,0,0
POL104008,Robert Smith,69,Female,OH,Home,970.75,97,111,1,0,0,0
POL104009,Lisa Davis,42,Female,IL,Home,545.07,37,24,1,0,0,0
POL104010,Emily Brown,31,Male,MI,Home,1438.14,45,17,0,0,0,1
POL104011,Lisa Lopez,28,Male,GA,Home,2264.43,73,18,0,0,0,1
POL104012,Jessica Davis,70,Female,NY,Home,914.85,27,98,0,1,8532.37,0
POL104013,James Davis,52,Female,CA,Life,1778.37,98,12,1,0,0,1
POL104014,Jane Martinez,58,Female,OH,Life,2156.96,44,16,0,0,0,0
POL104015,Lisa Smith,31,Male,MI,Home,2296.65,77,4,1,0,0,1
POL104016,Emily Rodriguez,47,Female,FL,Home,1323.24,87,89,1,0,0,0
POL104017,David Martinez,58,Female,IL,Home,1700.09,48,34,1,0,0,1
POL104018,William Rodriguez,21,Female,TX,Auto,2835.02,99,92,0,0,0,1
POL104019,Nancy Brown,21,Male,MI,Life,3323.64,17,46,0,0,0,1
POL104020,John Williams,45,Male,TX,Auto,3085.64,97,75,0,0,0,1
POL104021,Michael Smith,25,Male,MI,Auto,2192.85,89,77,1,1,11524.02,0
POL104022,William Garcia,19,Female,CA,Auto,1730.88,93,31,1,0,0,1
POL104023,John Williams,58,Male,FL,Home,1498.87,24,25,0,0,0,0
POL104024,Nancy Smith,63,Female,TX,Life,874.87,16,103,0,0,0,1
POL104025,William Martinez,39,Male,NY,Home,819.65,26,74,0,0,0,0
POL104026,Nancy Martinez,58,Female,FL,Home,2565.07,95,24,1,0,0,1
POL104027,David Garcia,73,Male,FL,Home,1279.38,95,65,0,1,19993.44,0
POL104028,Jane Smith,72,Female,NY,Home,1263.99,73,117,0,0,0,1
POL104029,Jane Miller,33,Male,CA,Life,3494.59,21,25,1,1,21489.86,1
POL104030,Michael Williams,46,Female,OH,Life,1063.78,91,28,1,0,0,0
POL104031,William Jones,66,Female,TX,Home,944.18,65,36,1,0,0,0
POL104032,Lisa Lopez,65,Male,FL,Home,796.06,55,82,0,1,2930.56,0
POL104033,Karen Wilson,47,Male,IL,Home,2239.42,56,6,1,0,0,0
POL104034,Lisa Martinez,29,Female,CA,Home,2383.59,88,66,1,0,0,1
POL104035,Joseph Rodriguez,52,Female,MI,Life,1595.68,25,67,0,0,0,1
POL104036,Michael Davis,28,Female,NY,Home,2106.24,78,110,1,0,0,1
POL104037,Karen Martinez,63,Male,FL,Life,2865.2,11,72,0,0,0,0
POL104038,Sarah Smith,67,Male,CA,Home,2954.31,63,95,0,0,0,1
POL104039,Jane Jones,38,Female,NY,Home,3373.74,36,48,1,1,24305.32,0
POL104040,Sarah Garcia,38,Female,OH,Auto,2972.8,40,83,0,1,28664.5,1
POL104041,James Johnson,22,Female,CA,Home,2194.52,50,114,0,0,0,1
POL104042,Joseph Miller,65,Female,PA,Auto,1038.97,45,70,0,0,0,0
POL104043,Nancy Rodriguez,37,Female,FL,Home,799.29,56,78,0,0,0,0
POL104044,Jane Jones,54,Male,GA,Home,663.54,52,67,1,1,5336.13,1
POL104045,Jessica Williams,20,Female,TX,Home,2499.58,74,48,1,1,16582.6,0
POL104046,Jane Wilson,61,Female,TX,Life,2922.61,59,65,1,1,28993.28,0
POL104047,Nancy Jones,50,Male,CA,Auto,2026.05,10,44,0,1,7608.38,0
POL104048,Sarah Rodriguez,70,Male,PA,Home,664.14,81,94,1,0,0,0
POL104049,James Rodriguez,26,Male,PA,Home,2106.41,66,63,1,1,4275.81,1
POL104050,Emily Wilson,26,Female,OH,Auto,3307.25,25,46,0,0,0,1
POL104051,Emily Martinez,21,Female,OH,Auto,2292.84,37,19,0,0,0,0
POL104052,John Johnson,52,Male,NC,Home,2928.28,95,118,0,1,5192.17,0
POL104053,Lisa Wilson,34,Male,IL,Auto,2900.46,91,64,1,0,0,1
POL104054,William Rodriguez,51,Female,GA,Home,3296.39,31,83,1,0,0,1
POL104055,Jane Davis,41,Female,FL,Home,2810.69,50,73,0,0,0,1
POL104056,Karen Wilson,49,Female,TX,Life,2743.1,85,71,1,0,0,1
POL104057,Lisa Wilson,18,Male,FL,Auto,1202.31,28,110,1,0,0,1
POL104058,David Miller,25,Female,OH,Home,679.78,98,101,1,1,5126.12,0
POL104059,Lisa Garcia,62,Female,PA,Auto,2052.8,59,50,0,0,0,1
POL104060,David Rodriguez,40,Female,FL,Auto,873.3,68,63,0,0,0,1
POL104061,Lisa Martinez,64,Female,FL,Life,3386.59,78,41,0,0,0,0
POL104062,Sarah Williams,57,Male,GA,Life,1369.77,43,117,0,1,11721.09,1
POL104063,Lisa Martinez,29,Male,GA,Home,3058.83,48,7,1,0,0,0
POL104064,Jessica Rodriguez,71,Female,IL,Home,1662.87,83,9,1,0,0,0
POL104065,Karen Lopez,29,Female,OH,Life,1469.58,16,4,0,0,0,1
POL104066,Jessica Davis,63,Female,NY,Home,3305.48,61,89,0,1,22802.37,1
POL104067,Joseph Williams,64,Male,IL,Life,1589.97,69,49,0,0,0,1
POL104068,Lisa Brown,32,Female,NY,Auto,1670.86,61,76,1,1,15359.76,1
POL104069,Karen Jones,58,Female,OH,Home,818.28,88,6,0,0,0,0
POL104070,Emily Smith,36,Male,GA,Home,2511.34,33,82,0,0,0,1
POL104071,Jane Smith,43,Female,TX,Auto,1366.52,35,104,0,0,0,0
POL104072,Jessica Lopez,69,Male,NY,Auto,2256.81,99,21,1,0,0,0
POL104073,Joseph Johnson,46,Female,NY,Life,2274.06,99,15,1,1,16902.62,0
POL104074,Karen Brown,39,Male,GA,Life,2657.6,19,67,1,1,12366.12,1
POL104075,Joseph Martinez,57,Female,NC,Life,2735.72,26,66,1,1,8318.49,0
POL104076,James Miller,38,Female,IL,Home,2043.36,87,56,0,1,19124.84,0
POL104077,John Garcia,68,Male,FL,Auto,1492.98,11,119,0,0,0,1
POL104078,Sarah Rodriguez,55,Female,OH,Life,3012.35,86,105,1,1,7171.13,1
POL104079,Joseph Lopez,37,Male,CA,Life,1429.6,36,104,0,0,0,1
POL104080,Emily Smith,74,Male,IL,Home,2022.53,82,68,1,0,0,1
POL104081,William Brown,46,Female,TX,Auto,1703.76,80,32,1,0,0,1
POL104082,Karen Jones,68,Female,IL,Home,3065.24,57,66,1,0,0,1
POL104083,David Johnson,21,Male,IL,Auto,1795.76,83,110,1,0,0,1
POL104084,David Jones,72,Female,TX,Auto,1658.3,18,29,0,0,0,0
POL104085,Robert Rodriguez,24,Male,OH,Life,2569.47,95,66,0,0,0,1
POL104086,Sarah Smith,45,Female,NY,Home,2307.32,32,34,1,0,0,0
POL104087,Jane Lopez,45,Female,GA,Life,821.74,80,27,0,0,0,1
POL104088,Sarah Garcia,21,Female,NC,Home,2024.51,82,60,1,1,24761.38,1
POL104089,James Wilson,39,Female,CA,Life,2706.44,36,118,0,0,0,1
POL104090,Lisa Martinez,29,Male,MI,Auto,3476.22,97,39,1,1,14492.6,1
POL104091,John Williams,62,Male,GA,Auto,2387.44,90,44,0,0,0,0
POL104092,Emily Garcia,20,Male,PA,Home,1610.88,93,102,0,0,0,1
POL104093,Nancy Garcia,39,Male,IL,Home,1178.45,80,82,1,0,0,1
POL104094,William Davis,61,Male,FL,Auto,3118.49,52,36,0,1,11872.18,0
POL104095,Jessica Smith,19,Male,GA,Auto,2943.7,16,19,0,0,0,1
POL104096,William Williams,41,Male,FL,Life,1201.77,92,91,0,1,16799.77,1
POL104097,Jessica Williams,51,Male,IL,Auto,1101.9,72,45,0,0,0,0
POL104098,William Davis,44,Male,GA,Home,2645.41,93,84,1,1,18335.41,0
POL104099,Nancy Rodriguez,72,Female,OH,Home,1444.86,53,21,1,0,0,0
POL104100,Sarah Davis,58,Female,IL,Life,1419.2,48,23,0,0,0,1
POL104101,Joseph Miller,18,Male,TX,Auto,956.87,49,94,1,0,0,0
POL104102,Karen Smith,25,Male,GA,Home,1291.93,16,89,0,0,0,1
POL104103,Nancy Rodriguez,40,Male,FL,Home,1782.52,79,95,1,0,0,1
POL104104,David Martinez,55,Female,GA,Auto,2698.52,34,27,0,1,25066.83,0
POL104105,Karen Lopez,23,Female,TX,Auto,1508.92,68,98,1,0,0,0
POL104106,Sarah Rodriguez,39,Male,NY,Home,1485.81,22,72,0,1,7356.8,1
POL104107,Robert Smith,42,Female,FL,Life,1354.74,95,19,0,1,9832.28,1
POL104108,Emily Martinez,35,Male,GA,Home,1934.85,90,41,0,1,29742.22,0
POL104109,William Garcia,34,Male,OH,Life,1041.91,95,26,1,1,15222.31,0
POL104110,Joseph Garcia,29,Female,FL,Life,1956.89,71,28,1,0,0,1
POL104111,Jane Williams,23,Male,NC,Life,2612.53,17,64,0,1,23980.16,1
POL104112,David Smith,43,Male,NC,Life,589.37,54,68,0,0,0,0
POL104113,Sarah Miller,44,Female,TX,Home,529.34,27,95,1,1,1833.96,1
POL104114,William Rodriguez,25,Male,CA,Life,725.37,97,80,0,0,0,1
POL104115,Nancy Williams,36,Male,IL,Home,2106.98,69,51,1,1,4701.65,1
POL104116,Lisa Martinez,59,Male,PA,Home,3063.37,69,74,1,0,0,0
POL104117,James Williams,18,Male,NC,Home,514.65,11,102,0,1,1014.61,1
POL104118,Lisa Johnson,74,Female,IL,Home,3309.98,75,48,1,0,0,0
POL104119,Nancy Jones,46,Female,CA,Life,818.84,23,10,1,1,7338.18,1
POL104120,Karen Garcia,62,Female,IL,Home,3025.95,57,109,0,0,0,0
POL104121,Karen Smith,66,Male,NC,Auto,1948.56,65,73,1,0,0,1
POL104122,David Miller,52,Female,IL,Home,2478.07,21,39,0,0,0,1
POL104123,Jane Davis,57,Female,OH,Home,2032.05,64,100,0,0,0,1
POL104124,Emily Garcia,31,Male,NY,Home,1931.14,37,115,1,1,18872.92,0
POL104125,Jessica Jones,52,Male,CA,Home,3004.7,98,100,0,1,12233.56,1
POL104126,Emily Rodriguez,65,Female,MI,Life,2767.66,13,19,1,0,0,1
POL104127,David Williams,62,Female,CA,Auto,1950.21,99,64,1,0,0,1
POL104128,Jane Garcia,37,Female,FL,Home,834.91,45,19,0,0,0,1
POL104129,Joseph Smith,73,Female,IL,Life,846.21,59,76,1,0,0,1
POL104130,Joseph Brown,66,Female,IL,Home,2904.62,12,62,0,0,0,0
POL104131,Jane Davis,30,Female,FL,Auto,2088.17,10,13,1,1,15441.74,1
POL104132,Robert Smith,55,Female,NC,Home,1944.77,26,25,1,0,0,0
POL104133,Joseph Davis,66,Male,MI,Life,2541.7,80,100,0,0,0,1
POL104134,Robert Williams,63,Male,MI,Auto,3076.52,71,89,1,1,4847.85,1
POL104135,Emily Garcia,66,Female,NC,Home,2386.62,57,92,0,0,0,0
POL104136,Jessica Wilson,25,Male,TX,Life,2788.54,71,42,1,0,0,0
POL104137,Nancy Rodriguez,60,Female,GA,Life,2795.81,78,117,0,0,0,0
POL104138,David Garcia,37,Male,NC,Life,1568.78,28,39,0,0,0,0
POL104139,Michael Johnson,50,Male,NY,Auto,1322.25,43,30,0,0,0,0
POL104140,Nancy Rodriguez,43,Male,TX,Life,2903.49,58,5,1,0,0,1
POL104141,William Williams,56,Male,NY,Auto,1631.54,89,81,0,1,5063.27,1
POL104142,Emily Wilson,38,Female,PA,Life,3210.01,56,18,1,1,23621.93,1
POL104143,John Davis,70,Female,NC,Home,709.07,59,107,0,1,1460.71,0
POL104144,James Wilson,66,Male,OH,Home,674.65,98,111,0,0,0,0
POL104145,Nancy Rodriguez,59,Female,MI,Life,3281.01,35,21,0,0,0,0
POL104146,Jane Smith,60,Male,PA,Home,2445.36,65,86,1,1,13406.28,0
POL104147,David Smith,71,Male,NY,Home,1638.8,87,103,1,1,11687.85,0
POL104148,William Martinez,58,Female,GA,Auto,2765.18,23,50,1,1,22150.87,1
POL104149,Nancy Johnson,26,Male,FL,Life,2516.98,87,6,1,0,0,1
POL104150,Sarah Davis,41,Male,TX,Home,2093.6,34,50,0,0,0,1
POL104151,John Johnson,54,Male,CA,Home,796.62,13,80,1,1,4267.84,1
POL104152,Robert Lopez,66,Female,IL,Home,2936.54,88,66,0,0,0,1
POL104153,Karen Jones,58,Male,OH,Auto,3098.07,41,115,0,0,0,1
POL104154,John Martinez,34,Male,IL,Life,1016.51,91,1,1,0,0,1
POL104155,Joseph Jones,41,Female,IL,Life,3051.53,87,57,1,0,0,0
POL104156,William Brown,38,Female,MI,Life,3133.54,74,30,0,1,21487.98,0
POL104157,Sarah Brown,68,Female,FL,Life,2148.29,70,58,0,0,0,0
POL104158,Emily Jones,56,Female,OH,Life,2468.54,29,107,0,0,0,0
POL104159,David Rodriguez,72,Male,MI,Auto,1646.71,83,52,0,0,0,1
POL104160,Sarah Davis,58,Female,MI,Auto,1345.37,19,37,1,0,0,0
POL104161,William Johnson,56,Male,MI,Auto,2665.95,97,48,1,0,0,1
POL104162,David Williams,30,Female,PA,Auto,3085.63,43,87,0,0,0,1
POL104163,Michael Jones,28,Male,CA,Life,2462.23,70,1,1,0,0,1
POL104164,Jane Smith,63,Female,OH,Home,2034.77,36,19,0,0,0,0
POL104165,Lisa Rodriguez,36,Male,GA,Life,976.77,49,46,0,0,0,1
POL104166,Robert Johnson,28,Female,MI,Home,660.38,74,67,1,0,0,1
POL104167,Emily Rodriguez,30,Female,FL,Auto,1837.08,42,2,1,1,11181.19,1
POL104168,Sarah Rodriguez,63,Male,FL,Life,648.05,77,56,0,1,1260.2,0
POL104169,Sarah Jones,62,Male,PA,Life,2208,80,101,1,0,0,1
POL104170,Michael Wilson,18,Female,NY,Home,1648.19,18,17,1,0,0,1
POL104171,Joseph Jones,57,Female,PA,Life,2771.57,25,92,1,0,0,1
POL104172,Lisa Brown,61,Female,PA,Auto,1416.95,14,82,0,0,0,0
POL104173,Michael Johnson,36,Male,GA,Life,2278.95,32,97,0,0,0,1
POL104174,David Martinez,29,Female,FL,Life,2113.05,52,79,0,0,0,0
POL104175,Sarah Rodriguez,25,Male,NC,Life,514.14,98,22,1,1,8034.82,1
POL104176,Jessica Smith,25,Female,PA,Life,717.17,66,105,0,0,0,1
POL104177,Michael Smith,70,Female,GA,Life,1371.1,60,27,1,1,4065.42,0
POL104178,Jessica Lopez,62,Male,FL,Life,3146.71,22,55,1,0,0,1
POL104179,John Johnson,29,Female,OH,Home,941.04,33,101,1,1,1665.97,1
POL104180,James Smith,65,Female,NC,Auto,2632.68,20,32,0,0,0,0
POL104181,Jane Miller,50,Male,NY,Auto,3420.1,61,60,1,1,18245.98,1
POL104182,James Williams,62,Male,CA,Auto,2871.7,26,109,0,1,25437.29,0
POL104183,Karen Martinez,43,Male,CA,Auto,1228.84,46,83,0,1,3418.69,1
POL104184,Lisa Lopez,56,Female,MI,Auto,3225.1,22,28,1,0,0,1
POL104185,Nancy Wilson,45,Male,TX,Life,779.32,71,28,1,0,0,0
POL104186,Karen Davis,75,Female,FL,Home,1904.43,93,74,0,0,0,0
POL104187,Lisa Garcia,22,Female,OH,Auto,3162.63,17,84,0,0,0,1
POL104188,David Garcia,25,Female,NY,Auto,2423.8,65,25,1,0,0,1
POL104189,Nancy Brown,42,Female,FL,Life,1740.93,92,85,1,1,2801.66,0
POL104190,Karen Lopez,44,Male,GA,Auto,1378.44,79,78,1,0,0,0
POL104191,Joseph Rodriguez,63,Male,OH,Auto,1625.3,53,86,0,0,0,0
POL104192,Jane Davis,40,Female,NC,Home,2026.83,69,117,0,0,0,1
POL104193,Lisa Williams,47,Female,CA,Auto,1457.13,50,26,0,0,0,0
POL104194,Jane Wilson,62,Male,CA,Home,3406.9,30,108,0,0,0,0
POL104195,Jessica Johnson,64,Female,NC,Home,3299.23,95,75,0,1,8033.04,1
POL104196,Jessica Jones,40,Male,GA,Home,3112.01,51,119,0,0,0,1
POL104197,William Lopez,66,Male,TX,Life,1765.49,83,71,1,0,0,0
POL104198,Karen Davis,64,Female,FL,Home,2573.91,83,17,1,0,0,1
POL104199,Jessica Brown,37,Male,FL,Auto,3208.49,38,82,1,0,0,0
POL104200,Emily Williams,35,Male,FL,Home,3051.29,89,7,1,0,0,1
POL104201,Nancy Martinez,35,Male,PA,Life,1742.98,74,56,1,0,0,1
POL104202,David Garcia,19,Female,CA,Life,837.16,26,64,0,0,0,1
POL104203,James Williams,21,Female,NY,Home,726.89,39,20,0,0,0,1
POL104204,Karen Lopez,47,Female,IL,Home,2231.19,35,38,0,1,10243.62,1
POL104205,Sarah Garcia,50,Male,NY,Home,2427.88,62,75,1,1,15614.82,1
POL104206,Jessica Davis,53,Male,MI,Home,3049.53,28,108,0,1,9577.36,1
POL104207,John Johnson,35,Male,OH,Life,1377.55,62,58,0,0,0,0
POL104208,Jessica Johnson,54,Female,CA,Auto,1002.41,94,16,1,1,8336.74,1
POL104209,Sarah Davis,36,Male,IL,Auto,1637.02,26,51,0,0,0,1
POL104210,Jessica Williams,64,Male,MI,Auto,1560.73,55,119,0,0,0,0
POL104211,David Garcia,45,Male,GA,Auto,897.41,94,27,0,0,0,0
POL104212,Lisa Martinez,57,Male,FL,Auto,2516.85,62,51,0,1,19890.73,0
POL104213,Michael Rodriguez,37,Female,CA,Auto,2026.08,73,75,1,0,0,1
POL104214,Jane Miller,66,Female,PA,Home,2663.37,54,16,1,0,0,0
POL104215,Nancy Wilson,50,Female,FL,Home,1558.07,58,87,0,0,0,0
POL104216,Joseph Johnson,29,Male,MI,Life,1477.11,28,60,1,0,0,1
POL104217,Sarah Rodriguez,75,Female,CA,Home,1917.73,80,76,0,1,14219.66,0
POL104218,William Johnson,68,Male,CA,Home,3132.22,90,40,1,0,0,0
POL104219,Joseph Jones,32,Female,IL,Home,620.84,74,67,0,0,0,1
POL104220,Robert Davis,58,Male,MI,Auto,2914.5,46,2,1,0,0,0
POL104221,James Martinez,56,Female,NC,Auto,1606.96,79,102,1,0,0,0
POL104222,James Brown,19,Female,FL,Life,3063.86,35,48,0,1,17290.87,1
POL104223,Lisa Brown,46,Male,NY,Life,2906.61,11,52,0,0,0,1
POL104224,Robert Williams,58,Male,GA,Auto,1546.28,68,24,1,0,0,1
POL104225,Jessica Miller,27,Male,IL,Life,2581.63,14,93,0,0,0,1
POL104226,Jane Garcia,19,Female,NC,Auto,978.9,46,111,0,0,0,1
POL104227,Emily Wilson,68,Female,TX,Auto,3188.84,40,110,0,0,0,0
POL104228,Lisa Miller,28,Female,NY,Auto,1713.47,85,98,1,0,0,0
POL104229,Joseph Miller,30,Female,GA,Life,1866.88,57,84,0,0,0,1
POL104230,Lisa Garcia,27,Female,FL,Home,2617.28,15,82,0,1,12050.86,1
POL104231,Robert Wilson,31,Female,OH,Auto,2962.52,24,78,0,0,0,1
POL104232,Emily Williams,35,Female,PA,Auto,1209.03,24,82,0,1,5673.36,0
POL104233,William Lopez,68,Male,CA,Auto,2484.05,70,2,1,0,0,0
POL104234,Jane Wilson,71,Male,CA,Auto,1675.99,25,65,0,0,0,1
POL104235,Karen Martinez,26,Male,NC,Life,1606.11,29,20,0,0,0,1
POL104236,Nancy Davis,74,Male,MI,Home,2570.08,86,34,1,1,14845.04,1
POL104237,Jane Martinez,56,Male,FL,Home,1661.55,53,41,1,0,0,0
POL104238,Lisa Davis,45,Female,MI,Home,1538.33,51,41,0,0,0,1
POL104239,Sarah Rodriguez,20,Female,IL,Home,3007.67,55,112,0,0,0,1
POL104240,Jane Davis,37,Female,NY,Life,803.83,43,75,1,0,0,1
POL104241,Michael Jones,23,Female,OH,Life,2527.68,73,91,0,0,0,1
POL104242,James Johnson,44,Female,PA,Life,1246.18,38,23,1,0,0,1
POL104243,Lisa Johnson,70,Male,PA,Home,546.49,12,38,0,0,0,0
POL104244,William Martinez,19,Female,GA,Auto,1000.29,18,44,0,0,0,1
POL104245,Joseph Miller,46,Male,NC,Home,2319.98,84,67,1,0,0,1
POL104246,Sarah Davis,55,Male,TX,Life,2627.38,84,62,0,1,5667.72,0
POL104247,William Lopez,20,Female,NY,Home,563.17,34,12,0,0,0,1
POL104248,John Johnson,33,Female,CA,Life,609.28,95,30,1,0,0,0
POL104249,Emily Williams,47,Female,MI,Life,3207.63,51,95,0,0,0,1
POL104250,Lisa Lopez,57,Male,NY,Home,719.92,55,87,1,0,0,0
POL104251,Joseph Smith,19,Female,IL,Auto,3182.55,82,65,1,0,0,0
POL104252,Joseph Williams,34,Female,FL,Life,1184.5,93,41,1,0,0,1
POL104253,William Williams,58,Female,TX,Home,2720.05,68,20,0,0,0,0
POL104254,Jessica Rodriguez,29,Female,TX,Auto,1429.2,30,118,1,1,10432.58,1
POL104255,David Miller,52,Female,FL,Life,3076.26,83,6,1,1,13805.68,1
POL104256,Lisa Martinez,60,Male,NY,Life,2601.36,31,75,0,0,0,1
POL104257,Jessica Brown,18,Male,TX,Auto,1705.44,38,99,0,0,0,1
POL104258,Emily Lopez,72,Male,FL,Auto,728.91,72,4,1,0,0,1
POL104259,Sarah Jones,62,Male,FL,Home,2698.1,82,93,0,1,9201.73,0
POL104260,Lisa Lopez,32,Female,FL,Life,2350.65,70,10,1,0,0,1
POL104261,David Miller,43,Female,TX,Home,508.74,73,51,1,0,0,1
POL104262,Karen Garcia,54,Female,IL,Life,528.26,78,93,0,0,0,1
POL104263,Jane Martinez,38,Male,GA,Home,2926.38,49,38,0,1,11312.74,1
POL104264,John Martinez,66,Female,NY,Auto,1278.2,84,1,1,0,0,1
POL104265,Robert Miller,48,Female,GA,Home,2408.4,10,104,0,0,0,0
POL104266,Nancy Williams,42,Male,FL,Life,1862.64,74,8,1,0,0,0
POL104267,Nancy Jones,40,Male,MI,Home,3090.29,71,102,0,1,9371.31,0
POL104268,John Garcia,41,Female,TX,Home,3250.88,63,81,0,0,0,0
POL104269,Robert Smith,74,Female,NY,Home,3490.42,69,83,0,1,31983.87,1
POL104270,John Wilson,55,Female,CA,Auto,961.05,55,63,1,0,0,1
POL104271,Robert Garcia,45,Female,FL,Auto,3088.89,14,33,0,0,0,0
POL104272,Jane Jones,38,Male,PA,Auto,1298.06,31,15,1,0,0,1
POL104273,Nancy Smith,71,Male,IL,Auto,2272.45,99,109,0,0,0,1
POL104274,Emily Miller,60,Female,OH,Life,2017.32,62,31,1,0,0,1
POL104275,Karen Martinez,35,Female,TX,Life,553.96,79,21,1,0,0,1
POL104276,James Lopez,53,Male,CA,Home,3298.31,41,3,1,0,0,0
POL104277,Sarah Wilson,52,Male,TX,Auto,734.98,20,66,0,1,2158.5,1
POL104278,James Miller,62,Female,GA,Auto,2564.66,19,35,0,0,0,0
POL104279,James Miller,72,Male,OH,Home,2855.02,48,41,0,0,0,0
POL104280,Robert Brown,26,Male,NY,Auto,2885.86,40,59,0,1,25986.8,1
POL104281,William Williams,70,Male,TX,Auto,906.48,21,16,1,1,5768.9,0
POL104282,Jessica Williams,55,Male,PA,Home,1842.71,89,56,1,1,16350.98,1
POL104283,Emily Rodriguez,75,Male,NY,Auto,2988.29,47,45,1,0,0,0
POL104284,James Garcia,47,Male,NC,Life,1408.04,76,115,0,0,0,1
POL104285,Nancy Miller,61,Male,TX,Life,1903.25,75,59,0,0,0,1
POL104286,Michael Jones,51,Male,OH,Auto,1318.38,61,50,1,1,7290.04,1
POL104287,Nancy Lopez,49,Female,CA,Auto,1890.65,14,85,1,0,0,0
POL104288,Michael Williams,20,Male,CA,Auto,3163.51,20,12,1,1,29689.18,1
POL104289,John Johnson,20,Female,TX,Auto,1865.37,34,92,0,0,0,1
POL104290,William Smith,45,Male,FL,Home,2167.74,44,12,0,0,0,0
POL104291,Michael Wilson,61,Female,CA,Home,1711.93,44,33,0,1,5645.38,0
POL104292,Jessica Lopez,32,Female,TX,Home,1880.35,31,84,0,0,0,1
POL104293,James Williams,58,Female,OH,Auto,545.52,46,104,0,0,0,0
POL104294,Jane Williams,40,Male,CA,Home,1351.24,95,49,1,0,0,1
POL104295,William Miller,57,Female,OH,Home,1809.75,64,21,1,0,0,0
POL104296,Nancy Davis,28,Female,FL,Auto,2401.39,84,60,1,0,0,0
POL104297,Joseph Wilson,65,Male,TX,Life,1850.16,81,52,0,1,11498.52,0
POL104298,Lisa Miller,49,Male,IL,Auto,1513.45,73,54,1,0,0,1
POL104299,Lisa Williams,75,Female,NC,Auto,1664.3,29,39,1,0,0,1
POL104300,Jessica Rodriguez,74,Female,NC,Home,1226.88,13,105,0,0,0,0
POL104301,James Rodriguez,71,Female,NC,Auto,3273.48,27,49,0,1,8411.63,0
POL104302,Nancy Davis,53,Female,MI,Life,2065.23,60,106,0,1,10948.55,0
POL104303,James Garcia,50,Male,MI,Home,540.23,77,64,1,1,3427.32,1
POL104304,Emily Williams,41,Male,PA,Life,558.34,29,100,0,0,0,1
POL104305,James Martinez,56,Female,GA,Life,3418.88,18,86,1,0,0,0
POL104306,John Martinez,51,Male,TX,Home,1164.35,89,26,1,0,0,0
POL104307,Jessica Wilson,73,Female,MI,Life,2916.82,35,71,0,0,0,0
POL104308,Emily Wilson,45,Male,NC,Life,674.83,34,7,1,0,0,0
POL104309,Robert Jones,54,Male,MI,Life,3263.49,77,72,1,0,0,0
POL104310,James Rodriguez,24,Male,FL,Life,3123.25,50,62,1,0,0,0
POL104311,Lisa Garcia,21,Female,GA,Life,2213.28,68,90,1,0,0,0
POL104312,John Smith,54,Male,OH,Home,527,54,88,1,0,0,1
POL104313,Lisa Davis,73,Female,TX,Life,1273.43,50,24,1,0,0,0
POL104314,Karen Garcia,18,Female,MI,Auto,1720.47,47,40,0,0,0,1
POL104315,Jane Martinez,18,Female,GA,Auto,1880.19,28,112,0,0,0,1
POL104316,Jessica Wilson,64,Male,IL,Life,1393.04,23,76,1,0,0,1
POL104317,Jane Williams,37,Female,PA,Life,598.84,30,47,1,1,3981.23,1
POL104318,Karen Wilson,36,Male,IL,Home,2270.38,24,8,0,0,0,0
POL104319,Robert Jones,46,Female,MI,Life,2072.46,12,54,0,0,0,1
POL104320,Jessica Rodriguez,27,Male,FL,Life,1349,46,9,0,0,0,0
POL104321,Jane Rodriguez,35,Female,NY,Auto,613.93,55,3,0,0,0,1
POL104322,Lisa Johnson,45,Male,FL,Life,3483.78,25,54,0,0,0,1
POL104323,Emily Davis,52,Male,OH,Home,1945.96,23,21,1,0,0,1
POL104324,William Wilson,60,Male,IL,Home,2768.01,18,95,0,0,0,1
POL104325,William Lopez,64,Male,OH,Life,1856.94,16,48,0,0,0,1
POL104326,Jane Lopez,48,Male,NC,Auto,629.51,23,47,0,0,0,1
POL104327,William Rodriguez,44,Female,GA,Auto,1428.8,15,88,1,0,0,0
POL104328,Joseph Martinez,28,Male,CA,Life,1460.33,94,68,1,0,0,1
POL104329,David Martinez,66,Male,MI,Auto,3015.06,24,84,0,0,0,1
POL104330,John Garcia,66,Female,CA,Life,2462.69,61,63,0,0,0,0
POL104331,Robert Smith,55,Female,TX,Life,1326.29,81,16,1,0,0,1
POL104332,Jessica Davis,22,Male,NY,Home,3403.22,43,74,0,0,0,0
POL104333,Robert Davis,25,Female,FL,Home,1464.63,10,107,1,0,0,1
POL104334,Lisa Wilson,51,Male,NC,Home,3494.7,78,90,1,0,0,0
POL104335,Sarah Miller,65,Female,CA,Auto,3488.49,95,93,0,0,0,1
POL104336,Sarah Jones,69,Female,NC,Home,1073.63,29,5,0,0,0,0
POL104337,David Williams,73,Male,GA,Home,1438.22,89,11,1,1,6625.87,0
POL104338,John Wilson,29,Male,OH,Auto,1958.13,16,29,0,0,0,1
POL104339,Lisa Wilson,55,Male,MI,Auto,2492.3,16,109,1,0,0,1
POL104340,David Wilson,18,Male,TX,Home,2084.14,59,79,1,0,0,1
POL104341,Joseph Martinez,48,Male,NY,Auto,3408.32,11,70,1,0,0,0
POL104342,David Smith,21,Female,NC,Home,2671.97,56,48,0,0,0,1
POL104343,William Davis,66,Male,TX,Auto,1136.13,23,15,1,0,0,0
POL104344,Lisa Williams,62,Female,NC,Auto,815.29,40,107,0,0,0,1
POL104345,Lisa Smith,67,Male,FL,Auto,2565.2,59,84,0,0,0,0
POL104346,William Jones,22,Male,TX,Life,975.36,70,34,1,0,0,0
POL104347,Joseph Wilson,47,Male,FL,Home,2863.03,50,60,1,0,0,1
POL104348,Lisa Smith,73,Female,NY,Auto,1433.11,23,62,1,0,0,0
POL104349,David Davis,41,Female,NC,Auto,1480.68,14,2,1,0,0,0
POL104350,Jane Williams,20,Female,MI,Auto,532.4,84,108,1,0,0,0
POL104351,Robert Johnson,28,Male,NC,Life,2603.03,14,80,1,0,0,1
POL104352,Nancy Jones,62,Female,CA,Life,839.81,73,19,1,0,0,0
POL104353,David Williams,21,Female,FL,Home,2818.64,38,98,0,0,0,1
POL104354,Lisa Jones,43,Male,NC,Home,1975.6,84,49,1,0,0,1
POL104355,David Jones,44,Female,NC,Home,2852.84,14,78,1,0,0,1
POL104356,John Wilson,63,Male,CA,Home,2251.78,45,88,0,0,0,0
POL104357,Jane Martinez,71,Female,PA,Auto,747.3,88,28,1,1,1605.84,1
POL104358,Michael Martinez,60,Female,NC,Home,2796.96,28,48,1,0,0,0
POL104359,Karen Williams,44,Female,NC,Home,709.4,73,96,1,0,0,1
POL104360,William Davis,59,Female,CA,Life,1936.11,31,37,1,1,13688.82,0
POL104361,Sarah Williams,68,Female,IL,Auto,1017.05,43,74,0,0,0,1
POL104362,David Wilson,67,Female,IL,Auto,2757.01,65,49,1,0,0,1
POL104363,Emily Davis,23,Female,PA,Auto,3234.77,26,109,0,0,0,1
POL104364,Michael Rodriguez,32,Male,NC,Auto,2162.38,85,48,0,0,0,1
POL104365,Nancy Smith,70,Male,TX,Life,2081.44,98,73,1,0,0,0
POL104366,Sarah Johnson,47,Male,TX,Auto,2791.89,65,88,0,0,0,0
POL104367,Michael Martinez,59,Female,NY,Life,515.24,26,100,1,0,0,0
POL104368,Nancy Williams,54,Female,OH,Auto,3253.28,83,29,1,0,0,0
POL104369,Nancy Davis,75,Female,GA,Auto,1092.35,91,60,1,0,0,0
POL104370,Joseph Miller,54,Female,FL,Auto,3452.36,27,29,0,0,0,0
POL104371,Joseph Miller,59,Male,TX,Auto,2708.76,54,58,0,1,15309.02,1
POL104372,Emily Lopez,54,Female,FL,Auto,2822.75,87,48,0,0,0,0
POL104373,Jessica Wilson,52,Male,CA,Home,2468.61,65,23,1,0,0,0
POL104374,William Williams,40,Male,NC,Home,1914.99,89,27,1,0,0,0
POL104375,Emily Martinez,23,Female,TX,Life,2214.88,59,95,0,0,0,1
POL104376,Karen Garcia,21,Female,MI,Auto,639.21,67,107,0,0,0,1
POL104377,John Lopez,35,Male,GA,Auto,2371.88,27,7,1,0,0,1
POL104378,David Johnson,26,Female,CA,Auto,2378.29,89,49,0,0,0,0
POL104379,John Williams,66,Female,OH,Auto,3173.6,90,54,1,0,0,0
POL104380,Jessica Miller,46,Male,NC,Auto,2016.97,16,109,0,0,0,0
POL104381,Jessica Jones,30,Female,CA,Auto,731.43,85,68,0,0,0,1
POL104382,Jessica Wilson,64,Female,PA,Auto,1418.59,19,78,0,0,0,0
POL104383,Joseph Rodriguez,69,Female,GA,Auto,2466.89,78,106,0,0,0,0
POL104384,Emily Miller,34,Male,TX,Home,1217.78,94,42,1,0,0,0
POL104385,William Wilson,62,Male,IL,Home,1341.58,12,74,0,0,0,0
POL104386,James Davis,49,Female,PA,Home,2961.41,92,59,0,0,0,1
POL104387,David Williams,65,Female,NY,Home,2252.96,53,44,0,0,0,0
POL104388,Robert Miller,39,Male,NY,Auto,2025.58,79,98,0,0,0,0
POL104389,John Jones,21,Female,NY,Life,1455.36,23,26,1,0,0,1
POL104390,Joseph Davis,22,Male,NY,Life,2692.78,13,23,0,0,0,1
POL104391,James Lopez,54,Female,NY,Auto,1363.16,27,73,0,0,0,0
POL104392,Sarah Rodriguez,58,Female,NY,Life,2711.19,61,101,1,0,0,0
POL104393,William Smith,66,Female,CA,Home,710.3,47,8,0,0,0,1
POL104394,Jane Rodriguez,30,Female,PA,Home,3093.62,89,53,1,0,0,0
POL104395,William Garcia,51,Female,TX,Home,1998.7,29,14,1,0,0,0
POL104396,Nancy Miller,62,Female,MI,Auto,1815.52,97,71,0,0,0,0
POL104397,Lisa Lopez,39,Female,CA,Home,2333.07,53,7,1,0,0,1
POL104398,Nancy Jones,70,Female,CA,Home,2372.58,60,9,1,0,0,0
POL104399,Sarah Jones,40,Female,FL,Auto,896.11,28,3,0,1,2386.76,0
POL104400,David Johnson,68,Male,GA,Home,2768.7,77,78,0,0,0,1
POL104401,David Lopez,20,Female,CA,Life,1327.78,75,17,1,1,12554.09,0
POL104402,Lisa Miller,59,Female,GA,Life,3214.89,22,114,1,0,0,1
POL104403,Jessica Lopez,51,Male,NC,Home,2953.55,71,44,1,0,0,0
POL104404,Karen Brown,49,Female,PA,Home,1538.8,70,86,0,1,14808.15,1
POL104405,Karen Lopez,62,Male,NY,Auto,2923.22,39,46,0,0,0,1
POL104406,Lisa Brown,68,Female,MI,Life,1569.17,39,90,0,0,0,0
POL104407,Robert Garcia,75,Female,NY,Auto,802.84,60,58,0,0,0,0
POL104408,William Wilson,66,Female,TX,Auto,3385.66,97,28,0,0,0,0
POL104409,Michael Garcia,38,Male,PA,Home,2457.81,57,109,1,0,0,0
POL104410,Robert Smith,63,Male,PA,Life,1868.3,42,14,1,0,0,0
POL104411,William Smith,61,Male,OH,Home,1693.32,83,9,1,0,0,0
POL104412,Nancy Johnson,38,Male,CA,Auto,1474.12,91,115,1,0,0,1
POL104413,John Miller,61,Female,NC,Auto,3444.34,28,26,0,0,0,0
POL104414,Jane Rodriguez,28,Male,IL,Auto,904.24,80,2,1,0,0,1
POL104415,Jane Lopez,56,Male,IL,Auto,1444.42,66,75,0,1,12683.67,0
POL104416,Jessica Garcia,21,Male,IL,Auto,1956.49,28,81,1,0,0,1
POL104417,Emily Wilson,68,Female,TX,Life,1934,97,34,1,0,0,0
POL104418,David Jones,18,Male,CA,Life,1914.1,88,19,1,0,0,1
POL104419,Emily Smith,45,Female,NC,Life,1027.35,50,39,0,0,0,0
POL104420,John Martinez,41,Female,TX,Home,934.8,51,82,1,1,8107.41,1
POL104421,Jane Smith,52,Male,MI,Home,1264.3,96,13,1,1,2956.83,0
POL104422,Lisa Lopez,30,Male,MI,Auto,3243.58,61,5,0,0,0,1
POL104423,Nancy Brown,64,Male,NC,Auto,839.16,13,50,0,0,0,1
POL104424,Lisa Lopez,51,Female,GA,Auto,2772.28,13,23,0,0,0,0
POL104425,Jane Wilson,28,Male,IL,Auto,2772.65,14,88,0,1,27571.43,0
POL104426,Jane Johnson,53,Male,GA,Home,2929.31,50,29,0,1,14363.1,0
POL104427,Nancy Martinez,68,Female,NC,Life,3159.85,96,112,0,0,0,1
POL104428,Michael Miller,34,Male,CA,Auto,1289.11,70,111,1,0,0,1
POL104429,William Lopez,52,Female,TX,Auto,1173.68,84,72,1,1,6775.72,0
POL104430,Lisa Williams,35,Male,TX,Auto,1896.52,64,26,0,0,0,1
POL104431,Jane Wilson,57,Female,IL,Life,1295.27,84,79,0,0,0,0
POL104432,Michael Jones,39,Female,NC,Home,2702.93,22,57,1,1,22712.36,0
POL104433,David Davis,74,Female,MI,Home,2407.82,23,1,0,1,8231.64,0
POL104434,William Johnson,41,Male,NY,Auto,3124.96,69,28,1,1,18663.79,0
POL104435,William Davis,75,Male,PA,Life,748.21,81,113,0,0,0,0
POL104436,David Miller,36,Male,OH,Life,3245.25,34,62,0,1,8399.15,1
POL104437,Karen Lopez,54,Male,GA,Auto,1380.05,91,47,0,0,0,1
POL104438,Joseph Garcia,56,Male,NY,Auto,1972.08,53,110,0,0,0,0
POL104439,David Williams,38,Male,NC,Home,1815.83,91,78,0,0,0,1
POL104440,Joseph Johnson,25,Female,OH,Life,2780.93,19,106,0,1,15391.03,0
POL104441,David Smith,45,Female,GA,Auto,1761,80,98,0,1,10996.04,0
POL104442,James Miller,22,Male,NY,Auto,3330.66,59,59,1,0,0,0
POL104443,Sarah Smith,34,Male,NY,Life,3207.6,53,31,1,0,0,1
POL104444,David Jones,54,Female,MI,Auto,3116.48,23,70,0,0,0,1
POL104445,Michael Davis,53,Female,NY,Home,713.77,24,49,1,0,0,0
POL104446,Jane Davis,71,Male,NY,Auto,3062.77,25,5,1,0,0,0
POL104447,Emily Martinez,36,Male,IL,Home,2844.91,11,31,0,0,0,1
POL104448,James Williams,44,Male,FL,Auto,810.54,39,37,0,0,0,0
POL104449,William Davis,70,Male,OH,Home,822.24,39,79,0,1,4349.94,1
POL104450,Jane Williams,51,Female,PA,Life,803.49,91,15,1,0,0,1
POL104451,Robert Miller,28,Male,PA,Home,534,40,52,0,1,1116.4,1
POL104452,Emily Martinez,71,Female,CA,Home,2145.9,86,107,1,0,0,0
POL104453,William Johnson,62,Female,PA,Life,3420.18,29,69,0,1,19228.19,0
POL104454,Jessica Wilson,64,Male,NC,Life,1816.05,58,92,1,0,0,1
POL104455,David Johnson,29,Female,IL,Home,2122.27,44,97,0,0,0,0
POL104456,John Johnson,71,Male,NC,Life,3403.91,32,11,0,0,0,0
POL104457,Jane Martinez,38,Male,TX,Auto,1265.55,70,43,1,0,0,0
POL104458,Karen Jones,71,Male,OH,Home,3075.41,93,70,1,0,0,0
POL104459,Joseph Davis,28,Female,OH,Life,2139.17,64,23,1,0,0,1
POL104460,John Davis,56,Male,MI,Life,2208.43,76,40,0,0,0,1
POL104461,Michael Lopez,45,Male,CA,Life,1529.52,17,63,0,0,0,1
POL104462,William Smith,22,Male,FL,Home,2184.75,49,2,0,0,0,1
POL104463,John Lopez,34,Male,OH,Home,719.43,68,79,1,0,0,1
POL104464,James Jones,73,Female,TX,Home,2793.93,41,87,0,1,15327.54,1
POL104465,Michael Wilson,37,Male,IL,Home,1354.06,16,86,0,1,5042.21,1
POL104466,Sarah Miller,58,Female,NC,Auto,3162.82,11,73,0,1,29520.54,1
POL104467,Lisa Smith,63,Female,FL,Life,1603.55,94,47,1,0,0,0
POL104468,Robert Wilson,75,Female,PA,Life,928.47,15,104,0,1,4689.92,1
POL104469,Joseph Davis,29,Male,PA,Auto,2587.64,45,30,1,0,0,1
POL104470,Jessica Miller,23,Female,NY,Home,993.73,41,16,1,0,0,1
POL104471,James Wilson,34,Female,PA,Auto,2761.04,54,59,1,0,0,0
POL104472,Joseph Johnson,68,Female,IL,Home,3404.34,51,110,1,0,0,0
POL104473,Robert Brown,36,Male,TX,Home,2838.66,62,47,1,0,0,1
POL104474,John Miller,43,Male,MI,Life,567.35,18,116,0,0,0,0
POL104475,Karen Davis,65,Female,OH,Life,2299.66,84,30,1,0,0,1
POL104476,Jane Martinez,61,Female,NY,Auto,2586.23,96,109,0,0,0,1
POL104477,Robert Garcia,61,Female,NC,Life,2976.37,84,9,1,1,26325.95,1
POL104478,Sarah Lopez,69,Female,NY,Home,668.01,58,65,0,0,0,0
POL104479,David Miller,49,Female,GA,Auto,1940.32,11,59,0,0,0,1
POL104480,John Lopez,23,Male,NY,Life,2106.11,76,102,0,0,0,1
POL104481,William Johnson,72,Male,OH,Home,1007.37,20,64,1,0,0,1
POL104482,Sarah Rodriguez,75,Female,FL,Life,1467.35,59,8,1,1,3568.8,1
POL104483,Nancy Garcia,53,Female,FL,Auto,1820.67,44,52,0,0,0,0
POL104484,Jane Davis,55,Female,OH,Home,2999.63,24,18,0,0,0,0
POL104485,Joseph Jones,28,Female,MI,Life,3288.22,84,91,1,1,13844.91,1
POL104486,William Brown,50,Male,MI,Auto,2385.27,40,82,0,0,0,1
POL104487,Michael Rodriguez,41,Female,NC,Auto,1684.84,71,96,0,1,5052.52,1
POL104488,John Miller,40,Male,GA,Auto,1262.09,37,58,1,0,0,1
POL104489,William Brown,32,Female,MI,Home,3446.41,34,49,0,1,17133.8,1
POL104490,David Wilson,44,Female,PA,Life,3449.06,93,32,1,1,8446.44,1
POL104491,James Johnson,28,Female,NY,Auto,3274.93,34,117,0,0,0,1
POL104492,William Wilson,74,Male,MI,Life,2857.01,84,48,1,0,0,1
POL104493,Sarah Davis,68,Female,NC,Life,1477.34,92,45,0,0,0,1
POL104494,Jane Lopez,67,Male,TX,Home,2951,10,54,0,1,15489.2,0
POL104495,Jessica Wilson,34,Male,TX,Home,1726.38,68,100,1,0,0,1
POL104496,Emily Williams,68,Female,CA,Home,1480.32,78,100,0,1,6673.14,1
POL104497,John Brown,70,Male,NY,Life,2734.6,83,85,0,0,0,1
POL104498,John Wilson,31,Female,IL,Home,738.96,51,46,0,0,0,1
POL104499,Lisa Brown,44,Female,NY,Life,645.69,43,96,0,0,0,1
POL104500,Jessica Miller,35,Female,CA,Home,1843.86,75,31,1,0,0,0
POL104501,Jane Rodriguez,45,Male,OH,Life,1836.92,27,37,1,0,0,1
POL104502,William Jones,68,Female,IL,Life,3186.93,86,16,1,0,0,1
POL104503,Jessica Rodriguez,64,Female,NC,Life,878.46,14,46,1,0,0,0
POL104504,Nancy Davis,64,Male,CA,Auto,869.85,29,46,0,0,0,1
POL104505,John Smith,21,Male,NC,Auto,942.36,75,78,0,0,0,0
POL104506,Sarah Smith,24,Male,NC,Home,589.21,84,88,1,0,0,1
POL104507,Sarah Wilson,62,Male,NY,Auto,715.2,71,89,1,1,2430.38,0
POL104508,John Miller,52,Male,IL,Life,2479.61,41,61,1,0,0,1
POL104509,Jane Brown,65,Female,IL,Auto,1794.75,67,46,1,1,12488.81,1
POL104510,Joseph Lopez,26,Male,TX,Home,2790.81,59,51,1,0,0,1
POL104511,William Rodriguez,25,Male,NC,Life,3477.79,47,62,1,1,33326.78,0
POL104512,Jessica Lopez,69,Male,GA,Auto,2477.1,64,35,0,0,0,1
POL104513,Nancy Rodriguez,62,Female,GA,Auto,651.37,37,81,0,0,0,1
POL104514,Michael Wilson,34,Female,FL,Auto,813.69,83,110,1,0,0,1
POL104515,Lisa Brown,34,Male,NC,Auto,3143.01,95,42,1,0,0,0
POL104516,Jane Smith,66,Male,FL,Auto,2082.49,90,45,1,0,0,1
POL104517,Karen Williams,50,Female,OH,Auto,2974.51,31,118,0,1,9698.28,1
POL104518,Jessica Lopez,49,Female,FL,Auto,3069.84,52,68,0,0,0,0
POL104519,John Davis,25,Female,NC,Auto,3283.02,92,75,1,0,0,0
POL104520,Lisa Smith,36,Female,CA,Life,3349.49,90,47,1,0,0,1
POL104521,Emily Wilson,55,Female,OH,Home,2164.48,97,79,1,1,16342.3,1
POL104522,William Williams,20,Male,IL,Life,1523.06,45,30,0,0,0,0
POL104523,John Williams,22,Male,FL,Auto,3385.59,61,24,1,1,26442.26,1
POL104524,William Smith,30,Female,TX,Auto,2142.22,45,66,1,0,0,0
POL104525,David Johnson,64,Female,CA,Life,692.76,37,43,1,0,0,1
POL104526,Jessica Martinez,63,Male,TX,Home,2428.33,87,34,1,1,13924.1,0
POL104527,Michael Martinez,48,Female,OH,Life,2263.05,67,23,0,1,20662.06,0
POL104528,Jane Johnson,72,Male,MI,Life,3187.38,45,61,1,0,0,0
POL104529,Jane Davis,33,Female,IL,Home,2459.56,79,95,0,1,23892.94,0
POL104530,Lisa Martinez,67,Female,TX,Life,1547.16,18,37,0,0,0,0
POL104531,Emily Johnson,49,Female,NC,Life,3398.68,30,13,1,0,0,1
POL104532,Joseph Brown,39,Male,MI,Auto,2904.86,73,97,0,0,0,0
POL104533,James Garcia,46,Female,IL,Life,2391.25,85,71,1,0,0,0
POL104534,Joseph Wilson,39,Female,OH,Auto,1378.78,70,96,0,0,0,1
POL104535,William Miller,60,Female,IL,Home,1620.62,49,7,0,0,0,0
POL104536,Sarah Johnson,20,Male,TX,Auto,2509.91,65,42,1,0,0,1
POL104537,William Martinez,71,Male,NY,Home,715.94,13,38,0,1,3278.36,0
POL104538,Robert Williams,27,Female,FL,Home,1270.04,40,52,0,0,0,0
POL104539,Sarah Brown,59,Male,OH,Life,2641.7,36,44,0,1,18581.14,0
POL104540,Joseph Smith,38,Female,TX,Auto,1940.06,67,64,1,1,13830.31,1
POL104541,Lisa Williams,33,Male,PA,Life,1707.18,34,13,1,0,0,1
POL104542,Sarah Johnson,29,Male,NC,Auto,954.37,78,88,0,0,0,0
POL104543,Jane Jones,19,Male,OH,Life,1825.55,79,28,1,0,0,1
POL104544,Michael Miller,58,Male,FL,Auto,2812.08,14,96,0,0,0,1
POL104545,Michael Wilson,41,Male,CA,Home,1292.04,17,107,0,0,0,0
POL104546,Sarah Rodriguez,52,Male,IL,Auto,516.2,18,82,0,0,0,0
POL104547,Michael Davis,73,Female,IL,Life,2505.51,24,98,0,0,0,0
POL104548,Emily Martinez,47,Male,CA,Life,3417.88,16,112,1,0,0,0
POL104549,John Williams,74,Male,GA,Life,2320.48,81,98,1,0,0,0
POL104550,Jane Lopez,47,Female,NY,Home,859.77,24,115,0,0,0,0
POL104551,Lisa Miller,64,Female,OH,Life,1462.2,46,102,0,1,7209.96,0
POL104552,Joseph Williams,52,Male,IL,Home,3102.92,92,1,1,0,0,1
POL104553,John Davis,36,Female,OH,Auto,1197.7,48,43,0,1,5021.63,0
POL104554,Jane Smith,67,Male,TX,Life,2323.09,15,114,1,1,21922.6,0
POL104555,John Williams,25,Female,PA,Home,1708.01,92,42,1,1,28062.07,1
POL104556,Jane Wilson,43,Female,PA,Life,1123.53,66,95,0,0,0,0
POL104557,William Martinez,66,Male,IL,Auto,2940.22,90,50,0,0,0,1
POL104558,David Miller,57,Female,NY,Home,2728.49,28,60,1,0,0,1
POL104559,Karen Davis,24,Male,TX,Auto,2484.77,72,1,1,0,0,1
POL104560,Karen Williams,47,Female,OH,Auto,1209.01,40,51,0,0,0,0
POL104561,Emily Williams,24,Female,FL,Auto,793.57,84,16,1,0,0,1
POL104562,William Jones,20,Female,PA,Auto,2228.48,88,39,0,0,0,0
POL104563,Robert Davis,18,Female,PA,Home,2161.03,19,15,1,0,0,0
POL104564,James Brown,53,Female,NC,Home,1065.16,96,33,1,0,0,0
POL104565,Michael Martinez,42,Male,TX,Life,668.74,76,87,0,0,0,0
POL104566,Karen Smith,54,Male,IL,Home,742.13,71,53,0,1,1835.25,1
POL104567,Lisa Williams,18,Female,FL,Auto,3478.31,12,105,0,1,8761.91,1
POL104568,Karen Davis,32,Male,NY,Auto,2850.75,27,98,0,0,0,1
POL104569,Lisa Johnson,54,Female,CA,Life,3265.96,34,17,0,1,30509.34,0
POL104570,William Jones,30,Female,GA,Home,1085.16,29,89,0,0,0,1
POL104571,Sarah Miller,57,Female,OH,Auto,3381.71,67,106,0,0,0,1
POL104572,John Rodriguez,25,Female,IL,Auto,927.96,95,6,1,1,2034.07,0
POL104573,Emily Brown,22,Male,OH,Auto,2027.25,59,31,1,0,0,1
POL104574,Jane Rodriguez,26,Female,IL,Home,2989.09,88,69,1,0,0,1
POL104575,Jane Martinez,18,Male,IL,Home,1549.41,19,104,1,0,0,1
POL104576,Sarah Rodriguez,53,Male,NC,Auto,1774.49,30,40,0,0,0,1
POL104577,Robert Brown,52,Female,MI,Auto,884.56,38,30,0,1,6502.91,1
POL104578,Jessica Lopez,19,Male,NC,Auto,868.77,19,69,0,1,2977.66,1
POL104579,William Brown,57,Female,NC,Home,2358.7,22,76,1,0,0,1
POL104580,David Smith,40,Female,NY,Auto,2526.6,56,7,1,1,4545.54,1
POL104581,Emily Johnson,26,Male,FL,Home,2832,32,109,1,1,5683.6,0
POL104582,Joseph Williams,51,Male,CA,Life,2170.05,59,13,1,1,10144.85,0
POL104583,William Davis,63,Female,PA,Home,2437.28,96,113,1,0,0,0
POL104584,Jessica Williams,31,Male,FL,Life,540.55,13,4,1,0,0,1
POL104585,Michael Lopez,21,Male,NC,Home,986.51,76,50,1,0,0,0
POL104586,John Smith,47,Female,NC,Life,3454.74,94,106,1,1,7460.52,1
POL104587,William Garcia,48,Male,NC,Life,727.98,62,3,1,1,4783.87,0
POL104588,David Brown,55,Male,TX,Home,2536.36,11,12,0,1,17758.74,0
POL104589,James Jones,28,Male,IL,Auto,1028.25,77,65,1,0,0,1
POL104590,Sarah Martinez,52,Female,PA,Auto,2650.16,74,27,1,0,0,0
POL104591,Joseph Davis,25,Female,TX,Life,2617.97,88,107,1,1,24475.31,1
POL104592,John Johnson,20,Male,GA,Life,1202.6,66,50,1,0,0,1
POL104593,Karen Smith,31,Male,MI,Auto,1308.9,79,77,0,0,0,0
POL104594,Robert Williams,30,Female,NY,Life,2464.31,16,17,0,0,0,1
POL104595,Michael Smith,62,Male,PA,Life,1670.26,28,72,0,0,0,1
POL104596,Jessica Rodriguez,49,Male,NY,Auto,1083.64,53,32,1,0,0,0
POL104597,Jane Johnson,51,Female,IL,Auto,2695.04,72,84,1,0,0,1
POL104598,Emily Wilson,62,Male,NY,Home,962.44,74,51,1,0,0,0
POL104599,Jessica Martinez,36,Female,IL,Home,3066.93,48,17,0,1,23966.41,1
POL104600,Lisa Garcia,55,Male,FL,Home,2044.01,92,34,1,0,0,0
POL104601,James Brown,33,Male,FL,Home,817.1,35,35,0,1,4629.17,1
POL104602,Karen Lopez,19,Female,FL,Auto,2582.22,53,99,1,0,0,0
POL104603,Sarah Brown,57,Female,FL,Home,2057.49,21,102,0,1,10610.36,0
POL104604,Joseph Johnson,34,Female,PA,Life,1394.17,31,106,0,0,0,1
POL104605,Sarah Brown,72,Female,FL,Life,1767.62,86,24,1,0,0,1
POL104606,Jane Brown,51,Female,NC,Home,1395.01,23,54,1,0,0,0
POL104607,Karen Miller,59,Female,IL,Life,1289.08,95,18,1,0,0,0
POL104608,Nancy Brown,33,Female,MI,Life,990.83,39,50,0,0,0,1
POL104609,James Brown,55,Male,PA,Life,1588.3,53,46,0,0,0,0
POL104610,Jane Davis,19,Male,CA,Home,1252.96,93,48,1,1,6213.93,1
POL104611,Lisa Davis,19,Male,OH,Auto,2550.3,47,103,1,0,0,0
POL104612,John Miller,43,Male,FL,Home,2551.63,68,33,0,0,0,0
POL104613,Michael Brown,30,Male,TX,Home,2005.52,51,113,0,0,0,1
POL104614,Lisa Davis,73,Female,CA,Auto,2833.83,61,87,0,0,0,0
POL104615,Michael Miller,64,Male,CA,Auto,3024.02,72,89,1,0,0,1
POL104616,Sarah Williams,48,Female,CA,Auto,2239.3,70,101,0,0,0,1
POL104617,Jessica Wilson,51,Male,MI,Home,2356.81,43,27,1,0,0,1
POL104618,Emily Lopez,56,Male,GA,Life,1348.66,48,1,1,1,6965.03,1
POL104619,Sarah Jones,20,Female,NC,Life,3184.61,50,85,0,0,0,1
POL104620,Emily Garcia,25,Female,GA,Home,572.62,46,59,0,0,0,1
POL104621,Michael Smith,40,Female,CA,Life,1545.81,74,113,0,1,15036.16,0
POL104622,Karen Martinez,31,Female,NC,Life,2665.4,88,10,1,0,0,1
POL104623,John Jones,73,Male,NY,Home,740.27,41,95,1,0,0,1
POL104624,Michael Johnson,72,Male,MI,Auto,1049.51,17,108,0,0,0,1
POL104625,Nancy Davis,44,Male,FL,Life,2267.86,27,25,1,0,0,0
POL104626,Jessica Miller,71,Male,FL,Home,2179.98,54,84,1,0,0,1
POL104627,Michael Garcia,46,Male,MI,Auto,2716.78,42,57,1,0,0,0
POL104628,Emily Jones,56,Male,CA,Life,2937.84,14,66,1,0,0,1
POL104629,Lisa Williams,70,Male,FL,Home,885.74,91,119,0,0,0,1
POL104630,Joseph Lopez,56,Male,GA,Home,555.14,83,112,0,0,0,0
POL104631,Lisa Williams,18,Male,FL,Home,2568.92,45,15,0,0,0,1
POL104632,Lisa Rodriguez,34,Female,TX,Life,1404.18,32,28,1,0,0,0
POL104633,Nancy Brown,58,Male,OH,Life,2377.95,49,13,0,0,0,0
POL104634,Jane Miller,47,Female,PA,Auto,951.63,14,114,0,1,6939.25,1
POL104635,Nancy Rodriguez,70,Male,FL,Home,1907.12,43,116,1,0,0,1
POL104636,Jessica Brown,30,Male,NY,Home,2013.27,33,118,1,0,0,1
POL104637,Lisa Davis,38,Male,OH,Life,2255.23,26,14,1,0,0,1
POL104638,Nancy Davis,36,Female,NY,Life,2039.51,80,114,0,0,0,0
POL104639,David Smith,70,Female,CA,Auto,1987.07,90,66,0,0,0,0
POL104640,Karen Miller,36,Female,CA,Auto,1498.2,31,34,0,1,6261.4,0
POL104641,Karen Brown,74,Female,MI,Life,713.54,24,99,0,1,5521.24,0
POL104642,Emily Garcia,42,Female,NC,Life,768.56,24,101,0,0,0,0
POL104643,James Martinez,39,Male,GA,Home,1801.33,34,25,0,0,0,1
POL104644,Emily Martinez,48,Male,PA,Home,1567.38,62,112,0,0,0,1
POL104645,Michael Martinez,34,Female,OH,Auto,2048.4,30,54,0,0,0,0
POL104646,John Miller,72,Female,CA,Home,1414.51,75,79,1,0,0,0
POL104647,John Smith,40,Female,GA,Auto,2563.73,41,12,1,0,0,1
POL104648,Jessica Wilson,49,Female,NC,Home,3091.86,30,9,0,0,0,1
POL104649,Joseph Rodriguez,27,Female,OH,Home,1396.59,77,31,1,1,6015.49,0
POL104650,John Miller,27,Female,NC,Home,1078.95,53,78,0,0,0,1
POL104651,Robert Miller,53,Female,NC,Home,848.54,92,93,0,0,0,1
POL104652,Jessica Wilson,25,Male,NY,Auto,2348.76,75,53,1,0,0,0
POL104653,Nancy Johnson,71,Male,NY,Auto,1831.57,99,112,1,0,0,1
POL104654,Jessica Davis,69,Male,TX,Home,1064.05,23,43,0,1,2733.09,0
POL104655,Emily Johnson,37,Female,FL,Life,2459.41,24,38,0,0,0,0
POL104656,Robert Smith,49,Male,NY,Auto,945.45,29,42,0,0,0,1
POL104657,Karen Wilson,67,Female,NY,Auto,2162.9,43,72,1,1,11983.68,0
POL104658,James Brown,31,Female,MI,Home,2081.45,45,48,1,0,0,1
POL104659,Michael Garcia,67,Female,CA,Auto,2702.68,92,67,0,0,0,1
POL104660,David Brown,45,Female,PA,Home,665.33,18,66,0,0,0,1
POL104661,William Johnson,63,Male,OH,Home,3163.62,80,16,1,0,0,1
POL104662,John Davis,69,Female,CA,Life,2608.98,39,83,0,0,0,0
POL104663,William Jones,70,Female,NC,Auto,1148.38,86,94,1,1,18106.97,1
POL104664,Michael Wilson,41,Male,TX,Auto,1050.22,72,105,1,0,0,1
POL104665,Jessica Martinez,32,Male,MI,Life,1794.98,44,16,0,0,0,1
POL104666,Karen Martinez,39,Female,NC,Auto,2952.7,22,31,0,1,13907.54,1
POL104667,John Davis,47,Female,NY,Auto,3028.85,88,118,1,1,26920.36,0
POL104668,Jessica Williams,21,Female,FL,Life,2061.37,55,58,1,0,0,1
POL104669,Nancy Wilson,30,Female,OH,Home,3082.43,65,28,1,0,0,1
POL104670,James Williams,40,Male,PA,Life,516.33,18,4,0,1,2472.75,1
POL104671,Joseph Garcia,25,Male,GA,Life,605.52,96,10,1,0,0,1
POL104672,William Davis,35,Female,GA,Auto,3235.46,45,51,1,0,0,1
POL104673,Karen Lopez,29,Female,IL,Auto,2826,12,109,0,0,0,0
POL104674,John Lopez,72,Male,IL,Life,1852.12,28,18,0,0,0,0
POL104675,Jane Miller,48,Male,MI,Home,2760.83,37,47,1,0,0,1
POL104676,Karen Garcia,31,Male,CA,Auto,3366.92,32,32,0,0,0,0
POL104677,Robert Smith,51,Female,OH,Auto,2816.27,16,30,0,0,0,0
POL104678,David Miller,35,Female,NY,Home,3027.11,85,36,1,1,27084.35,0
POL104679,Joseph Jones,73,Male,MI,Home,2781.82,23,9,1,0,0,0
POL104680,Karen Martinez,51,Male,FL,Auto,1004.63,55,36,1,0,0,0
POL104681,Robert Martinez,28,Female,OH,Auto,3000.72,24,29,0,0,0,1
POL104682,Joseph Brown,58,Female,PA,Auto,1085.33,76,16,1,0,0,1
POL104683,Joseph Lopez,29,Male,MI,Life,3177.83,24,92,0,0,0,1
POL104684,Jane Martinez,66,Female,PA,Home,1875.95,60,21,1,0,0,1
POL104685,Sarah Wilson,32,Female,TX,Home,2530.93,97,64,1,0,0,1
POL104686,John Rodriguez,74,Male,NY,Life,1991.72,17,111,1,1,19887.47,0
POL104687,William Garcia,48,Female,CA,Life,781.97,78,66,0,0,0,0
POL104688,John Johnson,66,Male,IL,Life,1372.17,71,59,1,0,0,1
POL104689,James Garcia,75,Female,MI,Home,3451.2,60,110,0,0,0,1
POL104690,Jessica Martinez,46,Female,CA,Auto,3382.14,72,99,0,0,0,0
POL104691,John Garcia,43,Female,CA,Home,1461.46,77,118,1,0,0,0
POL104692,Sarah Williams,35,Male,NC,Auto,3488.89,87,28,0,0,0,1
POL104693,William Rodriguez,49,Female,MI,Home,3036.65,25,55,0,1,17008.31,0
POL104694,Karen Johnson,39,Female,IL,Life,2332.88,93,100,0,0,0,1
POL104695,Robert Wilson,55,Male,CA,Life,620.37,33,31,0,1,5176.6,0
POL104696,Joseph Brown,34,Male,NC,Auto,3204.34,15,33,0,0,0,1
POL104697,Michael Garcia,40,Female,IL,Life,2172.29,66,87,1,0,0,0
POL104698,Emily Rodriguez,41,Female,FL,Home,3105.43,40,60,1,1,25906.73,0
POL104699,Jane Lopez,67,Female,FL,Auto,3003.29,15,41,0,0,0,0
POL104700,Jessica Wilson,25,Male,OH,Life,2999.02,88,81,0,1,56226.46,1
POL104701,Joseph Martinez,58,Female,NC,Life,2594.52,38,46,0,0,0,0
POL104702,Nancy Wilson,23,Male,GA,Home,1374.25,76,49,0,1,3053.04,1
POL104703,Emily Wilson,22,Male,PA,Life,1508.48,84,65,1,0,0,1
POL104704,Joseph Brown,61,Female,NY,Auto,1425.41,12,42,1,0,0,0
POL104705,Sarah Garcia,74,Male,MI,Auto,560.14,37,23,0,0,0,0
POL104706,David Rodriguez,46,Male,TX,Home,2247.71,83,112,0,0,0,0
POL104707,William Miller,45,Male,OH,Home,2596.5,57,27,1,1,9880.65,1
POL104708,David Smith,28,Male,FL,Auto,3061.6,89,89,1,0,0,0
POL104709,Jane Garcia,74,Male,TX,Home,920.5,19,32,0,0,0,0
POL104710,Sarah Davis,18,Female,TX,Life,2132.55,42,83,0,0,0,1
POL104711,Jessica Rodriguez,60,Male,FL,Home,524.02,76,88,0,0,0,0
POL104712,Robert Johnson,36,Male,MI,Life,785.28,78,3,1,0,0,0
POL104713,Jessica Wilson,26,Female,MI,Life,662.64,21,60,0,0,0,0
POL104714,Robert Lopez,44,Male,NC,Auto,2676.43,66,76,1,0,0,0
POL104715,Nancy Rodriguez,51,Female,TX,Life,743.18,53,99,0,0,0,0
POL104716,David Davis,61,Male,CA,Life,2649.36,22,79,0,1,21263.39,1
POL104717,Lisa Garcia,21,Female,FL,Life,1248.87,33,17,0,0,0,0
POL104718,Joseph Lopez,53,Male,GA,Home,3133.14,53,114,1,1,19682.74,0
POL104719,Karen Johnson,35,Male,IL,Auto,2939.45,66,32,1,0,0,1
POL104720,Emily Davis,32,Female,PA,Auto,3373.49,25,7,0,0,0,1
POL104721,Jane Johnson,68,Female,PA,Auto,3151.29,30,83,0,0,0,0
POL104722,James Williams,30,Male,OH,Life,3299.99,85,71,1,0,0,1
POL104723,David Johnson,36,Female,CA,Auto,3076.23,60,69,1,1,19247.13,0
POL104724,Jane Williams,66,Male,CA,Auto,2580.15,30,58,1,0,0,0
POL104725,David Johnson,23,Female,IL,Life,1010.78,69,40,0,0,0,1
POL104726,Karen Williams,65,Female,NY,Life,1315.12,60,85,1,0,0,0
POL104727,Jessica Williams,73,Male,IL,Auto,1138.18,30,112,0,0,0,0
POL104728,Nancy Brown,29,Male,TX,Auto,2310.76,15,48,0,0,0,1
POL104729,Robert Lopez,68,Male,NC,Home,2010.86,82,51,0,1,5857.29,1
POL104730,John Jones,54,Male,NC,Life,3101.24,74,57,1,0,0,1
POL104731,James Lopez,34,Female,OH,Life,3358.02,85,111,0,0,0,0
POL104732,Robert Williams,75,Male,NY,Auto,1714.58,67,71,1,0,0,0
POL104733,Jessica Garcia,40,Male,PA,Life,2019.05,87,37,1,0,0,1
POL104734,James Davis,43,Female,NY,Auto,3414.55,15,87,1,1,13281.92,0
POL104735,Karen Lopez,46,Male,PA,Auto,1328.72,74,75,1,1,7881.09,0
POL104736,John Jones,50,Female,FL,Life,2877.17,95,74,0,0,0,0
POL104737,Emily Johnson,44,Male,GA,Auto,1175.72,43,85,1,0,0,0
POL104738,John Brown,42,Female,OH,Auto,2544.38,65,55,0,1,9811.24,1
POL104739,Nancy Rodriguez,73,Male,OH,Auto,1260.85,84,41,1,0,0,1
POL104740,William Garcia,72,Male,OH,Auto,3151.2,12,97,0,0,0,0
POL104741,James Martinez,27,Female,NY,Auto,2184.43,51,20,1,0,0,1
POL104742,Sarah Lopez,64,Female,NC,Auto,1057.8,71,33,1,0,0,0
POL104743,William Garcia,40,Female,CA,Home,1173.11,15,40,0,1,3856.49,1
POL104744,Jessica Martinez,38,Male,CA,Life,1981.55,15,99,0,1,4450.42,1
POL104745,William Wilson,38,Female,TX,Home,3384.81,72,34,1,0,0,0
POL104746,Robert Rodriguez,60,Female,OH,Life,2808.93,29,62,0,1,7931.49,1
POL104747,Jessica Davis,30,Male,NY,Life,1964.93,30,100,0,0,0,1
POL104748,David Martinez,54,Female,NY,Auto,1513.16,11,91,0,0,0,0
POL104749,Michael Jones,50,Male,FL,Life,2147.81,99,19,1,1,17258.46,0
POL104750,Michael Jones,41,Male,NY,Home,2745.08,99,43,1,0,0,1
POL104751,Emily Davis,61,Male,NC,Life,2851.79,65,69,1,0,0,0
POL104752,Sarah Jones,28,Male,FL,Auto,1473.83,19,63,0,0,0,1
POL104753,Joseph Smith,34,Male,PA,Home,2663.48,96,93,1,0,0,0
POL104754,Michael Garcia,21,Male,OH,Life,2473.37,79,10,1,1,18821.41,1
POL104755,David Davis,64,Female,OH,Home,3377.34,32,119,1,1,6381.78,0
POL104756,Michael Martinez,42,Male,MI,Life,3293.27,39,104,0,0,0,1
POL104757,Michael Wilson,47,Male,CA,Home,2868.14,87,13,1,0,0,1
POL104758,Robert Jones,26,Male,NY,Home,2670.18,46,93,1,0,0,1
POL104759,Michael Williams,38,Male,OH,Home,1322.12,64,5,0,0,0,1
POL104760,Nancy Wilson,37,Female,TX,Auto,3037.9,58,58,0,0,0,1
POL104761,Karen Lopez,36,Female,GA,Auto,1782.52,43,59,0,0,0,1
POL104762,Joseph Williams,36,Male,CA,Life,1316.72,53,76,0,0,0,1
POL104763,Michael Brown,29,Male,PA,Auto,1652.48,31,59,0,0,0,1
POL104764,Jane Smith,54,Female,FL,Life,3007.81,40,77,0,0,0,0
POL104765,Sarah Martinez,59,Male,CA,Home,945.9,16,86,0,0,0,1
POL104766,Michael Davis,34,Male,TX,Home,1868.48,30,104,1,0,0,0
POL104767,David Garcia,54,Female,FL,Life,1977.07,25,15,0,0,0,1
POL104768,Michael Brown,71,Male,IL,Life,609.89,29,77,0,0,0,0
POL104769,Robert Wilson,65,Female,PA,Auto,1087.24,52,1,0,0,0,1
POL104770,John Lopez,56,Female,PA,Home,2980.23,53,118,0,0,0,1
POL104771,Sarah Garcia,45,Male,NY,Home,2992.3,56,38,0,0,0,1
POL104772,Michael Garcia,58,Female,OH,Home,1377.25,28,107,0,0,0,0
POL104773,Jessica Rodriguez,52,Male,NC,Auto,3124.69,57,109,1,0,0,0
POL104774,Michael Rodriguez,64,Female,NC,Life,2815.35,88,53,0,0,0,0
POL104775,David Johnson,65,Female,TX,Auto,1753.72,78,52,0,1,5660.86,1
POL104776,John Miller,35,Male,OH,Auto,2745.22,20,1,0,1,17195.7,1
POL104777,Jessica Williams,31,Male,MI,Home,3384,88,11,1,0,0,1
POL104778,Jessica Garcia,52,Female,CA,Auto,1876.91,38,58,0,0,0,1
POL104779,Michael Smith,61,Male,GA,Life,1215.28,54,107,1,0,0,0
POL104780,Karen Rodriguez,58,Male,GA,Life,3325.45,77,40,0,0,0,0
POL104781,Robert Garcia,24,Female,OH,Home,2311.23,45,86,1,0,0,0
POL104782,William Wilson,58,Female,NC,Home,815.8,57,99,1,1,3460.9,1
POL104783,David Davis,30,Female,TX,Life,2218.05,96,60,1,1,18848.15,1
POL104784,David Martinez,35,Female,MI,Life,2001.74,24,115,1,0,0,1
POL104785,William Williams,54,Male,FL,Home,3066.77,53,44,1,0,0,0
POL104786,Joseph Martinez,30,Female,NC,Auto,2092.09,76,6,0,0,0,1
POL104787,Karen Davis,53,Female,IL,Home,1265.7,83,28,1,0,0,1
POL104788,Sarah Wilson,48,Female,IL,Life,2526.93,49,31,1,1,20651.11,0
POL104789,Jane Wilson,19,Female,NY,Home,2127.73,95,119,1,0,0,1
POL104790,Jessica Smith,33,Female,CA,Life,1199.13,23,8,1,0,0,1
POL104791,Michael Lopez,26,Male,FL,Home,2220.88,72,5,0,0,0,0
POL104792,Robert Johnson,26,Male,IL,Life,2964.61,90,106,1,0,0,1
POL104793,David Smith,55,Female,NC,Home,585.71,94,54,0,0,0,0
POL104794,James Martinez,28,Male,NY,Home,2392.55,60,112,0,1,21720.61,0
POL104795,Nancy Brown,71,Male,NC,Home,1548.76,88,108,0,0,0,0
POL104796,Jessica Garcia,73,Female,GA,Life,1378.01,67,17,1,0,0,1
POL104797,Jane Garcia,39,Female,FL,Home,1677.76,24,38,0,0,0,0
POL104798,John Martinez,50,Female,PA,Life,1526.07,74,9,1,0,0,0
POL104799,William Brown,53,Male,IL,Auto,2996.72,97,74,1,0,0,1
POL104800,Lisa Rodriguez,62,Female,FL,Life,1324.39,64,84,0,0,0,0
POL104801,Emily Jones,40,Female,GA,Home,2699.46,85,78,0,0,0,1
POL104802,Emily Smith,62,Male,NC,Life,782.18,19,14,0,0,0,0
POL104803,Jane Rodriguez,62,Male,NC,Auto,3354.19,51,26,1,0,0,0
POL104804,Nancy Davis,51,Female,TX,Auto,2366.95,20,93,1,0,0,0
POL104805,William Lopez,26,Male,OH,Home,2620.16,25,113,0,0,0,1
POL104806,Jane Rodriguez,41,Female,NY,Life,1394.12,82,62,0,1,17523.85,0
POL104807,James Brown,25,Female,FL,Auto,1736.29,87,91,1,0,0,1
POL104808,Jessica Garcia,24,Male,FL,Auto,1171.34,28,25,1,0,0,0
POL104809,Lisa Martinez,53,Male,PA,Life,3297.61,40,80,1,0,0,1
POL104810,Robert Smith,35,Male,MI,Auto,1964.31,82,36,1,0,0,0
POL104811,William Garcia,20,Female,CA,Life,2391.34,62,98,1,0,0,1
POL104812,James Williams,45,Male,NY,Home,2702.82,99,80,1,0,0,1
POL104813,Karen Miller,23,Female,CA,Auto,1613.32,17,33,0,1,7248.08,1
POL104814,Sarah Miller,61,Female,PA,Auto,2660.3,33,3,0,0,0,0
POL104815,Sarah Smith,61,Female,GA,Auto,2527.98,17,87,0,0,0,1
POL104816,David Garcia,38,Female,NY,Auto,2616.98,92,11,0,0,0,0
POL104817,Sarah Jones,45,Male,MI,Auto,1967.69,57,112,0,0,0,1
POL104818,Jessica Rodriguez,57,Female,NY,Auto,1648.81,39,58,1,0,0,1
POL104819,Jane Brown,71,Male,NC,Home,1166.25,67,64,0,0,0,1
POL104820,Karen Davis,71,Female,PA,Life,2973.88,95,18,0,0,0,0
POL104821,Karen Miller,18,Male,MI,Auto,2325.05,64,47,0,0,0,1
POL104822,Joseph Davis,53,Male,MI,Auto,1833.06,82,105,0,0,0,0
POL104823,David Williams,38,Female,CA,Home,3331.99,71,44,0,0,0,0
POL104824,Joseph Wilson,60,Female,IL,Auto,643.52,57,93,1,1,4280.41,0
POL104825,James Wilson,52,Female,IL,Life,3050.52,13,59,1,1,6887.04,0
POL104826,James Williams,30,Female,MI,Home,3492.75,46,50,0,0,0,1
POL104827,Nancy Martinez,74,Male,TX,Life,3160.83,17,69,0,0,0,0
POL104828,Lisa Johnson,66,Male,NY,Auto,2931.31,10,88,0,0,0,0
POL104829,Michael Brown,71,Female,GA,Auto,1622.92,79,29,1,1,2566.62,0
POL104830,David Davis,71,Female,IL,Home,1193.94,56,93,0,0,0,1
POL104831,Nancy Rodriguez,27,Male,MI,Life,2704.55,84,90,1,0,0,1
POL104832,Sarah Johnson,70,Female,TX,Home,1413.73,14,104,0,0,0,1
POL104833,Lisa Miller,61,Male,OH,Life,1028.12,59,67,1,0,0,1
POL104834,Jane Smith,64,Male,MI,Life,2859.58,33,2,0,1,4704.85,1
POL104835,James Lopez,70,Female,MI,Life,1437.63,56,25,0,0,0,1
POL104836,David Miller,27,Female,MI,Auto,3243.33,27,19,0,0,0,1
POL104837,Michael Rodriguez,63,Female,OH,Auto,3021.9,93,40,1,1,30002.12,1
POL104838,Jessica Wilson,30,Female,MI,Home,3042.92,37,2,1,0,0,0
POL104839,Lisa Williams,54,Female,MI,Life,2814.71,86,83,0,0,0,1
POL104840,Emily Williams,55,Male,OH,Home,3142.64,14,65,0,0,0,0
POL104841,Nancy Miller,41,Female,IL,Auto,2917.24,39,62,0,0,0,0
POL104842,David Rodriguez,19,Female,NC,Home,2307.53,10,91,1,0,0,1
POL104843,Jessica Smith,39,Female,MI,Life,1387.47,95,54,0,1,9542.07,1
POL104844,Nancy Jones,34,Female,MI,Life,3164.63,91,45,1,0,0,1
POL104845,Nancy Martinez,53,Female,GA,Life,3021.81,55,119,0,1,8573.99,1
POL104846,David Davis,31,Female,CA,Life,1918.64,78,116,0,0,0,1
POL104847,Robert Wilson,27,Male,NC,Home,617.24,40,49,1,0,0,0
POL104848,Jessica Brown,52,Male,IL,Life,2415.63,79,99,0,0,0,1
POL104849,John Smith,42,Male,TX,Life,651.79,65,105,1,0,0,1
POL104850,Michael Jones,20,Female,NC,Life,3278.84,98,69,0,0,0,1
POL104851,David Lopez,64,Female,PA,Auto,3384.89,37,38,0,0,0,0
POL104852,Nancy Lopez,55,Female,MI,Life,1068.47,25,4,0,0,0,0
POL104853,Jessica Johnson,34,Female,OH,Auto,2529.17,63,17,1,0,0,1
POL104854,William Lopez,29,Male,MI,Life,776.81,62,53,0,0,0,1
POL104855,David Miller,71,Male,FL,Life,2688.55,21,85,1,0,0,1
POL104856,Michael Davis,69,Male,TX,Auto,1541.86,29,53,0,0,0,1
POL104857,Karen Lopez,41,Female,PA,Auto,2543.15,91,112,0,0,0,1
POL104858,Emily Smith,46,Male,MI,Life,1618.63,43,31,1,0,0,0
POL104859,Jane Jones,60,Male,CA,Life,936.7,62,112,0,0,0,0
POL104860,Jessica Johnson,42,Male,IL,Auto,1718.33,73,22,1,1,11564.83,1
POL104861,Lisa Wilson,53,Female,NY,Auto,838.02,32,11,0,0,0,0
POL104862,Sarah Martinez,75,Male,NC,Auto,2230.65,36,34,0,0,0,0
POL104863,Jessica Martinez,43,Male,IL,Home,622.85,26,113,0,1,6202.53,0
POL104864,James Jones,55,Female,MI,Home,2081.96,57,15,1,0,0,0
POL104865,William Lopez,18,Male,MI,Home,3159.11,30,114,0,1,9511.77,1
POL104866,Jessica Wilson,37,Female,FL,Auto,3013.62,59,10,1,0,0,1
POL104867,Nancy Johnson,72,Female,TX,Life,3148.35,49,102,1,0,0,1
POL104868,Sarah Rodriguez,45,Female,FL,Life,3266.15,12,96,1,1,20069.13,0
POL104869,Karen Martinez,33,Male,CA,Life,813.58,26,53,1,0,0,1
POL104870,John Jones,64,Female,TX,Auto,886.24,70,48,0,0,0,1
POL104871,Michael Martinez,34,Male,FL,Life,2171.02,59,31,0,0,0,0
POL104872,John Williams,57,Male,IL,Auto,3181.92,99,37,1,0,0,1
POL104873,Sarah Davis,45,Male,TX,Auto,3423.05,96,108,1,1,8618.16,0
POL104874,Karen Williams,75,Male,OH,Auto,638.79,15,28,0,1,6030.82,0
POL104875,Sarah Williams,29,Female,OH,Home,1567.32,37,31,1,0,0,1
POL104876,John Jones,44,Female,MI,Auto,1138.68,81,70,1,0,0,1
POL104877,Sarah Miller,71,Male,NC,Life,2767.9,64,14,1,1,11016.02,1
POL104878,William Garcia,70,Male,NY,Auto,2420.58,67,87,1,0,0,1
POL104879,John Jones,59,Male,OH,Life,859.66,54,16,1,0,0,1
POL104880,David Rodriguez,64,Male,MI,Home,1950.57,81,25,0,0,0,0
POL104881,William Johnson,47,Female,NY,Auto,2556.32,28,39,1,1,22919.68,0
POL104882,Robert Brown,58,Male,NC,Life,2837.02,38,66,1,0,0,1
POL104883,Joseph Lopez,51,Male,GA,Home,560.16,32,38,1,0,0,1
POL104884,Michael Johnson,54,Male,TX,Auto,3171.41,41,41,1,0,0,0
POL104885,Lisa Williams,23,Female,OH,Auto,2207.84,19,103,0,1,8624.15,0
POL104886,Robert Garcia,24,Male,CA,Auto,2935.73,58,98,0,0,0,1
POL104887,Nancy Garcia,49,Female,GA,Home,2923.81,74,115,0,0,0,1
POL104888,Nancy Lopez,49,Male,OH,Life,1069.56,38,40,1,0,0,0
POL104889,Joseph Jones,70,Female,NY,Auto,830.52,68,107,0,0,0,0
POL104890,David Lopez,42,Male,GA,Home,2663.86,54,64,0,0,0,1
POL104891,Karen Wilson,50,Female,TX,Auto,969.28,76,89,0,1,8094.89,0
POL104892,Sarah Johnson,72,Female,FL,Home,3049.81,60,100,1,0,0,0
POL104893,Robert Martinez,75,Male,IL,Auto,2678.57,20,16,0,0,0,0
POL104894,Sarah Williams,24,Female,NC,Life,3025.48,95,82,1,0,0,0
POL104895,John Williams,69,Female,FL,Auto,1397.04,91,77,1,0,0,1
POL104896,Robert Jones,74,Female,NC,Life,1449.79,15,59,0,0,0,0
POL104897,Sarah Davis,29,Male,MI,Life,2513.66,76,101,0,0,0,1
POL104898,James Garcia,33,Male,FL,Auto,594.34,71,91,0,0,0,0
POL104899,Michael Johnson,33,Female,PA,Home,2679.49,14,98,0,0,0,0
POL104900,Emily Williams,60,Male,MI,Life,3007.35,18,11,0,0,0,0
POL104901,Robert Brown,70,Female,PA,Life,1745.49,37,1,1,0,0,0
POL104902,Nancy Brown,53,Male,FL,Auto,2794.64,92,13,1,0,0,0
POL104903,Joseph Rodriguez,30,Female,NC,Home,1023.83,86,30,0,0,0,1
POL104904,Lisa Wilson,24,Female,TX,Life,1466.78,47,69,0,0,0,1
POL104905,Nancy Rodriguez,53,Female,NC,Auto,3422.91,52,18,1,0,0,1
POL104906,Nancy Rodriguez,64,Female,NY,Life,3458.98,30,78,0,0,0,0
POL104907,Karen Rodriguez,68,Female,IL,Life,2037.82,71,13,0,0,0,0
POL104908,Karen Johnson,26,Male,NY,Life,3302.81,55,32,1,0,0,1
POL104909,James Davis,49,Female,PA,Auto,2068.19,79,71,0,0,0,1
POL104910,Jane Johnson,28,Female,OH,Auto,1374.76,47,72,1,0,0,1
POL104911,Nancy Williams,25,Male,CA,Home,1300.7,58,50,1,1,4265.96,1
POL104912,John Davis,50,Male,TX,Home,3288.52,84,71,1,0,0,0
POL104913,Sarah Jones,40,Male,MI,Life,1017.34,90,116,1,1,8115.75,1
POL104914,Karen Garcia,42,Male,MI,Life,2238.9,48,113,0,1,7021.28,0
POL104915,Michael Davis,73,Female,OH,Home,2166.58,80,80,1,0,0,0
POL104916,Lisa Rodriguez,25,Female,PA,Auto,2718.87,39,107,1,1,10185.46,0
POL104917,Joseph Garcia,62,Female,NY,Home,1997.73,30,31,1,0,0,1
POL104918,Michael Wilson,39,Male,NC,Home,1316.86,10,51,0,0,0,1
POL104919,David Smith,21,Female,TX,Auto,1008.19,98,27,1,0,0,1
POL104920,Karen Johnson,57,Male,OH,Auto,2362.46,41,60,0,0,0,1
POL104921,Emily Williams,20,Male,MI,Auto,2656.97,17,33,1,0,0,0
POL104922,Nancy Wilson,46,Male,PA,Life,2208.56,78,53,0,0,0,1
POL104923,Michael Wilson,58,Female,NC,Auto,2715.05,39,93,0,0,0,1
POL104924,Emily Jones,46,Male,TX,Life,924.56,17,72,0,0,0,0
POL104925,Michael Brown,51,Male,OH,Life,3147.41,28,33,1,0,0,1
POL104926,Michael Johnson,51,Male,IL,Home,2247.19,68,41,1,0,0,0
POL104927,James Wilson,45,Female,CA,Life,880.53,64,19,1,0,0,0
POL104928,Joseph Johnson,30,Female,NC,Auto,1885.78,39,85,0,0,0,0
POL104929,Jane Smith,32,Male,OH,Auto,3034.38,88,41,1,0,0,1
POL104930,Joseph Davis,40,Female,MI,Home,3192.69,45,85,0,0,0,1
POL104931,Joseph Miller,61,Female,OH,Home,1293.95,64,89,0,0,0,1
POL104932,John Brown,43,Male,PA,Life,2633.8,53,42,1,0,0,0
POL104933,Jane Smith,21,Female,OH,Auto,799.96,36,23,1,0,0,0
POL104934,Joseph Lopez,43,Male,CA,Life,600.64,86,75,1,0,0,0
POL104935,Robert Martinez,57,Female,FL,Home,2181.2,87,33,0,0,0,0
POL104936,John Davis,26,Female,NY,Life,2584.48,63,20,1,0,0,1
POL104937,Jane Jones,72,Female,NC,Auto,2887.36,57,25,1,1,24820.78,1
POL104938,John Johnson,22,Female,GA,Life,1520.65,39,90,0,1,10540.81,1
POL104939,David Lopez,73,Male,OH,Life,519.58,48,104,0,0,0,0
POL104940,John Johnson,49,Female,CA,Home,1938.56,22,52,1,0,0,0
POL104941,Joseph Johnson,37,Female,TX,Auto,547.56,25,12,1,1,2710.41,0
POL104942,Lisa Brown,67,Male,FL,Home,775.95,53,32,0,0,0,1
POL104943,Lisa Brown,28,Male,NC,Home,1480.07,80,33,1,0,0,1
POL104944,Michael Lopez,32,Female,PA,Auto,1811.52,36,74,0,0,0,1
POL104945,Sarah Smith,49,Male,MI,Auto,1338.41,54,68,0,0,0,1
POL104946,Jane Williams,45,Female,PA,Home,2245.6,44,15,1,0,0,1
POL104947,Nancy Wilson,39,Male,CA,Life,666.05,88,51,0,1,6499.27,0
POL104948,David Martinez,58,Female,IL,Home,933.74,37,6,1,0,0,1
POL104949,Sarah Garcia,34,Male,FL,Auto,2585.78,16,91,1,0,0,1
POL104950,Michael Rodriguez,43,Female,IL,Auto,926.42,71,69,1,1,5050.21,0
POL104951,Joseph Wilson,61,Male,OH,Auto,2419.33,60,69,1,0,0,1
POL104952,Lisa Brown,24,Male,NC,Auto,664.05,55,82,0,0,0,1
POL104953,Robert Martinez,59,Female,TX,Auto,1722.15,29,92,0,1,16778.84,0
POL104954,Jane Johnson,74,Male,FL,Life,1032.23,47,35,0,0,0,1
POL104955,Nancy Martinez,43,Female,MI,Life,828.91,70,86,0,1,2628.46,0
POL104956,Joseph Smith,42,Female,IL,Auto,2201.1,41,34,1,0,0,0
POL104957,Robert Brown,27,Male,NC,Auto,3285.01,35,63,0,1,30187.36,1
POL104958,Karen Brown,62,Female,IL,Auto,664.36,67,68,1,0,0,0
POL104959,David Williams,36,Female,NY,Life,1764.66,48,18,0,1,2854.32,0
POL104960,Joseph Rodriguez,28,Female,NY,Life,2622.61,29,105,0,0,0,1
POL104961,John Wilson,30,Male,TX,Auto,1888.06,91,115,0,0,0,0
POL104962,Jane Brown,70,Female,GA,Auto,2919.49,59,26,0,0,0,0
POL104963,Robert Wilson,25,Female,FL,Life,1038.94,88,106,1,0,0,0
POL104964,Jessica Garcia,57,Female,NY,Life,3378.78,61,86,1,0,0,0
POL104965,Karen Martinez,21,Male,NY,Life,1655.49,95,111,1,1,10156.56,0
POL104966,Michael Davis,64,Female,NC,Life,1524.71,31,97,0,0,0,1
POL104967,William Johnson,48,Female,OH,Auto,3123.82,62,61,1,0,0,0
POL104968,Michael Garcia,45,Female,MI,Home,2191.6,94,107,1,0,0,1
POL104969,James Miller,28,Female,OH,Auto,2049.33,75,78,1,0,0,0
POL104970,Emily Rodriguez,60,Female,OH,Home,2680.93,52,95,0,1,13661.87,0
POL104971,Emily Miller,18,Male,CA,Life,2239.5,91,74,1,0,0,1
POL104972,Jane Garcia,66,Male,NY,Life,987.55,32,115,0,0,0,0
POL104973,Jane Davis,64,Female,CA,Life,2522.59,86,88,1,0,0,0
POL104974,Jane Rodriguez,69,Female,OH,Auto,900.41,73,85,0,0,0,0
POL104975,Michael Davis,55,Male,NC,Life,2917.57,18,48,1,0,0,0
POL104976,Joseph Garcia,41,Male,FL,Home,3469.21,16,72,0,1,20687.76,0
POL104977,Karen Jones,71,Male,CA,Home,1632.16,50,96,1,0,0,0
POL104978,Robert Wilson,74,Female,CA,Life,1834.27,63,31,0,0,0,1
POL104979,John Johnson,64,Female,FL,Life,639.3,74,34,1,0,0,0
POL104980,Sarah Davis,48,Male,MI,Life,541.2,11,87,0,1,3357.76,0
POL104981,Jane Miller,58,Female,PA,Auto,3264.26,13,89,0,0,0,0
POL104982,David Davis,63,Female,NY,Home,885.87,87,7,0,0,0,0
POL104983,Lisa Wilson,67,Male,NY,Home,1837.34,41,83,0,0,0,0
POL104984,David Lopez,43,Female,CA,Home,2946.06,11,7,0,0,0,1
POL104985,Nancy Davis,66,Female,OH,Home,3167.96,73,47,0,0,0,1
POL104986,Emily Rodriguez,67,Male,NC,Auto,2058.19,23,8,1,1,9893.24,0
POL104987,James Jones,22,Male,NY,Life,2195.1,29,78,1,1,21917.37,1
POL104988,Nancy Miller,37,Female,MI,Auto,2509.05,98,1,1,0,0,1
POL104989,Emily Johnson,69,Female,IL,Home,3384.15,58,77,1,0,0,0
POL104990,Nancy Davis,58,Female,CA,Life,2308.01,17,3,1,0,0,1
POL104991,William Garcia,28,Male,IL,Life,2178.43,72,53,0,1,21349.29,1
POL104992,Michael Smith,73,Female,MI,Home,543.6,55,92,0,1,5259.24,0
POL104993,William Davis,71,Female,CA,Life,742.85,30,38,0,0,0,0
POL104994,William Johnson,50,Female,PA,Auto,2231.51,96,51,1,0,0,1
POL104995,James Davis,67,Female,NY,Auto,3308.72,41,15,1,1,32498.99,0
POL104996,Robert Lopez,55,Female,GA,Life,3100.07,17,100,0,0,0,1
POL104997,William Johnson,44,Male,OH,Life,3447.74,25,117,0,0,0,1
POL104998,Jane Williams,51,Female,TX,Life,2083.5,49,67,0,0,0,0
POL104999,James Miller,32,Male,NC,Auto,2863.79,36,64,0,0,0,1
